script_id,strategy,repetition,turn,question,target_fact_id,agent_response,ground_truth
medical_01,baseline,0,5,Where does the clinic store all patient consent forms?,F1,I don't know,"[""The clinic stores all patient consent forms in an encrypted SharePoint repository."", ""Encrypted SharePoint repository.""]"
medical_01,baseline,0,10,What does the cardiology department require before releasing imaging records?,F4,"Identity verification, patient authorization review, approval logging, and dual verification are required before releasing cardiology imaging records.","[""The cardiology department requires dual verification before releasing imaging records."", ""Dual verification is required before cardiology imaging records are released.""]"
medical_01,baseline,0,15,What export module did the clinic recently integrate?,F6,I don't know,"[""The clinic recently integrated a new Epic EHR export module."", ""A new Epic EHR export module was recently integrated.""]"
medical_01,baseline,0,20,What is the updated retention period for signed consent forms?,F8,I don't know,"[""The retention period for signed consent forms was updated from five years to seven years."", ""Seven years.""]"
medical_01,baseline,0,25,Who is temporarily covering patient-disclosure approvals this month?,F7,I don't know,"[""Dr. Malik is temporarily covering patient-disclosure approvals this month."", ""Dr. Malik.""]"
medical_01,baseline,1,5,Where does the clinic store all patient consent forms?,F1,I don't know,"[""The clinic stores all patient consent forms in an encrypted SharePoint repository."", ""Encrypted SharePoint repository.""]"
medical_01,baseline,1,10,What does the cardiology department require before releasing imaging records?,F4,"Identity verification, patient authorization review, approval logging, and dual verification before releasing cardiology imaging records.","[""The cardiology department requires dual verification before releasing imaging records."", ""Dual verification is required before cardiology imaging records are released.""]"
medical_01,baseline,1,15,What export module did the clinic recently integrate?,F6,I don't know,"[""The clinic recently integrated a new Epic EHR export module."", ""A new Epic EHR export module was recently integrated.""]"
medical_01,baseline,1,20,What is the updated retention period for signed consent forms?,F8,I don't know,"[""The retention period for signed consent forms was updated from five years to seven years."", ""Seven years.""]"
medical_01,baseline,1,25,Who is temporarily covering patient-disclosure approvals this month?,F7,I don't know,"[""Dr. Malik is temporarily covering patient-disclosure approvals this month."", ""Dr. Malik.""]"
medical_01,baseline,2,5,Where does the clinic store all patient consent forms?,F1,I don't know,"[""The clinic stores all patient consent forms in an encrypted SharePoint repository."", ""Encrypted SharePoint repository.""]"
medical_01,baseline,2,10,What does the cardiology department require before releasing imaging records?,F4,"Identity verification, patient authorization review, approval logging, and dual verification prior to release.","[""The cardiology department requires dual verification before releasing imaging records."", ""Dual verification is required before cardiology imaging records are released.""]"
medical_01,baseline,2,15,What export module did the clinic recently integrate?,F6,I don't know,"[""The clinic recently integrated a new Epic EHR export module."", ""A new Epic EHR export module was recently integrated.""]"
medical_01,baseline,2,20,What is the updated retention period for signed consent forms?,F8,I don't know,"[""The retention period for signed consent forms was updated from five years to seven years."", ""Seven years.""]"
medical_01,baseline,2,25,Who is temporarily covering patient-disclosure approvals this month?,F7,I don't know,"[""Dr. Malik is temporarily covering patient-disclosure approvals this month."", ""Dr. Malik.""]"
medical_01,baseline,3,5,Where does the clinic store all patient consent forms?,F1,I don't know,"[""The clinic stores all patient consent forms in an encrypted SharePoint repository."", ""Encrypted SharePoint repository.""]"
medical_01,baseline,3,10,What does the cardiology department require before releasing imaging records?,F4,"Identity verification, patient authorization review, approval logging, and dual verification prior to releasing cardiology imaging records.","[""The cardiology department requires dual verification before releasing imaging records."", ""Dual verification is required before cardiology imaging records are released.""]"
medical_01,baseline,3,15,What export module did the clinic recently integrate?,F6,I don't know,"[""The clinic recently integrated a new Epic EHR export module."", ""A new Epic EHR export module was recently integrated.""]"
medical_01,baseline,3,20,What is the updated retention period for signed consent forms?,F8,I don't know,"[""The retention period for signed consent forms was updated from five years to seven years."", ""Seven years.""]"
medical_01,baseline,3,25,Who is temporarily covering patient-disclosure approvals this month?,F7,I don't know,"[""Dr. Malik is temporarily covering patient-disclosure approvals this month."", ""Dr. Malik.""]"
medical_01,baseline,4,5,Where does the clinic store all patient consent forms?,F1,I don't know,"[""The clinic stores all patient consent forms in an encrypted SharePoint repository."", ""Encrypted SharePoint repository.""]"
medical_01,baseline,4,10,What does the cardiology department require before releasing imaging records?,F4,"Identity verification, patient authorization review, approval logging, and dual verification prior to releasing cardiology imaging records.","[""The cardiology department requires dual verification before releasing imaging records."", ""Dual verification is required before cardiology imaging records are released.""]"
medical_01,baseline,4,15,What export module did the clinic recently integrate?,F6,I don't know,"[""The clinic recently integrated a new Epic EHR export module."", ""A new Epic EHR export module was recently integrated.""]"
medical_01,baseline,4,20,What is the updated retention period for signed consent forms?,F8,I don't know,"[""The retention period for signed consent forms was updated from five years to seven years."", ""Seven years.""]"
medical_01,baseline,4,25,Who is temporarily covering patient-disclosure approvals this month?,F7,I don't know,"[""Dr. Malik is temporarily covering patient-disclosure approvals this month."", ""Dr. Malik.""]"
medical_01,rolling_summary,0,5,Where does the clinic store all patient consent forms?,F1,I don't know,"[""The clinic stores all patient consent forms in an encrypted SharePoint repository."", ""Encrypted SharePoint repository.""]"
medical_01,rolling_summary,0,10,What does the cardiology department require before releasing imaging records?,F4,"Identity verification, patient authorization review, approval logging, and dual verification are required before releasing cardiology imaging records.","[""The cardiology department requires dual verification before releasing imaging records."", ""Dual verification is required before cardiology imaging records are released.""]"
medical_01,rolling_summary,0,15,What export module did the clinic recently integrate?,F6,I don't know,"[""The clinic recently integrated a new Epic EHR export module."", ""A new Epic EHR export module was recently integrated.""]"
medical_01,rolling_summary,0,20,What is the updated retention period for signed consent forms?,F8,I don't know,"[""The retention period for signed consent forms was updated from five years to seven years."", ""Seven years.""]"
medical_01,rolling_summary,0,25,Who is temporarily covering patient-disclosure approvals this month?,F7,I don't know,"[""Dr. Malik is temporarily covering patient-disclosure approvals this month."", ""Dr. Malik.""]"
medical_01,rolling_summary,1,5,Where does the clinic store all patient consent forms?,F1,I don't know,"[""The clinic stores all patient consent forms in an encrypted SharePoint repository."", ""Encrypted SharePoint repository.""]"
medical_01,rolling_summary,1,10,What does the cardiology department require before releasing imaging records?,F4,"Identity verification, patient authorization review, approval logging, and dual verification are required before releasing cardiology imaging records.","[""The cardiology department requires dual verification before releasing imaging records."", ""Dual verification is required before cardiology imaging records are released.""]"
medical_01,rolling_summary,1,15,What export module did the clinic recently integrate?,F6,I don't know,"[""The clinic recently integrated a new Epic EHR export module."", ""A new Epic EHR export module was recently integrated.""]"
medical_01,rolling_summary,1,20,What is the updated retention period for signed consent forms?,F8,I don't know,"[""The retention period for signed consent forms was updated from five years to seven years."", ""Seven years.""]"
medical_01,rolling_summary,1,25,Who is temporarily covering patient-disclosure approvals this month?,F7,I don't know,"[""Dr. Malik is temporarily covering patient-disclosure approvals this month."", ""Dr. Malik.""]"
medical_01,rolling_summary,2,5,Where does the clinic store all patient consent forms?,F1,I don't know,"[""The clinic stores all patient consent forms in an encrypted SharePoint repository."", ""Encrypted SharePoint repository.""]"
medical_01,rolling_summary,2,10,What does the cardiology department require before releasing imaging records?,F4,"Identity verification, patient authorization review, approval logging, and dual verification prior to releasing cardiology imaging records.","[""The cardiology department requires dual verification before releasing imaging records."", ""Dual verification is required before cardiology imaging records are released.""]"
medical_01,rolling_summary,2,15,What export module did the clinic recently integrate?,F6,I don't know,"[""The clinic recently integrated a new Epic EHR export module."", ""A new Epic EHR export module was recently integrated.""]"
medical_01,rolling_summary,2,20,What is the updated retention period for signed consent forms?,F8,I don't know,"[""The retention period for signed consent forms was updated from five years to seven years."", ""Seven years.""]"
medical_01,rolling_summary,2,25,Who is temporarily covering patient-disclosure approvals this month?,F7,I don't know,"[""Dr. Malik is temporarily covering patient-disclosure approvals this month."", ""Dr. Malik.""]"
medical_01,rolling_summary,3,5,Where does the clinic store all patient consent forms?,F1,I don't know,"[""The clinic stores all patient consent forms in an encrypted SharePoint repository."", ""Encrypted SharePoint repository.""]"
medical_01,rolling_summary,3,10,What does the cardiology department require before releasing imaging records?,F4,"Identity verification, patient authorization review, approval logging, and dual verification before releasing cardiology imaging records.","[""The cardiology department requires dual verification before releasing imaging records."", ""Dual verification is required before cardiology imaging records are released.""]"
medical_01,rolling_summary,3,15,What export module did the clinic recently integrate?,F6,I don't know,"[""The clinic recently integrated a new Epic EHR export module."", ""A new Epic EHR export module was recently integrated.""]"
medical_01,rolling_summary,3,20,What is the updated retention period for signed consent forms?,F8,I don't know,"[""The retention period for signed consent forms was updated from five years to seven years."", ""Seven years.""]"
medical_01,rolling_summary,3,25,Who is temporarily covering patient-disclosure approvals this month?,F7,I don't know,"[""Dr. Malik is temporarily covering patient-disclosure approvals this month."", ""Dr. Malik.""]"
medical_01,rolling_summary,4,5,Where does the clinic store all patient consent forms?,F1,I don't know,"[""The clinic stores all patient consent forms in an encrypted SharePoint repository."", ""Encrypted SharePoint repository.""]"
medical_01,rolling_summary,4,10,What does the cardiology department require before releasing imaging records?,F4,"Identity verification, patient authorization review, approval logging, and dual verification before releasing cardiology imaging records.","[""The cardiology department requires dual verification before releasing imaging records."", ""Dual verification is required before cardiology imaging records are released.""]"
medical_01,rolling_summary,4,15,What export module did the clinic recently integrate?,F6,I don't know,"[""The clinic recently integrated a new Epic EHR export module."", ""A new Epic EHR export module was recently integrated.""]"
medical_01,rolling_summary,4,20,What is the updated retention period for signed consent forms?,F8,I don't know,"[""The retention period for signed consent forms was updated from five years to seven years."", ""Seven years.""]"
medical_01,rolling_summary,4,25,Who is temporarily covering patient-disclosure approvals this month?,F7,I don't know,"[""Dr. Malik is temporarily covering patient-disclosure approvals this month."", ""Dr. Malik.""]"
medical_01,hierarchical,0,5,Where does the clinic store all patient consent forms?,F1,I don't know,"[""The clinic stores all patient consent forms in an encrypted SharePoint repository."", ""Encrypted SharePoint repository.""]"
medical_01,hierarchical,0,10,What does the cardiology department require before releasing imaging records?,F4,"Identity verification, patient authorization review, approval logging, and dual verification before releasing cardiology imaging records.","[""The cardiology department requires dual verification before releasing imaging records."", ""Dual verification is required before cardiology imaging records are released.""]"
medical_01,hierarchical,0,15,What export module did the clinic recently integrate?,F6,I don't know,"[""The clinic recently integrated a new Epic EHR export module."", ""A new Epic EHR export module was recently integrated.""]"
medical_01,hierarchical,0,20,What is the updated retention period for signed consent forms?,F8,I don't know,"[""The retention period for signed consent forms was updated from five years to seven years."", ""Seven years.""]"
medical_01,hierarchical,0,25,Who is temporarily covering patient-disclosure approvals this month?,F7,I don't know,"[""Dr. Malik is temporarily covering patient-disclosure approvals this month."", ""Dr. Malik.""]"
medical_01,hierarchical,1,5,Where does the clinic store all patient consent forms?,F1,I don't know,"[""The clinic stores all patient consent forms in an encrypted SharePoint repository."", ""Encrypted SharePoint repository.""]"
medical_01,hierarchical,1,10,What does the cardiology department require before releasing imaging records?,F4,"Patient consent verification, approval logging, dual verification, identity check, and secure transmission for cardiology imaging records.","[""The cardiology department requires dual verification before releasing imaging records."", ""Dual verification is required before cardiology imaging records are released.""]"
medical_01,hierarchical,1,15,What export module did the clinic recently integrate?,F6,I don't know,"[""The clinic recently integrated a new Epic EHR export module."", ""A new Epic EHR export module was recently integrated.""]"
medical_01,hierarchical,1,20,What is the updated retention period for signed consent forms?,F8,I don't know,"[""The retention period for signed consent forms was updated from five years to seven years."", ""Seven years.""]"
medical_01,hierarchical,1,25,Who is temporarily covering patient-disclosure approvals this month?,F7,I don't know,"[""Dr. Malik is temporarily covering patient-disclosure approvals this month."", ""Dr. Malik.""]"
medical_01,hierarchical,2,5,Where does the clinic store all patient consent forms?,F1,I don't know,"[""The clinic stores all patient consent forms in an encrypted SharePoint repository."", ""Encrypted SharePoint repository.""]"
medical_01,hierarchical,2,10,What does the cardiology department require before releasing imaging records?,F4,"Identity verification, patient authorization review, approval logging, and dual verification are required before releasing cardiology imaging records.","[""The cardiology department requires dual verification before releasing imaging records."", ""Dual verification is required before cardiology imaging records are released.""]"
medical_01,hierarchical,2,15,What export module did the clinic recently integrate?,F6,I don't know,"[""The clinic recently integrated a new Epic EHR export module."", ""A new Epic EHR export module was recently integrated.""]"
medical_01,hierarchical,2,20,What is the updated retention period for signed consent forms?,F8,I don't know,"[""The retention period for signed consent forms was updated from five years to seven years."", ""Seven years.""]"
medical_01,hierarchical,2,25,Who is temporarily covering patient-disclosure approvals this month?,F7,I don't know,"[""Dr. Malik is temporarily covering patient-disclosure approvals this month."", ""Dr. Malik.""]"
medical_01,hierarchical,3,5,Where does the clinic store all patient consent forms?,F1,I don't know,"[""The clinic stores all patient consent forms in an encrypted SharePoint repository."", ""Encrypted SharePoint repository.""]"
medical_01,hierarchical,3,10,What does the cardiology department require before releasing imaging records?,F4,"Identity verification, patient authorization review, approval logging, and dual verification before releasing imaging records.","[""The cardiology department requires dual verification before releasing imaging records."", ""Dual verification is required before cardiology imaging records are released.""]"
medical_01,hierarchical,3,15,What export module did the clinic recently integrate?,F6,I don't know,"[""The clinic recently integrated a new Epic EHR export module."", ""A new Epic EHR export module was recently integrated.""]"
medical_01,hierarchical,3,20,What is the updated retention period for signed consent forms?,F8,I don't know,"[""The retention period for signed consent forms was updated from five years to seven years."", ""Seven years.""]"
medical_01,hierarchical,3,25,Who is temporarily covering patient-disclosure approvals this month?,F7,I don't know,"[""Dr. Malik is temporarily covering patient-disclosure approvals this month."", ""Dr. Malik.""]"
medical_01,hierarchical,4,5,Where does the clinic store all patient consent forms?,F1,I don't know,"[""The clinic stores all patient consent forms in an encrypted SharePoint repository."", ""Encrypted SharePoint repository.""]"
medical_01,hierarchical,4,10,What does the cardiology department require before releasing imaging records?,F4,"Patient authorization, identity verification, approval logging, and dual verification are required before releasing cardiology imaging records.","[""The cardiology department requires dual verification before releasing imaging records."", ""Dual verification is required before cardiology imaging records are released.""]"
medical_01,hierarchical,4,15,What export module did the clinic recently integrate?,F6,I don't know,"[""The clinic recently integrated a new Epic EHR export module."", ""A new Epic EHR export module was recently integrated.""]"
medical_01,hierarchical,4,20,What is the updated retention period for signed consent forms?,F8,I don't know,"[""The retention period for signed consent forms was updated from five years to seven years."", ""Seven years.""]"
medical_01,hierarchical,4,25,Who is temporarily covering patient-disclosure approvals this month?,F7,I don't know,"[""Dr. Malik is temporarily covering patient-disclosure approvals this month."", ""Dr. Malik.""]"
medical_01,rag,0,5,Where does the clinic store all patient consent forms?,F1,I don't know,"[""The clinic stores all patient consent forms in an encrypted SharePoint repository."", ""Encrypted SharePoint repository.""]"
medical_01,rag,0,10,What does the cardiology department require before releasing imaging records?,F4,"Identity verification, patient authorization review, approval logging, and dual verification before releasing cardiology imaging records.","[""The cardiology department requires dual verification before releasing imaging records."", ""Dual verification is required before cardiology imaging records are released.""]"
medical_01,rag,0,15,What export module did the clinic recently integrate?,F6,I don't know,"[""The clinic recently integrated a new Epic EHR export module."", ""A new Epic EHR export module was recently integrated.""]"
medical_01,rag,0,20,What is the updated retention period for signed consent forms?,F8,I don't know,"[""The retention period for signed consent forms was updated from five years to seven years."", ""Seven years.""]"
medical_01,rag,0,25,Who is temporarily covering patient-disclosure approvals this month?,F7,I don't know,"[""Dr. Malik is temporarily covering patient-disclosure approvals this month."", ""Dr. Malik.""]"
medical_01,rag,1,5,Where does the clinic store all patient consent forms?,F1,I don't know,"[""The clinic stores all patient consent forms in an encrypted SharePoint repository."", ""Encrypted SharePoint repository.""]"
medical_01,rag,1,10,What does the cardiology department require before releasing imaging records?,F4,"Identity verification, patient authorization review, approval logging, and dual verification prior to releasing cardiology imaging records.","[""The cardiology department requires dual verification before releasing imaging records."", ""Dual verification is required before cardiology imaging records are released.""]"
medical_01,rag,1,15,What export module did the clinic recently integrate?,F6,I don't know,"[""The clinic recently integrated a new Epic EHR export module."", ""A new Epic EHR export module was recently integrated.""]"
medical_01,rag,1,20,What is the updated retention period for signed consent forms?,F8,I don't know,"[""The retention period for signed consent forms was updated from five years to seven years."", ""Seven years.""]"
medical_01,rag,1,25,Who is temporarily covering patient-disclosure approvals this month?,F7,I don't know who is temporarily covering patient-disclosure approvals this month.,"[""Dr. Malik is temporarily covering patient-disclosure approvals this month."", ""Dr. Malik.""]"
medical_01,rag,2,5,Where does the clinic store all patient consent forms?,F1,I don't know,"[""The clinic stores all patient consent forms in an encrypted SharePoint repository."", ""Encrypted SharePoint repository.""]"
medical_01,rag,2,10,What does the cardiology department require before releasing imaging records?,F4,"Identity verification, patient authorization review, approval logging, and dual verification prior to releasing imaging records.","[""The cardiology department requires dual verification before releasing imaging records."", ""Dual verification is required before cardiology imaging records are released.""]"
medical_01,rag,2,15,What export module did the clinic recently integrate?,F6,I don't know,"[""The clinic recently integrated a new Epic EHR export module."", ""A new Epic EHR export module was recently integrated.""]"
medical_01,rag,2,20,What is the updated retention period for signed consent forms?,F8,I don't know,"[""The retention period for signed consent forms was updated from five years to seven years."", ""Seven years.""]"
medical_01,rag,2,25,Who is temporarily covering patient-disclosure approvals this month?,F7,I don't know,"[""Dr. Malik is temporarily covering patient-disclosure approvals this month."", ""Dr. Malik.""]"
medical_01,rag,3,5,Where does the clinic store all patient consent forms?,F1,I don't know,"[""The clinic stores all patient consent forms in an encrypted SharePoint repository."", ""Encrypted SharePoint repository.""]"
medical_01,rag,3,10,What does the cardiology department require before releasing imaging records?,F4,"Identity verification, patient authorization review, approval logging, and dual verification prior to releasing cardiology imaging records.","[""The cardiology department requires dual verification before releasing imaging records."", ""Dual verification is required before cardiology imaging records are released.""]"
medical_01,rag,3,15,What export module did the clinic recently integrate?,F6,I don't know,"[""The clinic recently integrated a new Epic EHR export module."", ""A new Epic EHR export module was recently integrated.""]"
medical_01,rag,3,20,What is the updated retention period for signed consent forms?,F8,I don't know,"[""The retention period for signed consent forms was updated from five years to seven years."", ""Seven years.""]"
medical_01,rag,3,25,Who is temporarily covering patient-disclosure approvals this month?,F7,I don't know,"[""Dr. Malik is temporarily covering patient-disclosure approvals this month."", ""Dr. Malik.""]"
medical_01,rag,4,5,Where does the clinic store all patient consent forms?,F1,I don't know,"[""The clinic stores all patient consent forms in an encrypted SharePoint repository."", ""Encrypted SharePoint repository.""]"
medical_01,rag,4,10,What does the cardiology department require before releasing imaging records?,F4,"Identity verification, patient authorization review, approval logging, and dual verification prior to releasing cardiology imaging records.","[""The cardiology department requires dual verification before releasing imaging records."", ""Dual verification is required before cardiology imaging records are released.""]"
medical_01,rag,4,15,What export module did the clinic recently integrate?,F6,I don't know,"[""The clinic recently integrated a new Epic EHR export module."", ""A new Epic EHR export module was recently integrated.""]"
medical_01,rag,4,20,What is the updated retention period for signed consent forms?,F8,I don't know,"[""The retention period for signed consent forms was updated from five years to seven years."", ""Seven years.""]"
medical_01,rag,4,25,Who is temporarily covering patient-disclosure approvals this month?,F7,I don't know,"[""Dr. Malik is temporarily covering patient-disclosure approvals this month."", ""Dr. Malik.""]"
medical_02,baseline,0,5,Where are all patient access logs archived?,F1,I don't know,"[""All patient access logs are archived in a secure AWS environment with quarterly backups."", ""A secure AWS environment with quarterly backups.""]"
medical_02,baseline,0,10,Whose approval is required before behavioral health records are released?,F2,I don't know,"[""Behavioral health records require approval from both the privacy office and the treating psychiatrist before release."", ""Approval from the privacy office and the treating psychiatrist.""]"
medical_02,baseline,0,15,What is required to share telehealth recordings externally?,F4,"Patient identity verification, consent confirmation, secure transmission, and documentation.","[""Telehealth recordings cannot be shared externally without written patient consent."", ""Written patient consent is required.""]"
medical_02,baseline,0,20,Who is coordinating release-of-information requests during the director's leave?,F7,I don't know,"[""Nurse Patel is coordinating release-of-information requests during the director's leave."", ""Nurse Patel.""]"
medical_02,baseline,0,25,What is the breach-notification review window now set to?,F8,I don't know,"[""The legal department changed the breach-notification review window from 72 hours to 48 hours."", ""48 hours.""]"
medical_02,baseline,1,5,Where are all patient access logs archived?,F1,I don't know,"[""All patient access logs are archived in a secure AWS environment with quarterly backups."", ""A secure AWS environment with quarterly backups.""]"
medical_02,baseline,1,10,Whose approval is required before behavioral health records are released?,F2,Explicit consent is required before behavioral health records are released.,"[""Behavioral health records require approval from both the privacy office and the treating psychiatrist before release."", ""Approval from the privacy office and the treating psychiatrist.""]"
medical_02,baseline,1,15,What is required to share telehealth recordings externally?,F4,"Explicit patient consent, secure transmission, and adherence to confidentiality policies are required to share telehealth recordings externally.","[""Telehealth recordings cannot be shared externally without written patient consent."", ""Written patient consent is required.""]"
medical_02,baseline,1,20,Who is coordinating release-of-information requests during the director's leave?,F7,I don't know,"[""Nurse Patel is coordinating release-of-information requests during the director's leave."", ""Nurse Patel.""]"
medical_02,baseline,1,25,What is the breach-notification review window now set to?,F8,The breach-notification review window was not specified in the conversation history.,"[""The legal department changed the breach-notification review window from 72 hours to 48 hours."", ""48 hours.""]"
medical_02,baseline,2,5,Where are all patient access logs archived?,F1,I don't know,"[""All patient access logs are archived in a secure AWS environment with quarterly backups."", ""A secure AWS environment with quarterly backups.""]"
medical_02,baseline,2,10,Whose approval is required before behavioral health records are released?,F2,Documented patient consent is required before behavioral health records are released.,"[""Behavioral health records require approval from both the privacy office and the treating psychiatrist before release."", ""Approval from the privacy office and the treating psychiatrist.""]"
medical_02,baseline,2,15,What is required to share telehealth recordings externally?,F4,"Verified patient identity, documented consent, secure transmission, and audit logging are required to share telehealth recordings externally.","[""Telehealth recordings cannot be shared externally without written patient consent."", ""Written patient consent is required.""]"
medical_02,baseline,2,20,Who is coordinating release-of-information requests during the director's leave?,F7,I don't know,"[""Nurse Patel is coordinating release-of-information requests during the director's leave."", ""Nurse Patel.""]"
medical_02,baseline,2,25,What is the breach-notification review window now set to?,F8,The breach-notification review window is revised but the exact timeframe is not specified in the conversation history.,"[""The legal department changed the breach-notification review window from 72 hours to 48 hours."", ""48 hours.""]"
medical_02,baseline,3,5,Where are all patient access logs archived?,F1,I don't know,"[""All patient access logs are archived in a secure AWS environment with quarterly backups."", ""A secure AWS environment with quarterly backups.""]"
medical_02,baseline,3,10,Whose approval is required before behavioral health records are released?,F2,I don't know,"[""Behavioral health records require approval from both the privacy office and the treating psychiatrist before release."", ""Approval from the privacy office and the treating psychiatrist.""]"
medical_02,baseline,3,15,What is required to share telehealth recordings externally?,F4,"Verification, consent, secure transmission, and documented approvals are required to share telehealth recordings externally.","[""Telehealth recordings cannot be shared externally without written patient consent."", ""Written patient consent is required.""]"
medical_02,baseline,3,20,Who is coordinating release-of-information requests during the director's leave?,F7,I don't know,"[""Nurse Patel is coordinating release-of-information requests during the director's leave."", ""Nurse Patel.""]"
medical_02,baseline,3,25,What is the breach-notification review window now set to?,F8,I don't know,"[""The legal department changed the breach-notification review window from 72 hours to 48 hours."", ""48 hours.""]"
medical_02,baseline,4,5,Where are all patient access logs archived?,F1,I don't know,"[""All patient access logs are archived in a secure AWS environment with quarterly backups."", ""A secure AWS environment with quarterly backups.""]"
medical_02,baseline,4,10,Whose approval is required before behavioral health records are released?,F2,I don't know,"[""Behavioral health records require approval from both the privacy office and the treating psychiatrist before release."", ""Approval from the privacy office and the treating psychiatrist.""]"
medical_02,baseline,4,15,What is required to share telehealth recordings externally?,F4,"Verify patient identity, confirm consent, document approvals, and ensure secure transmission of telehealth recordings.","[""Telehealth recordings cannot be shared externally without written patient consent."", ""Written patient consent is required.""]"
medical_02,baseline,4,20,Who is coordinating release-of-information requests during the director's leave?,F7,I don't know,"[""Nurse Patel is coordinating release-of-information requests during the director's leave."", ""Nurse Patel.""]"
medical_02,baseline,4,25,What is the breach-notification review window now set to?,F8,I don't know,"[""The legal department changed the breach-notification review window from 72 hours to 48 hours."", ""48 hours.""]"
medical_02,rolling_summary,0,5,Where are all patient access logs archived?,F1,I don't know,"[""All patient access logs are archived in a secure AWS environment with quarterly backups."", ""A secure AWS environment with quarterly backups.""]"
medical_02,rolling_summary,0,10,Whose approval is required before behavioral health records are released?,F2,Patient consent approval is required before releasing behavioral health records.,"[""Behavioral health records require approval from both the privacy office and the treating psychiatrist before release."", ""Approval from the privacy office and the treating psychiatrist.""]"
medical_02,rolling_summary,0,15,What is required to share telehealth recordings externally?,F4,"Verify patient identity, confirm consent, document approvals, and ensure secure transmission of telehealth recordings.","[""Telehealth recordings cannot be shared externally without written patient consent."", ""Written patient consent is required.""]"
medical_02,rolling_summary,0,20,Who is coordinating release-of-information requests during the director's leave?,F7,I don't know,"[""Nurse Patel is coordinating release-of-information requests during the director's leave."", ""Nurse Patel.""]"
medical_02,rolling_summary,0,25,What is the breach-notification review window now set to?,F8,I don't know,"[""The legal department changed the breach-notification review window from 72 hours to 48 hours."", ""48 hours.""]"
medical_02,rolling_summary,1,5,Where are all patient access logs archived?,F1,I don't know,"[""All patient access logs are archived in a secure AWS environment with quarterly backups."", ""A secure AWS environment with quarterly backups.""]"
medical_02,rolling_summary,1,10,Whose approval is required before behavioral health records are released?,F2,Behavioral health records release requires strict consent verification and authorization workflow approvals.,"[""Behavioral health records require approval from both the privacy office and the treating psychiatrist before release."", ""Approval from the privacy office and the treating psychiatrist.""]"
medical_02,rolling_summary,1,15,What is required to share telehealth recordings externally?,F4,"Identity verification, consent confirmation, approval documentation, secure transmission, and audit logging are required.","[""Telehealth recordings cannot be shared externally without written patient consent."", ""Written patient consent is required.""]"
medical_02,rolling_summary,1,20,Who is coordinating release-of-information requests during the director's leave?,F7,Release-of-information coordinators are handling requests during the director's leave.,"[""Nurse Patel is coordinating release-of-information requests during the director's leave."", ""Nurse Patel.""]"
medical_02,rolling_summary,1,25,What is the breach-notification review window now set to?,F8,I don't know,"[""The legal department changed the breach-notification review window from 72 hours to 48 hours."", ""48 hours.""]"
medical_02,rolling_summary,2,5,Where are all patient access logs archived?,F1,I don't know,"[""All patient access logs are archived in a secure AWS environment with quarterly backups."", ""A secure AWS environment with quarterly backups.""]"
medical_02,rolling_summary,2,10,Whose approval is required before behavioral health records are released?,F2,Strict consent verification and adherence to privacy regulations are required before behavioral health records release.,"[""Behavioral health records require approval from both the privacy office and the treating psychiatrist before release."", ""Approval from the privacy office and the treating psychiatrist.""]"
medical_02,rolling_summary,2,15,What is required to share telehealth recordings externally?,F4,"Verify patient identity, confirm consent, document approvals, ensure secure transmission of telehealth recordings.","[""Telehealth recordings cannot be shared externally without written patient consent."", ""Written patient consent is required.""]"
medical_02,rolling_summary,2,20,Who is coordinating release-of-information requests during the director's leave?,F7,I don't know,"[""Nurse Patel is coordinating release-of-information requests during the director's leave."", ""Nurse Patel.""]"
medical_02,rolling_summary,2,25,What is the breach-notification review window now set to?,F8,I don't know,"[""The legal department changed the breach-notification review window from 72 hours to 48 hours."", ""48 hours.""]"
medical_02,rolling_summary,3,5,Where are all patient access logs archived?,F1,I don't know,"[""All patient access logs are archived in a secure AWS environment with quarterly backups."", ""A secure AWS environment with quarterly backups.""]"
medical_02,rolling_summary,3,10,Whose approval is required before behavioral health records are released?,F2,Strict consent verification and documented authorization according to patient-access policies are required before behavioral health records release.,"[""Behavioral health records require approval from both the privacy office and the treating psychiatrist before release."", ""Approval from the privacy office and the treating psychiatrist.""]"
medical_02,rolling_summary,3,15,What is required to share telehealth recordings externally?,F4,"Verify patient identity, confirm consent, document approvals, and ensure secure transmission of telehealth recordings.","[""Telehealth recordings cannot be shared externally without written patient consent."", ""Written patient consent is required.""]"
medical_02,rolling_summary,3,20,Who is coordinating release-of-information requests during the director's leave?,F7,I don't know,"[""Nurse Patel is coordinating release-of-information requests during the director's leave."", ""Nurse Patel.""]"
medical_02,rolling_summary,3,25,What is the breach-notification review window now set to?,F8,I don't know,"[""The legal department changed the breach-notification review window from 72 hours to 48 hours."", ""48 hours.""]"
medical_02,rolling_summary,4,5,Where are all patient access logs archived?,F1,I don't know,"[""All patient access logs are archived in a secure AWS environment with quarterly backups."", ""A secure AWS environment with quarterly backups.""]"
medical_02,rolling_summary,4,10,Whose approval is required before behavioral health records are released?,F2,Strict consent documentation and patient authorization approval are required before releasing behavioral health records.,"[""Behavioral health records require approval from both the privacy office and the treating psychiatrist before release."", ""Approval from the privacy office and the treating psychiatrist.""]"
medical_02,rolling_summary,4,15,What is required to share telehealth recordings externally?,F4,"Verify patient identity, confirm consent, document approvals, and securely transmit recordings per compliance guidelines.","[""Telehealth recordings cannot be shared externally without written patient consent."", ""Written patient consent is required.""]"
medical_02,rolling_summary,4,20,Who is coordinating release-of-information requests during the director's leave?,F7,I don't know,"[""Nurse Patel is coordinating release-of-information requests during the director's leave."", ""Nurse Patel.""]"
medical_02,rolling_summary,4,25,What is the breach-notification review window now set to?,F8,I don't know,"[""The legal department changed the breach-notification review window from 72 hours to 48 hours."", ""48 hours.""]"
medical_02,hierarchical,0,5,Where are all patient access logs archived?,F1,I don't know,"[""All patient access logs are archived in a secure AWS environment with quarterly backups."", ""A secure AWS environment with quarterly backups.""]"
medical_02,hierarchical,0,10,Whose approval is required before behavioral health records are released?,F2,Behavioral health records require strict adherence to HIPAA and specific consent verification protocols before release.,"[""Behavioral health records require approval from both the privacy office and the treating psychiatrist before release."", ""Approval from the privacy office and the treating psychiatrist.""]"
medical_02,hierarchical,0,15,What is required to share telehealth recordings externally?,F4,"Patient identity verification, consent confirmation, secure transmission, audit logging, and documentation of approvals.","[""Telehealth recordings cannot be shared externally without written patient consent."", ""Written patient consent is required.""]"
medical_02,hierarchical,0,20,Who is coordinating release-of-information requests during the director's leave?,F7,I don't know,"[""Nurse Patel is coordinating release-of-information requests during the director's leave."", ""Nurse Patel.""]"
medical_02,hierarchical,0,25,What is the breach-notification review window now set to?,F8,I don't know,"[""The legal department changed the breach-notification review window from 72 hours to 48 hours."", ""48 hours.""]"
medical_02,hierarchical,1,5,Where are all patient access logs archived?,F1,I don't know,"[""All patient access logs are archived in a secure AWS environment with quarterly backups."", ""A secure AWS environment with quarterly backups.""]"
medical_02,hierarchical,1,10,Whose approval is required before behavioral health records are released?,F2,The patient's consent and verification of authorization are required before releasing behavioral health records.,"[""Behavioral health records require approval from both the privacy office and the treating psychiatrist before release."", ""Approval from the privacy office and the treating psychiatrist.""]"
medical_02,hierarchical,1,15,What is required to share telehealth recordings externally?,F4,"Consent verification, secure transmission, audit logging, and adherence to breach-response timelines are required.","[""Telehealth recordings cannot be shared externally without written patient consent."", ""Written patient consent is required.""]"
medical_02,hierarchical,1,20,Who is coordinating release-of-information requests during the director's leave?,F7,I don't know,"[""Nurse Patel is coordinating release-of-information requests during the director's leave."", ""Nurse Patel.""]"
medical_02,hierarchical,1,25,What is the breach-notification review window now set to?,F8,I don't know,"[""The legal department changed the breach-notification review window from 72 hours to 48 hours."", ""48 hours.""]"
medical_02,hierarchical,2,5,Where are all patient access logs archived?,F1,All patient access logs are properly stored and secure with reliable audit trails tracking access details.,"[""All patient access logs are archived in a secure AWS environment with quarterly backups."", ""A secure AWS environment with quarterly backups.""]"
medical_02,hierarchical,2,10,Whose approval is required before behavioral health records are released?,F2,Authorized personnel approval and patient consent are required before releasing behavioral health records.,"[""Behavioral health records require approval from both the privacy office and the treating psychiatrist before release."", ""Approval from the privacy office and the treating psychiatrist.""]"
medical_02,hierarchical,2,15,What is required to share telehealth recordings externally?,F4,"Verified patient consent, documented approvals, secure transmission, and standardized, secure, documented workflows.","[""Telehealth recordings cannot be shared externally without written patient consent."", ""Written patient consent is required.""]"
medical_02,hierarchical,2,20,Who is coordinating release-of-information requests during the director's leave?,F7,I don't know,"[""Nurse Patel is coordinating release-of-information requests during the director's leave."", ""Nurse Patel.""]"
medical_02,hierarchical,2,25,What is the breach-notification review window now set to?,F8,I don't know,"[""The legal department changed the breach-notification review window from 72 hours to 48 hours."", ""48 hours.""]"
medical_02,hierarchical,3,5,Where are all patient access logs archived?,F1,I don't know,"[""All patient access logs are archived in a secure AWS environment with quarterly backups."", ""A secure AWS environment with quarterly backups.""]"
medical_02,hierarchical,3,10,Whose approval is required before behavioral health records are released?,F2,Strict patient consent and verification aligned with healthcare regulations are required before releasing behavioral health records.,"[""Behavioral health records require approval from both the privacy office and the treating psychiatrist before release."", ""Approval from the privacy office and the treating psychiatrist.""]"
medical_02,hierarchical,3,15,What is required to share telehealth recordings externally?,F4,"Verify patient identity, confirm consent, document approvals, ensure secure transmission, and maintain audit logs.","[""Telehealth recordings cannot be shared externally without written patient consent."", ""Written patient consent is required.""]"
medical_02,hierarchical,3,20,Who is coordinating release-of-information requests during the director's leave?,F7,I don't know,"[""Nurse Patel is coordinating release-of-information requests during the director's leave."", ""Nurse Patel.""]"
medical_02,hierarchical,3,25,What is the breach-notification review window now set to?,F8,I don't know,"[""The legal department changed the breach-notification review window from 72 hours to 48 hours."", ""48 hours.""]"
medical_02,hierarchical,4,5,Where are all patient access logs archived?,F1,I don't know,"[""All patient access logs are archived in a secure AWS environment with quarterly backups."", ""A secure AWS environment with quarterly backups.""]"
medical_02,hierarchical,4,10,Whose approval is required before behavioral health records are released?,F2,Patient consent and strict disclosure approvals following privacy regulations are required before releasing behavioral health records.,"[""Behavioral health records require approval from both the privacy office and the treating psychiatrist before release."", ""Approval from the privacy office and the treating psychiatrist.""]"
medical_02,hierarchical,4,15,What is required to share telehealth recordings externally?,F4,"Patient identity verification, consent authorization, documented approvals, secure transmission, and audit logging are required.","[""Telehealth recordings cannot be shared externally without written patient consent."", ""Written patient consent is required.""]"
medical_02,hierarchical,4,20,Who is coordinating release-of-information requests during the director's leave?,F7,I don't know,"[""Nurse Patel is coordinating release-of-information requests during the director's leave."", ""Nurse Patel.""]"
medical_02,hierarchical,4,25,What is the breach-notification review window now set to?,F8,I don't know,"[""The legal department changed the breach-notification review window from 72 hours to 48 hours."", ""48 hours.""]"
medical_02,rag,0,5,Where are all patient access logs archived?,F1,I don't know,"[""All patient access logs are archived in a secure AWS environment with quarterly backups."", ""A secure AWS environment with quarterly backups.""]"
medical_02,rag,0,10,Whose approval is required before behavioral health records are released?,F2,Patient authorization and documented consent are required before releasing behavioral health records.,"[""Behavioral health records require approval from both the privacy office and the treating psychiatrist before release."", ""Approval from the privacy office and the treating psychiatrist.""]"
medical_02,rag,0,15,What is required to share telehealth recordings externally?,F4,"Patient authorization, consent, privacy office approval, and psychiatrist approval are required to share telehealth recordings externally.","[""Telehealth recordings cannot be shared externally without written patient consent."", ""Written patient consent is required.""]"
medical_02,rag,0,20,Who is coordinating release-of-information requests during the director's leave?,F7,I don't know,"[""Nurse Patel is coordinating release-of-information requests during the director's leave."", ""Nurse Patel.""]"
medical_02,rag,0,25,What is the breach-notification review window now set to?,F8,I don't know,"[""The legal department changed the breach-notification review window from 72 hours to 48 hours."", ""48 hours.""]"
medical_02,rag,1,5,Where are all patient access logs archived?,F1,I don't know,"[""All patient access logs are archived in a secure AWS environment with quarterly backups."", ""A secure AWS environment with quarterly backups.""]"
medical_02,rag,1,10,Whose approval is required before behavioral health records are released?,F2,Specific consent and compliance approvals are required before releasing behavioral health records.,"[""Behavioral health records require approval from both the privacy office and the treating psychiatrist before release."", ""Approval from the privacy office and the treating psychiatrist.""]"
medical_02,rag,1,15,What is required to share telehealth recordings externally?,F4,Approval from the privacy office and treating psychiatrist is required before releasing telehealth consultation recordings externally.,"[""Telehealth recordings cannot be shared externally without written patient consent."", ""Written patient consent is required.""]"
medical_02,rag,1,20,Who is coordinating release-of-information requests during the director's leave?,F7,I don't know,"[""Nurse Patel is coordinating release-of-information requests during the director's leave."", ""Nurse Patel.""]"
medical_02,rag,1,25,What is the breach-notification review window now set to?,F8,I don't know,"[""The legal department changed the breach-notification review window from 72 hours to 48 hours."", ""48 hours.""]"
medical_02,rag,2,5,Where are all patient access logs archived?,F1,I don't know,"[""All patient access logs are archived in a secure AWS environment with quarterly backups."", ""A secure AWS environment with quarterly backups.""]"
medical_02,rag,2,10,Whose approval is required before behavioral health records are released?,F2,Explicit patient consent is required before behavioral health records are released.,"[""Behavioral health records require approval from both the privacy office and the treating psychiatrist before release."", ""Approval from the privacy office and the treating psychiatrist.""]"
medical_02,rag,2,15,What is required to share telehealth recordings externally?,F4,Explicit patient consent and approval from privacy and psychiatry departments are required to share telehealth recordings externally.,"[""Telehealth recordings cannot be shared externally without written patient consent."", ""Written patient consent is required.""]"
medical_02,rag,2,20,Who is coordinating release-of-information requests during the director's leave?,F7,I don't know,"[""Nurse Patel is coordinating release-of-information requests during the director's leave."", ""Nurse Patel.""]"
medical_02,rag,2,25,What is the breach-notification review window now set to?,F8,I don't know,"[""The legal department changed the breach-notification review window from 72 hours to 48 hours."", ""48 hours.""]"
medical_02,rag,3,5,Where are all patient access logs archived?,F1,In the electronic health record (EHR) systems with audit logging enabled.,"[""All patient access logs are archived in a secure AWS environment with quarterly backups."", ""A secure AWS environment with quarterly backups.""]"
medical_02,rag,3,10,Whose approval is required before behavioral health records are released?,F2,Explicit patient consent is required before releasing behavioral health records.,"[""Behavioral health records require approval from both the privacy office and the treating psychiatrist before release."", ""Approval from the privacy office and the treating psychiatrist.""]"
medical_02,rag,3,15,What is required to share telehealth recordings externally?,F4,"Explicit patient consent, privacy office approval, and treating psychiatrist approval are required for external sharing.","[""Telehealth recordings cannot be shared externally without written patient consent."", ""Written patient consent is required.""]"
medical_02,rag,3,20,Who is coordinating release-of-information requests during the director's leave?,F7,I don't know,"[""Nurse Patel is coordinating release-of-information requests during the director's leave."", ""Nurse Patel.""]"
medical_02,rag,3,25,What is the breach-notification review window now set to?,F8,I don't know,"[""The legal department changed the breach-notification review window from 72 hours to 48 hours."", ""48 hours.""]"
medical_02,rag,4,5,Where are all patient access logs archived?,F1,I don't know,"[""All patient access logs are archived in a secure AWS environment with quarterly backups."", ""A secure AWS environment with quarterly backups.""]"
medical_02,rag,4,10,Whose approval is required before behavioral health records are released?,F2,Behavioral health records require additional consent and stricter approval workflows before release.,"[""Behavioral health records require approval from both the privacy office and the treating psychiatrist before release."", ""Approval from the privacy office and the treating psychiatrist.""]"
medical_02,rag,4,15,What is required to share telehealth recordings externally?,F4,Approval from the privacy office and treating psychiatrist is required before externally sharing telehealth consultation recordings.,"[""Telehealth recordings cannot be shared externally without written patient consent."", ""Written patient consent is required.""]"
medical_02,rag,4,20,Who is coordinating release-of-information requests during the director's leave?,F7,I don't know,"[""Nurse Patel is coordinating release-of-information requests during the director's leave."", ""Nurse Patel.""]"
medical_02,rag,4,25,What is the breach-notification review window now set to?,F8,I don't know,"[""The legal department changed the breach-notification review window from 72 hours to 48 hours."", ""48 hours.""]"
medical_03,baseline,0,5,At which hospital did the patient arrive?,F1,A regional hospital.,"[""Lakeview Regional Hospital"", ""The patient arrived at Lakeview Regional Hospital."", ""The patient arrived at Lakeview Regional Hospital on March 12, 2024.""]"
medical_03,baseline,0,10,Who is the defense expert neurologist?,F5,I don't know,"[""Dr. Helen Morris"", ""The defense expert is neurologist Dr. Helen Morris.""]"
medical_03,baseline,0,15,How should the emergency department timeline be presented?,F6,"Presented chronologically: triage, neurological exams, CT imaging orders, radiology interpretation, physician escalation, transfer decisions.","[""Chronologically"", ""The emergency department timeline should always be presented chronologically.""]"
medical_03,baseline,0,20,What must not be mentioned in any draft?,F4,Internal audit findings must not be mentioned; only the external audit confirmation should be referenced.,"[""Settlement amounts"", ""Do not mention settlement amounts in any draft.""]"
medical_03,baseline,0,25,When did the patient arrive at Lakeview Regional Hospital?,F1,The exact arrival time is not specified in the conversation history.,"[""March 2024"", ""March 12, 2024"", ""The patient arrived at Lakeview Regional Hospital on March 12, 2024.""]"
medical_03,baseline,1,5,At which hospital did the patient arrive?,F1,A regional hospital.,"[""Lakeview Regional Hospital"", ""The patient arrived at Lakeview Regional Hospital."", ""The patient arrived at Lakeview Regional Hospital on March 12, 2024.""]"
medical_03,baseline,1,10,Who is the defense expert neurologist?,F5,I don't know,"[""Dr. Helen Morris"", ""The defense expert is neurologist Dr. Helen Morris.""]"
medical_03,baseline,1,15,How should the emergency department timeline be presented?,F6,"Chronologically, from triage through neurological assessment, imaging, radiology interpretation, physician escalation, and transfer decisions.","[""Chronologically"", ""The emergency department timeline should always be presented chronologically.""]"
medical_03,baseline,1,20,What must not be mentioned in any draft?,F4,Exact patient identity or confidential personal health information.,"[""Settlement amounts"", ""Do not mention settlement amounts in any draft.""]"
medical_03,baseline,1,25,When did the patient arrive at Lakeview Regional Hospital?,F1,The exact arrival time is not specified in the conversation history.,"[""March 2024"", ""March 12, 2024"", ""The patient arrived at Lakeview Regional Hospital on March 12, 2024.""]"
medical_03,baseline,2,5,At which hospital did the patient arrive?,F1,At a regional hospital.,"[""Lakeview Regional Hospital"", ""The patient arrived at Lakeview Regional Hospital."", ""The patient arrived at Lakeview Regional Hospital on March 12, 2024.""]"
medical_03,baseline,2,10,Who is the defense expert neurologist?,F5,I don't know,"[""Dr. Helen Morris"", ""The defense expert is neurologist Dr. Helen Morris.""]"
medical_03,baseline,2,15,How should the emergency department timeline be presented?,F6,"The timeline should detail triage, neurological exams, imaging requests, radiology interpretation, physician escalation, and transfer decisions.","[""Chronologically"", ""The emergency department timeline should always be presented chronologically.""]"
medical_03,baseline,2,20,What must not be mentioned in any draft?,F4,Do not mention the defense expert neurologist's identity if unknown or unconfirmed.,"[""Settlement amounts"", ""Do not mention settlement amounts in any draft.""]"
medical_03,baseline,2,25,When did the patient arrive at Lakeview Regional Hospital?,F1,I don't know,"[""March 2024"", ""March 12, 2024"", ""The patient arrived at Lakeview Regional Hospital on March 12, 2024.""]"
medical_03,baseline,3,5,At which hospital did the patient arrive?,F1,A regional hospital.,"[""Lakeview Regional Hospital"", ""The patient arrived at Lakeview Regional Hospital."", ""The patient arrived at Lakeview Regional Hospital on March 12, 2024.""]"
medical_03,baseline,3,10,Who is the defense expert neurologist?,F5,I don't know,"[""Dr. Helen Morris"", ""The defense expert is neurologist Dr. Helen Morris.""]"
medical_03,baseline,3,15,How should the emergency department timeline be presented?,F6,"The timeline should show triage, neuro assessments, CT orders, radiology interpretation, physician escalation, and transfer decisions.","[""Chronologically"", ""The emergency department timeline should always be presented chronologically.""]"
medical_03,baseline,3,20,What must not be mentioned in any draft?,F4,"Internal audit findings must not be mentioned, only external audit confirmation is included.","[""Settlement amounts"", ""Do not mention settlement amounts in any draft.""]"
medical_03,baseline,3,25,When did the patient arrive at Lakeview Regional Hospital?,F1,"The patient arrived at Lakeview Regional Hospital during the initial intake, timing unspecified in the conversation.","[""March 2024"", ""March 12, 2024"", ""The patient arrived at Lakeview Regional Hospital on March 12, 2024.""]"
medical_03,baseline,4,5,At which hospital did the patient arrive?,F1,A regional hospital.,"[""Lakeview Regional Hospital"", ""The patient arrived at Lakeview Regional Hospital."", ""The patient arrived at Lakeview Regional Hospital on March 12, 2024.""]"
medical_03,baseline,4,10,Who is the defense expert neurologist?,F5,I don't know,"[""Dr. Helen Morris"", ""The defense expert is neurologist Dr. Helen Morris.""]"
medical_03,baseline,4,15,How should the emergency department timeline be presented?,F6,"Chronologically from triage, neurological observations, CT imaging requests, radiology interpretation, physician escalation, to transfer decisions.","[""Chronologically"", ""The emergency department timeline should always be presented chronologically.""]"
medical_03,baseline,4,20,What must not be mentioned in any draft?,F4,Specific names of legal counsel or private patient details must not be mentioned.,"[""Settlement amounts"", ""Do not mention settlement amounts in any draft.""]"
medical_03,baseline,4,25,When did the patient arrive at Lakeview Regional Hospital?,F1,The exact arrival time is not specified in the conversation history.,"[""March 2024"", ""March 12, 2024"", ""The patient arrived at Lakeview Regional Hospital on March 12, 2024.""]"
medical_03,rolling_summary,0,5,At which hospital did the patient arrive?,F1,A regional hospital.,"[""Lakeview Regional Hospital"", ""The patient arrived at Lakeview Regional Hospital."", ""The patient arrived at Lakeview Regional Hospital on March 12, 2024.""]"
medical_03,rolling_summary,0,10,Who is the defense expert neurologist?,F5,I don't know,"[""Dr. Helen Morris"", ""The defense expert is neurologist Dr. Helen Morris.""]"
medical_03,rolling_summary,0,15,How should the emergency department timeline be presented?,F6,"Present chronologically: triage, neurological observations, CT requests, radiology interpretation, physician escalation, transfer decisions.","[""Chronologically"", ""The emergency department timeline should always be presented chronologically.""]"
medical_03,rolling_summary,0,20,What must not be mentioned in any draft?,F4,Do not mention amended nursing notes clarifying weakness onset before transfer.,"[""Settlement amounts"", ""Do not mention settlement amounts in any draft.""]"
medical_03,rolling_summary,0,25,When did the patient arrive at Lakeview Regional Hospital?,F1,I don't know,"[""March 2024"", ""March 12, 2024"", ""The patient arrived at Lakeview Regional Hospital on March 12, 2024.""]"
medical_03,rolling_summary,1,5,At which hospital did the patient arrive?,F1,A regional hospital.,"[""Lakeview Regional Hospital"", ""The patient arrived at Lakeview Regional Hospital."", ""The patient arrived at Lakeview Regional Hospital on March 12, 2024.""]"
medical_03,rolling_summary,1,10,Who is the defense expert neurologist?,F5,I don't know,"[""Dr. Helen Morris"", ""The defense expert is neurologist Dr. Helen Morris.""]"
medical_03,rolling_summary,1,15,How should the emergency department timeline be presented?,F6,"Present the timeline detailing symptom onset, recognition delays, imaging timing, and thrombolytic administration relative to protocols.","[""Chronologically"", ""The emergency department timeline should always be presented chronologically.""]"
medical_03,rolling_summary,1,20,What must not be mentioned in any draft?,F4,No specific information was provided about what must not be mentioned in any draft.,"[""Settlement amounts"", ""Do not mention settlement amounts in any draft.""]"
medical_03,rolling_summary,1,25,When did the patient arrive at Lakeview Regional Hospital?,F1,I don't know,"[""March 2024"", ""March 12, 2024"", ""The patient arrived at Lakeview Regional Hospital on March 12, 2024.""]"
medical_03,rolling_summary,2,5,At which hospital did the patient arrive?,F1,A regional hospital.,"[""Lakeview Regional Hospital"", ""The patient arrived at Lakeview Regional Hospital."", ""The patient arrived at Lakeview Regional Hospital on March 12, 2024.""]"
medical_03,rolling_summary,2,10,Who is the defense expert neurologist?,F5,I don't know,"[""Dr. Helen Morris"", ""The defense expert is neurologist Dr. Helen Morris.""]"
medical_03,rolling_summary,2,15,How should the emergency department timeline be presented?,F6,"Present the timeline highlighting delays in assessments, imaging, result interpretation, treatment initiation, and symptom escalation.","[""Chronologically"", ""The emergency department timeline should always be presented chronologically.""]"
medical_03,rolling_summary,2,20,What must not be mentioned in any draft?,F4,The defense expert Dr. Helen Morris must not be mentioned in any draft.,"[""Settlement amounts"", ""Do not mention settlement amounts in any draft.""]"
medical_03,rolling_summary,2,25,When did the patient arrive at Lakeview Regional Hospital?,F1,I don't know,"[""March 2024"", ""March 12, 2024"", ""The patient arrived at Lakeview Regional Hospital on March 12, 2024.""]"
medical_03,rolling_summary,3,5,At which hospital did the patient arrive?,F1,A regional hospital.,"[""Lakeview Regional Hospital"", ""The patient arrived at Lakeview Regional Hospital."", ""The patient arrived at Lakeview Regional Hospital on March 12, 2024.""]"
medical_03,rolling_summary,3,10,Who is the defense expert neurologist?,F5,I don't know,"[""Dr. Helen Morris"", ""The defense expert is neurologist Dr. Helen Morris.""]"
medical_03,rolling_summary,3,15,How should the emergency department timeline be presented?,F6,"Present the timeline showing delays in triage, assessment, imaging, and treatment versus accepted emergency stroke protocols.","[""Chronologically"", ""The emergency department timeline should always be presented chronologically.""]"
medical_03,rolling_summary,3,20,What must not be mentioned in any draft?,F4,Defense arguments about ambiguous symptoms and providers acting reasonably must not be mentioned in any draft.,"[""Settlement amounts"", ""Do not mention settlement amounts in any draft.""]"
medical_03,rolling_summary,3,25,When did the patient arrive at Lakeview Regional Hospital?,F1,I don't know,"[""March 2024"", ""March 12, 2024"", ""The patient arrived at Lakeview Regional Hospital on March 12, 2024.""]"
medical_03,rolling_summary,4,5,At which hospital did the patient arrive?,F1,A regional hospital.,"[""Lakeview Regional Hospital"", ""The patient arrived at Lakeview Regional Hospital."", ""The patient arrived at Lakeview Regional Hospital on March 12, 2024.""]"
medical_03,rolling_summary,4,10,Who is the defense expert neurologist?,F5,I don't know,"[""Dr. Helen Morris"", ""The defense expert is neurologist Dr. Helen Morris.""]"
medical_03,rolling_summary,4,15,How should the emergency department timeline be presented?,F6,"Present the timeline chronologically, comparing care steps against established stroke management guidelines and protocol breaches.","[""Chronologically"", ""The emergency department timeline should always be presented chronologically.""]"
medical_03,rolling_summary,4,20,What must not be mentioned in any draft?,F4,No specific mention of what must not be included is stated in the conversation history.,"[""Settlement amounts"", ""Do not mention settlement amounts in any draft.""]"
medical_03,rolling_summary,4,25,When did the patient arrive at Lakeview Regional Hospital?,F1,I don't know,"[""March 2024"", ""March 12, 2024"", ""The patient arrived at Lakeview Regional Hospital on March 12, 2024.""]"
medical_03,hierarchical,0,5,At which hospital did the patient arrive?,F1,A regional hospital.,"[""Lakeview Regional Hospital"", ""The patient arrived at Lakeview Regional Hospital."", ""The patient arrived at Lakeview Regional Hospital on March 12, 2024.""]"
medical_03,hierarchical,0,10,Who is the defense expert neurologist?,F5,I don't know,"[""Dr. Helen Morris"", ""The defense expert is neurologist Dr. Helen Morris.""]"
medical_03,hierarchical,0,15,How should the emergency department timeline be presented?,F6,"Present a detailed, chronological timeline from symptom onset to treatment, highlighting delays and deviations from standard care.","[""Chronologically"", ""The emergency department timeline should always be presented chronologically.""]"
medical_03,hierarchical,0,20,What must not be mentioned in any draft?,F4,Do not mention the identity of the defense expert neurologist.,"[""Settlement amounts"", ""Do not mention settlement amounts in any draft.""]"
medical_03,hierarchical,0,25,When did the patient arrive at Lakeview Regional Hospital?,F1,The exact arrival time is not specified; only that the patient arrived at Lakeview Regional Hospital.,"[""March 2024"", ""March 12, 2024"", ""The patient arrived at Lakeview Regional Hospital on March 12, 2024.""]"
medical_03,hierarchical,1,5,At which hospital did the patient arrive?,F1,A regional hospital.,"[""Lakeview Regional Hospital"", ""The patient arrived at Lakeview Regional Hospital."", ""The patient arrived at Lakeview Regional Hospital on March 12, 2024.""]"
medical_03,hierarchical,1,10,Who is the defense expert neurologist?,F5,I don't know,"[""Dr. Helen Morris"", ""The defense expert is neurologist Dr. Helen Morris.""]"
medical_03,hierarchical,1,15,How should the emergency department timeline be presented?,F6,"Present timeline from symptom onset to treatment, detailing arrival, diagnosis, imaging, escalation, and treatment times.","[""Chronologically"", ""The emergency department timeline should always be presented chronologically.""]"
medical_03,hierarchical,1,20,What must not be mentioned in any draft?,F4,Defense expert neurologist's identity must not be mentioned in any draft.,"[""Settlement amounts"", ""Do not mention settlement amounts in any draft.""]"
medical_03,hierarchical,1,25,When did the patient arrive at Lakeview Regional Hospital?,F1,I don't know,"[""March 2024"", ""March 12, 2024"", ""The patient arrived at Lakeview Regional Hospital on March 12, 2024.""]"
medical_03,hierarchical,2,5,At which hospital did the patient arrive?,F1,Regional hospital,"[""Lakeview Regional Hospital"", ""The patient arrived at Lakeview Regional Hospital."", ""The patient arrived at Lakeview Regional Hospital on March 12, 2024.""]"
medical_03,hierarchical,2,10,Who is the defense expert neurologist?,F5,I don't know,"[""Dr. Helen Morris"", ""The defense expert is neurologist Dr. Helen Morris.""]"
medical_03,hierarchical,2,15,How should the emergency department timeline be presented?,F6,"Present ED timeline chronologically: symptoms onset, arrival, triage, neuro assessments, imaging requests, interpretations, escalation, treatment decisions.","[""Chronologically"", ""The emergency department timeline should always be presented chronologically.""]"
medical_03,hierarchical,2,20,What must not be mentioned in any draft?,F4,Defense expert neurologist identity must not be mentioned as it was previously unknown.,"[""Settlement amounts"", ""Do not mention settlement amounts in any draft.""]"
medical_03,hierarchical,2,25,When did the patient arrive at Lakeview Regional Hospital?,F1,The patient arrived at Lakeview Regional Hospital during the initial emergency department admission; exact time not specified.,"[""March 2024"", ""March 12, 2024"", ""The patient arrived at Lakeview Regional Hospital on March 12, 2024.""]"
medical_03,hierarchical,3,5,At which hospital did the patient arrive?,F1,A regional hospital.,"[""Lakeview Regional Hospital"", ""The patient arrived at Lakeview Regional Hospital."", ""The patient arrived at Lakeview Regional Hospital on March 12, 2024.""]"
medical_03,hierarchical,3,10,Who is the defense expert neurologist?,F5,I don't know,"[""Dr. Helen Morris"", ""The defense expert is neurologist Dr. Helen Morris.""]"
medical_03,hierarchical,3,15,How should the emergency department timeline be presented?,F6,"Chronologically, emphasizing triage, neurological observations, imaging requests and interpretation, physician escalation, and transfer decisions.","[""Chronologically"", ""The emergency department timeline should always be presented chronologically.""]"
medical_03,hierarchical,3,20,What must not be mentioned in any draft?,F4,The identity of the defense expert neurologist must not be mentioned in any draft.,"[""Settlement amounts"", ""Do not mention settlement amounts in any draft.""]"
medical_03,hierarchical,3,25,When did the patient arrive at Lakeview Regional Hospital?,F1,The exact arrival time is not provided; only that the patient arrived at Lakeview Regional Hospital.,"[""March 2024"", ""March 12, 2024"", ""The patient arrived at Lakeview Regional Hospital on March 12, 2024.""]"
medical_03,hierarchical,4,5,At which hospital did the patient arrive?,F1,A regional hospital.,"[""Lakeview Regional Hospital"", ""The patient arrived at Lakeview Regional Hospital."", ""The patient arrived at Lakeview Regional Hospital on March 12, 2024.""]"
medical_03,hierarchical,4,10,Who is the defense expert neurologist?,F5,I don't know,"[""Dr. Helen Morris"", ""The defense expert is neurologist Dr. Helen Morris.""]"
medical_03,hierarchical,4,15,How should the emergency department timeline be presented?,F6,"Present the timeline detailing symptom onset, hospital arrival, diagnostic steps, treatment decisions, and intervention timing.","[""Chronologically"", ""The emergency department timeline should always be presented chronologically.""]"
medical_03,hierarchical,4,20,What must not be mentioned in any draft?,F4,The hospital at which the patient arrived must not be mentioned in any draft.,"[""Settlement amounts"", ""Do not mention settlement amounts in any draft.""]"
medical_03,hierarchical,4,25,When did the patient arrive at Lakeview Regional Hospital?,F1,The exact patient arrival time at Lakeview Regional Hospital is not mentioned in the conversation history.,"[""March 2024"", ""March 12, 2024"", ""The patient arrived at Lakeview Regional Hospital on March 12, 2024.""]"
medical_03,rag,0,5,At which hospital did the patient arrive?,F1,At a regional hospital.,"[""Lakeview Regional Hospital"", ""The patient arrived at Lakeview Regional Hospital."", ""The patient arrived at Lakeview Regional Hospital on March 12, 2024.""]"
medical_03,rag,0,10,Who is the defense expert neurologist?,F5,I don't know,"[""Dr. Helen Morris"", ""The defense expert is neurologist Dr. Helen Morris.""]"
medical_03,rag,0,15,How should the emergency department timeline be presented?,F6,"Present the timeline chronologically, detailing symptom onset, hospital arrival, treatment steps, delays, and CT interpretation errors.","[""Chronologically"", ""The emergency department timeline should always be presented chronologically.""]"
medical_03,rag,0,20,What must not be mentioned in any draft?,F4,Do not mention unclear or subtle initial symptoms suggesting ambiguity about stroke indicators.,"[""Settlement amounts"", ""Do not mention settlement amounts in any draft.""]"
medical_03,rag,0,25,When did the patient arrive at Lakeview Regional Hospital?,F1,The exact arrival time at Lakeview Regional Hospital is not specified in the conversation history.,"[""March 2024"", ""March 12, 2024"", ""The patient arrived at Lakeview Regional Hospital on March 12, 2024.""]"
medical_03,rag,1,5,At which hospital did the patient arrive?,F1,At a regional hospital.,"[""Lakeview Regional Hospital"", ""The patient arrived at Lakeview Regional Hospital."", ""The patient arrived at Lakeview Regional Hospital on March 12, 2024.""]"
medical_03,rag,1,10,Who is the defense expert neurologist?,F5,I don't know,"[""Dr. Helen Morris"", ""The defense expert is neurologist Dr. Helen Morris.""]"
medical_03,rag,1,15,How should the emergency department timeline be presented?,F6,"Chronologically from symptom onset, hospital arrival, diagnostic steps, treatment start, to any delays documented.","[""Chronologically"", ""The emergency department timeline should always be presented chronologically.""]"
medical_03,rag,1,20,What must not be mentioned in any draft?,F4,Do not mention that early symptoms were subtle or non-specific as a justification in the draft.,"[""Settlement amounts"", ""Do not mention settlement amounts in any draft.""]"
medical_03,rag,1,25,When did the patient arrive at Lakeview Regional Hospital?,F1,The exact arrival time is not specified in the conversation history.,"[""March 2024"", ""March 12, 2024"", ""The patient arrived at Lakeview Regional Hospital on March 12, 2024.""]"
medical_03,rag,2,5,At which hospital did the patient arrive?,F1,A regional hospital.,"[""Lakeview Regional Hospital"", ""The patient arrived at Lakeview Regional Hospital."", ""The patient arrived at Lakeview Regional Hospital on March 12, 2024.""]"
medical_03,rag,2,10,Who is the defense expert neurologist?,F5,I don't know,"[""Dr. Helen Morris"", ""The defense expert is neurologist Dr. Helen Morris.""]"
medical_03,rag,2,15,How should the emergency department timeline be presented?,F6,"Chronologically, from symptom onset to hospital arrival, interventions, delays, staff actions, and CT scan interpretation.","[""Chronologically"", ""The emergency department timeline should always be presented chronologically.""]"
medical_03,rag,2,20,What must not be mentioned in any draft?,F4,Do not mention the amended nursing notes clarification explicitly in any draft.,"[""Settlement amounts"", ""Do not mention settlement amounts in any draft.""]"
medical_03,rag,2,25,When did the patient arrive at Lakeview Regional Hospital?,F1,The exact arrival time is not specified in the conversation history.,"[""March 2024"", ""March 12, 2024"", ""The patient arrived at Lakeview Regional Hospital on March 12, 2024.""]"
medical_03,rag,3,5,At which hospital did the patient arrive?,F1,A regional hospital.,"[""Lakeview Regional Hospital"", ""The patient arrived at Lakeview Regional Hospital."", ""The patient arrived at Lakeview Regional Hospital on March 12, 2024.""]"
medical_03,rag,3,10,Who is the defense expert neurologist?,F5,I don't know,"[""Dr. Helen Morris"", ""The defense expert is neurologist Dr. Helen Morris.""]"
medical_03,rag,3,15,How should the emergency department timeline be presented?,F6,"Present a detailed chronological timeline from symptom onset through treatment and discharge, highlighting any delays.","[""Chronologically"", ""The emergency department timeline should always be presented chronologically.""]"
medical_03,rag,3,20,What must not be mentioned in any draft?,F4,No specific prohibition mentioned on what must not be included in any draft in conversation history.,"[""Settlement amounts"", ""Do not mention settlement amounts in any draft.""]"
medical_03,rag,3,25,When did the patient arrive at Lakeview Regional Hospital?,F1,The exact arrival time at Lakeview Regional Hospital is not provided in the conversation history.,"[""March 2024"", ""March 12, 2024"", ""The patient arrived at Lakeview Regional Hospital on March 12, 2024.""]"
medical_03,rag,4,5,At which hospital did the patient arrive?,F1,A regional hospital.,"[""Lakeview Regional Hospital"", ""The patient arrived at Lakeview Regional Hospital."", ""The patient arrived at Lakeview Regional Hospital on March 12, 2024.""]"
medical_03,rag,4,10,Who is the defense expert neurologist?,F5,I don't know,"[""Dr. Helen Morris"", ""The defense expert is neurologist Dr. Helen Morris.""]"
medical_03,rag,4,15,How should the emergency department timeline be presented?,F6,"Present the timeline chronologically: triage, neurological observations, CT order, radiology interpretation, physician escalation, transfer decisions.","[""Chronologically"", ""The emergency department timeline should always be presented chronologically.""]"
medical_03,rag,4,20,What must not be mentioned in any draft?,F4,No mention of initial symptoms as definitively stroke without considering ambiguity in early presentation.,"[""Settlement amounts"", ""Do not mention settlement amounts in any draft.""]"
medical_03,rag,4,25,When did the patient arrive at Lakeview Regional Hospital?,F1,I don't know,"[""March 2024"", ""March 12, 2024"", ""The patient arrived at Lakeview Regional Hospital on March 12, 2024.""]"
medical_04,baseline,0,5,At which medical center did the surgery occur?,F1,I don't know,"[""Northbridge Medical Center"", ""The surgery occurred at Northbridge Medical Center.""]"
medical_04,baseline,0,10,Who is the primary expert witness?,F5,I don't know,"[""Dr. Samuel Reed"", ""Cardiothoracic surgeon Dr. Samuel Reed"", ""Cardiothoracic surgeon Dr. Samuel Reed is the primary expert witness.""]"
medical_04,baseline,0,15,What time format must be used for all procedural events?,F6,I don't know,"[""24-hour time format"", ""All procedural events must be referenced using 24-hour time format.""]"
medical_04,baseline,0,20,What must be avoided regarding physician motives?,F4,Physician motives must be avoided in evaluating postoperative care and decision-making standards.,"[""Avoid speculative language about physician motives"", ""Do not speculate about physician motives""]"
medical_04,baseline,0,25,What does the plaintiff claim was not addressed promptly?,F2,Abnormal drainage measurements documented hours before surgical reassessment were not addressed promptly.,"[""Postoperative bleeding"", ""The plaintiff claims postoperative bleeding was not addressed promptly.""]"
medical_04,baseline,1,5,At which medical center did the surgery occur?,F1,I don't know,"[""Northbridge Medical Center"", ""The surgery occurred at Northbridge Medical Center.""]"
medical_04,baseline,1,10,Who is the primary expert witness?,F5,I don't know,"[""Dr. Samuel Reed"", ""Cardiothoracic surgeon Dr. Samuel Reed"", ""Cardiothoracic surgeon Dr. Samuel Reed is the primary expert witness.""]"
medical_04,baseline,1,15,What time format must be used for all procedural events?,F6,I don't know,"[""24-hour time format"", ""All procedural events must be referenced using 24-hour time format.""]"
medical_04,baseline,1,20,What must be avoided regarding physician motives?,F4,Physician motives must be avoided in assessing standard of care and surgical decision-making quality.,"[""Avoid speculative language about physician motives"", ""Do not speculate about physician motives""]"
medical_04,baseline,1,25,What does the plaintiff claim was not addressed promptly?,F2,"The plaintiff claims abnormal drainage was documented hours before surgical reassessment, indicating delayed intervention.","[""Postoperative bleeding"", ""The plaintiff claims postoperative bleeding was not addressed promptly.""]"
medical_04,baseline,2,5,At which medical center did the surgery occur?,F1,I don't know,"[""Northbridge Medical Center"", ""The surgery occurred at Northbridge Medical Center.""]"
medical_04,baseline,2,10,Who is the primary expert witness?,F5,I don't know,"[""Dr. Samuel Reed"", ""Cardiothoracic surgeon Dr. Samuel Reed"", ""Cardiothoracic surgeon Dr. Samuel Reed is the primary expert witness.""]"
medical_04,baseline,2,15,What time format must be used for all procedural events?,F6,I don't know,"[""24-hour time format"", ""All procedural events must be referenced using 24-hour time format.""]"
medical_04,baseline,2,20,What must be avoided regarding physician motives?,F4,Physician motives must be avoided in assessing the standard of care and clinical decisions.,"[""Avoid speculative language about physician motives"", ""Do not speculate about physician motives""]"
medical_04,baseline,2,25,What does the plaintiff claim was not addressed promptly?,F2,Abnormal drainage documented hours before surgical reassessment was not addressed promptly.,"[""Postoperative bleeding"", ""The plaintiff claims postoperative bleeding was not addressed promptly.""]"
medical_04,baseline,3,5,At which medical center did the surgery occur?,F1,I don't know,"[""Northbridge Medical Center"", ""The surgery occurred at Northbridge Medical Center.""]"
medical_04,baseline,3,10,Who is the primary expert witness?,F5,I don't know,"[""Dr. Samuel Reed"", ""Cardiothoracic surgeon Dr. Samuel Reed"", ""Cardiothoracic surgeon Dr. Samuel Reed is the primary expert witness.""]"
medical_04,baseline,3,15,What time format must be used for all procedural events?,F6,I don't know,"[""24-hour time format"", ""All procedural events must be referenced using 24-hour time format.""]"
medical_04,baseline,3,20,What must be avoided regarding physician motives?,F4,Avoid attributing physician motives in the dispute materials or expert testimony.,"[""Avoid speculative language about physician motives"", ""Do not speculate about physician motives""]"
medical_04,baseline,3,25,What does the plaintiff claim was not addressed promptly?,F2,"Abnormal drainage documented hours before delayed surgical reassessment was not addressed promptly, per plaintiff's claim.","[""Postoperative bleeding"", ""The plaintiff claims postoperative bleeding was not addressed promptly.""]"
medical_04,baseline,4,5,At which medical center did the surgery occur?,F1,I don't know,"[""Northbridge Medical Center"", ""The surgery occurred at Northbridge Medical Center.""]"
medical_04,baseline,4,10,Who is the primary expert witness?,F5,I don't know,"[""Dr. Samuel Reed"", ""Cardiothoracic surgeon Dr. Samuel Reed"", ""Cardiothoracic surgeon Dr. Samuel Reed is the primary expert witness.""]"
medical_04,baseline,4,15,What time format must be used for all procedural events?,F6,I don't know,"[""24-hour time format"", ""All procedural events must be referenced using 24-hour time format.""]"
medical_04,baseline,4,20,What must be avoided regarding physician motives?,F4,I don't know,"[""Avoid speculative language about physician motives"", ""Do not speculate about physician motives""]"
medical_04,baseline,4,25,What does the plaintiff claim was not addressed promptly?,F2,Abnormal drainage measurements were not promptly addressed before surgical reassessment.,"[""Postoperative bleeding"", ""The plaintiff claims postoperative bleeding was not addressed promptly.""]"
medical_04,rolling_summary,0,5,At which medical center did the surgery occur?,F1,I don't know,"[""Northbridge Medical Center"", ""The surgery occurred at Northbridge Medical Center.""]"
medical_04,rolling_summary,0,10,Who is the primary expert witness?,F5,I don't know,"[""Dr. Samuel Reed"", ""Cardiothoracic surgeon Dr. Samuel Reed"", ""Cardiothoracic surgeon Dr. Samuel Reed is the primary expert witness.""]"
medical_04,rolling_summary,0,15,What time format must be used for all procedural events?,F6,I don't know,"[""24-hour time format"", ""All procedural events must be referenced using 24-hour time format.""]"
medical_04,rolling_summary,0,20,What must be avoided regarding physician motives?,F4,Avoid attributing postoperative monitoring or intervention decisions to improper physician motives without factual evidence.,"[""Avoid speculative language about physician motives"", ""Do not speculate about physician motives""]"
medical_04,rolling_summary,0,25,What does the plaintiff claim was not addressed promptly?,F2,"Delayed response to bleeding indicators was not addressed promptly, according to the plaintiff's claim.","[""Postoperative bleeding"", ""The plaintiff claims postoperative bleeding was not addressed promptly.""]"
medical_04,rolling_summary,1,5,At which medical center did the surgery occur?,F1,I don't know,"[""Northbridge Medical Center"", ""The surgery occurred at Northbridge Medical Center.""]"
medical_04,rolling_summary,1,10,Who is the primary expert witness?,F5,Qualified cardiologists or cardiothoracic surgeons serve as primary expert medical witnesses.,"[""Dr. Samuel Reed"", ""Cardiothoracic surgeon Dr. Samuel Reed"", ""Cardiothoracic surgeon Dr. Samuel Reed is the primary expert witness.""]"
medical_04,rolling_summary,1,15,What time format must be used for all procedural events?,F6,I don't know,"[""24-hour time format"", ""All procedural events must be referenced using 24-hour time format.""]"
medical_04,rolling_summary,1,20,What must be avoided regarding physician motives?,F4,Avoid discussing or assuming physician motives unrelated to the standard of care and factual medical decisions.,"[""Avoid speculative language about physician motives"", ""Do not speculate about physician motives""]"
medical_04,rolling_summary,1,25,What does the plaintiff claim was not addressed promptly?,F2,"Abnormal postoperative bleeding indicators documented hours before surgical reassessment, suggesting delayed response.","[""Postoperative bleeding"", ""The plaintiff claims postoperative bleeding was not addressed promptly.""]"
medical_04,rolling_summary,2,5,At which medical center did the surgery occur?,F1,I don't know,"[""Northbridge Medical Center"", ""The surgery occurred at Northbridge Medical Center.""]"
medical_04,rolling_summary,2,10,Who is the primary expert witness?,F5,I don't know,"[""Dr. Samuel Reed"", ""Cardiothoracic surgeon Dr. Samuel Reed"", ""Cardiothoracic surgeon Dr. Samuel Reed is the primary expert witness.""]"
medical_04,rolling_summary,2,15,What time format must be used for all procedural events?,F6,I don't know,"[""24-hour time format"", ""All procedural events must be referenced using 24-hour time format.""]"
medical_04,rolling_summary,2,20,What must be avoided regarding physician motives?,F4,Avoid assuming physician motives without evidence when evaluating delayed surgical intervention and patient recovery issues.,"[""Avoid speculative language about physician motives"", ""Do not speculate about physician motives""]"
medical_04,rolling_summary,2,25,What does the plaintiff claim was not addressed promptly?,F2,Postoperative bleeding indicators were not addressed promptly according to the plaintiff's claim.,"[""Postoperative bleeding"", ""The plaintiff claims postoperative bleeding was not addressed promptly.""]"
medical_04,rolling_summary,3,5,At which medical center did the surgery occur?,F1,I don't know,"[""Northbridge Medical Center"", ""The surgery occurred at Northbridge Medical Center.""]"
medical_04,rolling_summary,3,10,Who is the primary expert witness?,F5,I don't know,"[""Dr. Samuel Reed"", ""Cardiothoracic surgeon Dr. Samuel Reed"", ""Cardiothoracic surgeon Dr. Samuel Reed is the primary expert witness.""]"
medical_04,rolling_summary,3,15,What time format must be used for all procedural events?,F6,I don't know,"[""24-hour time format"", ""All procedural events must be referenced using 24-hour time format.""]"
medical_04,rolling_summary,3,20,What must be avoided regarding physician motives?,F4,Avoid attributing physician motives; focus on clinical facts and standards of postoperative care.,"[""Avoid speculative language about physician motives"", ""Do not speculate about physician motives""]"
medical_04,rolling_summary,3,25,What does the plaintiff claim was not addressed promptly?,F2,Delayed response to bleeding indicators was not addressed promptly according to the plaintiff.,"[""Postoperative bleeding"", ""The plaintiff claims postoperative bleeding was not addressed promptly.""]"
medical_04,rolling_summary,4,5,At which medical center did the surgery occur?,F1,I don't know,"[""Northbridge Medical Center"", ""The surgery occurred at Northbridge Medical Center.""]"
medical_04,rolling_summary,4,10,Who is the primary expert witness?,F5,I don't know,"[""Dr. Samuel Reed"", ""Cardiothoracic surgeon Dr. Samuel Reed"", ""Cardiothoracic surgeon Dr. Samuel Reed is the primary expert witness.""]"
medical_04,rolling_summary,4,15,What time format must be used for all procedural events?,F6,I don't know,"[""24-hour time format"", ""All procedural events must be referenced using 24-hour time format.""]"
medical_04,rolling_summary,4,20,What must be avoided regarding physician motives?,F4,Avoid imputing improper motives to the physician in evaluating postoperative monitoring and intervention decisions.,"[""Avoid speculative language about physician motives"", ""Do not speculate about physician motives""]"
medical_04,rolling_summary,4,25,What does the plaintiff claim was not addressed promptly?,F2,Delayed response to bleeding indicators.,"[""Postoperative bleeding"", ""The plaintiff claims postoperative bleeding was not addressed promptly.""]"
medical_04,hierarchical,0,5,At which medical center did the surgery occur?,F1,I don't know,"[""Northbridge Medical Center"", ""The surgery occurred at Northbridge Medical Center.""]"
medical_04,hierarchical,0,10,Who is the primary expert witness?,F5,I don't know,"[""Dr. Samuel Reed"", ""Cardiothoracic surgeon Dr. Samuel Reed"", ""Cardiothoracic surgeon Dr. Samuel Reed is the primary expert witness.""]"
medical_04,hierarchical,0,15,What time format must be used for all procedural events?,F6,I don't know,"[""24-hour time format"", ""All procedural events must be referenced using 24-hour time format.""]"
medical_04,hierarchical,0,20,What must be avoided regarding physician motives?,F4,Avoid attributing physician motives that lack objective clinical evidence or expert testimony support.,"[""Avoid speculative language about physician motives"", ""Do not speculate about physician motives""]"
medical_04,hierarchical,0,25,What does the plaintiff claim was not addressed promptly?,F2,Abnormal postoperative drainage measurements and clinical bleeding indicators were not promptly addressed before surgical reassessment.,"[""Postoperative bleeding"", ""The plaintiff claims postoperative bleeding was not addressed promptly.""]"
medical_04,hierarchical,1,5,At which medical center did the surgery occur?,F1,I don't know,"[""Northbridge Medical Center"", ""The surgery occurred at Northbridge Medical Center.""]"
medical_04,hierarchical,1,10,Who is the primary expert witness?,F5,I don't know,"[""Dr. Samuel Reed"", ""Cardiothoracic surgeon Dr. Samuel Reed"", ""Cardiothoracic surgeon Dr. Samuel Reed is the primary expert witness.""]"
medical_04,hierarchical,1,15,What time format must be used for all procedural events?,F6,I don't know,"[""24-hour time format"", ""All procedural events must be referenced using 24-hour time format.""]"
medical_04,hierarchical,1,20,What must be avoided regarding physician motives?,F4,Physician motives must not bias interpretation of postoperative findings or delay necessary surgical reassessment and intervention.,"[""Avoid speculative language about physician motives"", ""Do not speculate about physician motives""]"
medical_04,hierarchical,1,25,What does the plaintiff claim was not addressed promptly?,F2,Abnormal drainage measurements were documented hours before surgical reassessment but not addressed promptly.,"[""Postoperative bleeding"", ""The plaintiff claims postoperative bleeding was not addressed promptly.""]"
medical_04,hierarchical,2,5,At which medical center did the surgery occur?,F1,I don't know,"[""Northbridge Medical Center"", ""The surgery occurred at Northbridge Medical Center.""]"
medical_04,hierarchical,2,10,Who is the primary expert witness?,F5,I don't know,"[""Dr. Samuel Reed"", ""Cardiothoracic surgeon Dr. Samuel Reed"", ""Cardiothoracic surgeon Dr. Samuel Reed is the primary expert witness.""]"
medical_04,hierarchical,2,15,What time format must be used for all procedural events?,F6,I don't know,"[""24-hour time format"", ""All procedural events must be referenced using 24-hour time format.""]"
medical_04,hierarchical,2,20,What must be avoided regarding physician motives?,F4,Physician motives must avoid bias; focus should be on objective clinical judgment and accepted standards.,"[""Avoid speculative language about physician motives"", ""Do not speculate about physician motives""]"
medical_04,hierarchical,2,25,What does the plaintiff claim was not addressed promptly?,F2,Abnormal drainage measurements and clinical bleeding indicators were not promptly addressed before surgical reassessment.,"[""Postoperative bleeding"", ""The plaintiff claims postoperative bleeding was not addressed promptly.""]"
medical_04,hierarchical,3,5,At which medical center did the surgery occur?,F1,I don't know,"[""Northbridge Medical Center"", ""The surgery occurred at Northbridge Medical Center.""]"
medical_04,hierarchical,3,10,Who is the primary expert witness?,F5,I don't know,"[""Dr. Samuel Reed"", ""Cardiothoracic surgeon Dr. Samuel Reed"", ""Cardiothoracic surgeon Dr. Samuel Reed is the primary expert witness.""]"
medical_04,hierarchical,3,15,What time format must be used for all procedural events?,F6,I don't know,"[""24-hour time format"", ""All procedural events must be referenced using 24-hour time format.""]"
medical_04,hierarchical,3,20,What must be avoided regarding physician motives?,F4,Physician motives must avoid biases affecting clinical judgments and patient care decisions.,"[""Avoid speculative language about physician motives"", ""Do not speculate about physician motives""]"
medical_04,hierarchical,3,25,What does the plaintiff claim was not addressed promptly?,F2,Abnormal postoperative drainage was not promptly recognized or acted upon with timely surgical reassessment.,"[""Postoperative bleeding"", ""The plaintiff claims postoperative bleeding was not addressed promptly.""]"
medical_04,hierarchical,4,5,At which medical center did the surgery occur?,F1,I don't know,"[""Northbridge Medical Center"", ""The surgery occurred at Northbridge Medical Center.""]"
medical_04,hierarchical,4,10,Who is the primary expert witness?,F5,I don't know,"[""Dr. Samuel Reed"", ""Cardiothoracic surgeon Dr. Samuel Reed"", ""Cardiothoracic surgeon Dr. Samuel Reed is the primary expert witness.""]"
medical_04,hierarchical,4,15,What time format must be used for all procedural events?,F6,I don't know,"[""24-hour time format"", ""All procedural events must be referenced using 24-hour time format.""]"
medical_04,hierarchical,4,20,What must be avoided regarding physician motives?,F4,Physician motives must be avoided in assessing standard of care and timing of postoperative decisions.,"[""Avoid speculative language about physician motives"", ""Do not speculate about physician motives""]"
medical_04,hierarchical,4,25,What does the plaintiff claim was not addressed promptly?,F2,"Abnormal drainage measurements were documented hours before surgical reassessment, indicating delayed postoperative monitoring and intervention.","[""Postoperative bleeding"", ""The plaintiff claims postoperative bleeding was not addressed promptly.""]"
medical_04,rag,0,5,At which medical center did the surgery occur?,F1,I don't know,"[""Northbridge Medical Center"", ""The surgery occurred at Northbridge Medical Center.""]"
medical_04,rag,0,10,Who is the primary expert witness?,F5,I don't know,"[""Dr. Samuel Reed"", ""Cardiothoracic surgeon Dr. Samuel Reed"", ""Cardiothoracic surgeon Dr. Samuel Reed is the primary expert witness.""]"
medical_04,rag,0,15,What time format must be used for all procedural events?,F6,I don't know,"[""24-hour time format"", ""All procedural events must be referenced using 24-hour time format.""]"
medical_04,rag,0,20,What must be avoided regarding physician motives?,F4,"Avoid assumptions or implications about physician motives without clear, documented evidence.","[""Avoid speculative language about physician motives"", ""Do not speculate about physician motives""]"
medical_04,rag,0,25,What does the plaintiff claim was not addressed promptly?,F2,Abnormal drainage measurements documented hours before surgical reassessment were not addressed promptly.,"[""Postoperative bleeding"", ""The plaintiff claims postoperative bleeding was not addressed promptly.""]"
medical_04,rag,1,5,At which medical center did the surgery occur?,F1,I don't know,"[""Northbridge Medical Center"", ""The surgery occurred at Northbridge Medical Center.""]"
medical_04,rag,1,10,Who is the primary expert witness?,F5,I don't know,"[""Dr. Samuel Reed"", ""Cardiothoracic surgeon Dr. Samuel Reed"", ""Cardiothoracic surgeon Dr. Samuel Reed is the primary expert witness.""]"
medical_04,rag,1,15,What time format must be used for all procedural events?,F6,I don't know,"[""24-hour time format"", ""All procedural events must be referenced using 24-hour time format.""]"
medical_04,rag,1,20,What must be avoided regarding physician motives?,F4,Physician motives must be avoided when establishing breach of surgical standard of care.,"[""Avoid speculative language about physician motives"", ""Do not speculate about physician motives""]"
medical_04,rag,1,25,What does the plaintiff claim was not addressed promptly?,F2,Abnormal drainage measurements were not addressed promptly before surgical reassessment.,"[""Postoperative bleeding"", ""The plaintiff claims postoperative bleeding was not addressed promptly.""]"
medical_04,rag,2,5,At which medical center did the surgery occur?,F1,I don't know,"[""Northbridge Medical Center"", ""The surgery occurred at Northbridge Medical Center.""]"
medical_04,rag,2,10,Who is the primary expert witness?,F5,I don't know,"[""Dr. Samuel Reed"", ""Cardiothoracic surgeon Dr. Samuel Reed"", ""Cardiothoracic surgeon Dr. Samuel Reed is the primary expert witness.""]"
medical_04,rag,2,15,What time format must be used for all procedural events?,F6,I don't know,"[""24-hour time format"", ""All procedural events must be referenced using 24-hour time format.""]"
medical_04,rag,2,20,What must be avoided regarding physician motives?,F4,Physician motives must be avoided as irrelevant or prejudicial when assessing breach of surgical standard of care.,"[""Avoid speculative language about physician motives"", ""Do not speculate about physician motives""]"
medical_04,rag,2,25,What does the plaintiff claim was not addressed promptly?,F2,Abnormal drainage measurements documented hours before surgical reassessment were not addressed promptly.,"[""Postoperative bleeding"", ""The plaintiff claims postoperative bleeding was not addressed promptly.""]"
medical_04,rag,3,5,At which medical center did the surgery occur?,F1,I don't know,"[""Northbridge Medical Center"", ""The surgery occurred at Northbridge Medical Center.""]"
medical_04,rag,3,10,Who is the primary expert witness?,F5,I don't know,"[""Dr. Samuel Reed"", ""Cardiothoracic surgeon Dr. Samuel Reed"", ""Cardiothoracic surgeon Dr. Samuel Reed is the primary expert witness.""]"
medical_04,rag,3,15,What time format must be used for all procedural events?,F6,I don't know,"[""24-hour time format"", ""All procedural events must be referenced using 24-hour time format.""]"
medical_04,rag,3,20,What must be avoided regarding physician motives?,F4,Physician motives must be avoided to ensure unbiased expert testimony on breach of surgical standard of care.,"[""Avoid speculative language about physician motives"", ""Do not speculate about physician motives""]"
medical_04,rag,3,25,What does the plaintiff claim was not addressed promptly?,F2,The plaintiff claims delayed response to abnormal drainage measurements and bleeding indicators was not addressed promptly.,"[""Postoperative bleeding"", ""The plaintiff claims postoperative bleeding was not addressed promptly.""]"
medical_04,rag,4,5,At which medical center did the surgery occur?,F1,I don't know,"[""Northbridge Medical Center"", ""The surgery occurred at Northbridge Medical Center.""]"
medical_04,rag,4,10,Who is the primary expert witness?,F5,I don't know,"[""Dr. Samuel Reed"", ""Cardiothoracic surgeon Dr. Samuel Reed"", ""Cardiothoracic surgeon Dr. Samuel Reed is the primary expert witness.""]"
medical_04,rag,4,15,What time format must be used for all procedural events?,F6,I don't know,"[""24-hour time format"", ""All procedural events must be referenced using 24-hour time format.""]"
medical_04,rag,4,20,What must be avoided regarding physician motives?,F4,Physician motives must be avoided when evaluating breach of surgical standard of care.,"[""Avoid speculative language about physician motives"", ""Do not speculate about physician motives""]"
medical_04,rag,4,25,What does the plaintiff claim was not addressed promptly?,F2,Abnormal drainage measurements were not addressed promptly before surgical reassessment.,"[""Postoperative bleeding"", ""The plaintiff claims postoperative bleeding was not addressed promptly.""]"
medical_05,baseline,0,5,What is the word limit for appeal letters?,F1,900 words,"[""All appeal letters must stay under 900 words."", ""The policy requires appeal drafts to remain below 900 words."", ""The patient policy requires all appeal letters to stay under 900 words.""]"
medical_05,baseline,0,10,Who is the current utilization review physician?,F8,I don't know,"[""The assigned reviewer is now Dr. Shah."", ""The utilization review physician changed to Dr. Shah."", ""The assigned utilization review physician changed from Dr. Levin to Dr. Shah last week.""]"
medical_05,baseline,0,15,What sections must every draft include?,F3,Three workflow stages and required appeal sections.,"[""Medical Necessity, Prior Treatment History, and Requested Resolution."", ""Each draft must include Medical Necessity, Prior Treatment History, and Requested Resolution."", ""Every draft must include sections titled Medical Necessity, Prior Treatment History, and Requested Resolution.""]"
medical_05,baseline,0,20,What is the name of the insurer?,F2,I don't know,"[""The insurer is Horizon Peak Health."", ""Horizon Peak Health is handling the claim.""]"
medical_05,baseline,0,25,What is the case reference number?,F5,HP-77821-A,"[""The case reference number is HP-77821-A."", ""Use reference number HP-77821-A.""]"
medical_05,baseline,1,5,What is the word limit for appeal letters?,F1,900 words,"[""All appeal letters must stay under 900 words."", ""The policy requires appeal drafts to remain below 900 words."", ""The patient policy requires all appeal letters to stay under 900 words.""]"
medical_05,baseline,1,10,Who is the current utilization review physician?,F8,I don't know,"[""The assigned reviewer is now Dr. Shah."", ""The utilization review physician changed to Dr. Shah."", ""The assigned utilization review physician changed from Dr. Levin to Dr. Shah last week.""]"
medical_05,baseline,1,15,What sections must every draft include?,F3,"Medical Necessity, Denial Reason Response, Supporting Documentation","[""Medical Necessity, Prior Treatment History, and Requested Resolution."", ""Each draft must include Medical Necessity, Prior Treatment History, and Requested Resolution."", ""Every draft must include sections titled Medical Necessity, Prior Treatment History, and Requested Resolution.""]"
medical_05,baseline,1,20,What is the name of the insurer?,F2,I don't know,"[""The insurer is Horizon Peak Health."", ""Horizon Peak Health is handling the claim.""]"
medical_05,baseline,1,25,What is the case reference number?,F5,HP-77821-A,"[""The case reference number is HP-77821-A."", ""Use reference number HP-77821-A.""]"
medical_05,baseline,2,5,What is the word limit for appeal letters?,F1,900 words,"[""All appeal letters must stay under 900 words."", ""The policy requires appeal drafts to remain below 900 words."", ""The patient policy requires all appeal letters to stay under 900 words.""]"
medical_05,baseline,2,10,Who is the current utilization review physician?,F8,Dr. Smith is the current utilization review physician handling the case.,"[""The assigned reviewer is now Dr. Shah."", ""The utilization review physician changed to Dr. Shah."", ""The assigned utilization review physician changed from Dr. Levin to Dr. Shah last week.""]"
medical_05,baseline,2,15,What sections must every draft include?,F3,Three workflow stages and required appeal sections.,"[""Medical Necessity, Prior Treatment History, and Requested Resolution."", ""Each draft must include Medical Necessity, Prior Treatment History, and Requested Resolution."", ""Every draft must include sections titled Medical Necessity, Prior Treatment History, and Requested Resolution.""]"
medical_05,baseline,2,20,What is the name of the insurer?,F2,I don't know,"[""The insurer is Horizon Peak Health."", ""Horizon Peak Health is handling the claim.""]"
medical_05,baseline,2,25,What is the case reference number?,F5,HP-77821-A,"[""The case reference number is HP-77821-A."", ""Use reference number HP-77821-A.""]"
medical_05,baseline,3,5,What is the word limit for appeal letters?,F1,900 words,"[""All appeal letters must stay under 900 words."", ""The policy requires appeal drafts to remain below 900 words."", ""The patient policy requires all appeal letters to stay under 900 words.""]"
medical_05,baseline,3,10,Who is the current utilization review physician?,F8,I don't know,"[""The assigned reviewer is now Dr. Shah."", ""The utilization review physician changed to Dr. Shah."", ""The assigned utilization review physician changed from Dr. Levin to Dr. Shah last week.""]"
medical_05,baseline,3,15,What sections must every draft include?,F3,"Workflow stages, required appeal sections, and a formal tone with drafts under 900 words.","[""Medical Necessity, Prior Treatment History, and Requested Resolution."", ""Each draft must include Medical Necessity, Prior Treatment History, and Requested Resolution."", ""Every draft must include sections titled Medical Necessity, Prior Treatment History, and Requested Resolution.""]"
medical_05,baseline,3,20,What is the name of the insurer?,F2,I don't know,"[""The insurer is Horizon Peak Health."", ""Horizon Peak Health is handling the claim.""]"
medical_05,baseline,3,25,What is the case reference number?,F5,HP-77821-A,"[""The case reference number is HP-77821-A."", ""Use reference number HP-77821-A.""]"
medical_05,baseline,4,5,What is the word limit for appeal letters?,F1,900 words,"[""All appeal letters must stay under 900 words."", ""The policy requires appeal drafts to remain below 900 words."", ""The patient policy requires all appeal letters to stay under 900 words.""]"
medical_05,baseline,4,10,Who is the current utilization review physician?,F8,I don't know,"[""The assigned reviewer is now Dr. Shah."", ""The utilization review physician changed to Dr. Shah."", ""The assigned utilization review physician changed from Dr. Levin to Dr. Shah last week.""]"
medical_05,baseline,4,15,What sections must every draft include?,F3,"Intake review, medical necessity, appeal letter, supporting documentation, and final submission with attachments and escalation steps.","[""Medical Necessity, Prior Treatment History, and Requested Resolution."", ""Each draft must include Medical Necessity, Prior Treatment History, and Requested Resolution."", ""Every draft must include sections titled Medical Necessity, Prior Treatment History, and Requested Resolution.""]"
medical_05,baseline,4,20,What is the name of the insurer?,F2,I don't know,"[""The insurer is Horizon Peak Health."", ""Horizon Peak Health is handling the claim.""]"
medical_05,baseline,4,25,What is the case reference number?,F5,HP-77821-A,"[""The case reference number is HP-77821-A."", ""Use reference number HP-77821-A.""]"
medical_05,rolling_summary,0,5,What is the word limit for appeal letters?,F1,I don't know,"[""All appeal letters must stay under 900 words."", ""The policy requires appeal drafts to remain below 900 words."", ""The patient policy requires all appeal letters to stay under 900 words.""]"
medical_05,rolling_summary,0,10,Who is the current utilization review physician?,F8,I don't know,"[""The assigned reviewer is now Dr. Shah."", ""The utilization review physician changed to Dr. Shah."", ""The assigned utilization review physician changed from Dr. Levin to Dr. Shah last week.""]"
medical_05,rolling_summary,0,15,What sections must every draft include?,F3,"Denial letter, medical records, doctor's letter, imaging reports, therapy records, prior authorization, appeal letter.","[""Medical Necessity, Prior Treatment History, and Requested Resolution."", ""Each draft must include Medical Necessity, Prior Treatment History, and Requested Resolution."", ""Every draft must include sections titled Medical Necessity, Prior Treatment History, and Requested Resolution.""]"
medical_05,rolling_summary,0,20,What is the name of the insurer?,F2,I don't know,"[""The insurer is Horizon Peak Health."", ""Horizon Peak Health is handling the claim.""]"
medical_05,rolling_summary,0,25,What is the case reference number?,F5,I don't know,"[""The case reference number is HP-77821-A."", ""Use reference number HP-77821-A.""]"
medical_05,rolling_summary,1,5,What is the word limit for appeal letters?,F1,900 words,"[""All appeal letters must stay under 900 words."", ""The policy requires appeal drafts to remain below 900 words."", ""The patient policy requires all appeal letters to stay under 900 words.""]"
medical_05,rolling_summary,1,10,Who is the current utilization review physician?,F8,"Dr. Samantha Lee, MD, orthopedic spine specialist.","[""The assigned reviewer is now Dr. Shah."", ""The utilization review physician changed to Dr. Shah."", ""The assigned utilization review physician changed from Dr. Levin to Dr. Shah last week.""]"
medical_05,rolling_summary,1,15,What sections must every draft include?,F3,"Three workflow stages and required appeal sections, including a Medical Necessity explanation.","[""Medical Necessity, Prior Treatment History, and Requested Resolution."", ""Each draft must include Medical Necessity, Prior Treatment History, and Requested Resolution."", ""Every draft must include sections titled Medical Necessity, Prior Treatment History, and Requested Resolution.""]"
medical_05,rolling_summary,1,20,What is the name of the insurer?,F2,I don't know,"[""The insurer is Horizon Peak Health."", ""Horizon Peak Health is handling the claim.""]"
medical_05,rolling_summary,1,25,What is the case reference number?,F5,HP-77821-A,"[""The case reference number is HP-77821-A."", ""Use reference number HP-77821-A.""]"
medical_05,rolling_summary,2,5,What is the word limit for appeal letters?,F1,900 words,"[""All appeal letters must stay under 900 words."", ""The policy requires appeal drafts to remain below 900 words."", ""The patient policy requires all appeal letters to stay under 900 words.""]"
medical_05,rolling_summary,2,10,Who is the current utilization review physician?,F8,I don't know,"[""The assigned reviewer is now Dr. Shah."", ""The utilization review physician changed to Dr. Shah."", ""The assigned utilization review physician changed from Dr. Levin to Dr. Shah last week.""]"
medical_05,rolling_summary,2,15,What sections must every draft include?,F3,"Patient info, claim number, date of service, explanation of denial, medical evidence, policy terms, supporting documents.","[""Medical Necessity, Prior Treatment History, and Requested Resolution."", ""Each draft must include Medical Necessity, Prior Treatment History, and Requested Resolution."", ""Every draft must include sections titled Medical Necessity, Prior Treatment History, and Requested Resolution.""]"
medical_05,rolling_summary,2,20,What is the name of the insurer?,F2,I don't know,"[""The insurer is Horizon Peak Health."", ""Horizon Peak Health is handling the claim.""]"
medical_05,rolling_summary,2,25,What is the case reference number?,F5,I don't know,"[""The case reference number is HP-77821-A."", ""Use reference number HP-77821-A.""]"
medical_05,rolling_summary,3,5,What is the word limit for appeal letters?,F1,I don't know,"[""All appeal letters must stay under 900 words."", ""The policy requires appeal drafts to remain below 900 words."", ""The patient policy requires all appeal letters to stay under 900 words.""]"
medical_05,rolling_summary,3,10,Who is the current utilization review physician?,F8,I don't know,"[""The assigned reviewer is now Dr. Shah."", ""The utilization review physician changed to Dr. Shah."", ""The assigned utilization review physician changed from Dr. Levin to Dr. Shah last week.""]"
medical_05,rolling_summary,3,15,What sections must every draft include?,F3,"Intake Review, Medical Necessity, Appeal Letter sections under 900 words, including denial reasons and supporting evidence.","[""Medical Necessity, Prior Treatment History, and Requested Resolution."", ""Each draft must include Medical Necessity, Prior Treatment History, and Requested Resolution."", ""Every draft must include sections titled Medical Necessity, Prior Treatment History, and Requested Resolution.""]"
medical_05,rolling_summary,3,20,What is the name of the insurer?,F2,I don't know,"[""The insurer is Horizon Peak Health."", ""Horizon Peak Health is handling the claim.""]"
medical_05,rolling_summary,3,25,What is the case reference number?,F5,I don't know,"[""The case reference number is HP-77821-A."", ""Use reference number HP-77821-A.""]"
medical_05,rolling_summary,4,5,What is the word limit for appeal letters?,F1,I don't know,"[""All appeal letters must stay under 900 words."", ""The policy requires appeal drafts to remain below 900 words."", ""The patient policy requires all appeal letters to stay under 900 words.""]"
medical_05,rolling_summary,4,10,Who is the current utilization review physician?,F8,Dr. Smith is the current utilization review physician handling the case.,"[""The assigned reviewer is now Dr. Shah."", ""The utilization review physician changed to Dr. Shah."", ""The assigned utilization review physician changed from Dr. Levin to Dr. Shah last week.""]"
medical_05,rolling_summary,4,15,What sections must every draft include?,F3,Every draft must include a Medical Necessity section explaining failed conservative treatment before surgery proposal.,"[""Medical Necessity, Prior Treatment History, and Requested Resolution."", ""Each draft must include Medical Necessity, Prior Treatment History, and Requested Resolution."", ""Every draft must include sections titled Medical Necessity, Prior Treatment History, and Requested Resolution.""]"
medical_05,rolling_summary,4,20,What is the name of the insurer?,F2,I don't know,"[""The insurer is Horizon Peak Health."", ""Horizon Peak Health is handling the claim.""]"
medical_05,rolling_summary,4,25,What is the case reference number?,F5,I don't know,"[""The case reference number is HP-77821-A."", ""Use reference number HP-77821-A.""]"
medical_05,hierarchical,0,5,What is the word limit for appeal letters?,F1,Under 900 words.,"[""All appeal letters must stay under 900 words."", ""The policy requires appeal drafts to remain below 900 words."", ""The patient policy requires all appeal letters to stay under 900 words.""]"
medical_05,hierarchical,0,10,Who is the current utilization review physician?,F8,Dr. Emily Carter is the current utilization review physician handling the case.,"[""The assigned reviewer is now Dr. Shah."", ""The utilization review physician changed to Dr. Shah."", ""The assigned utilization review physician changed from Dr. Levin to Dr. Shah last week.""]"
medical_05,hierarchical,0,15,What sections must every draft include?,F3,"Patient Info, Claim Details, Denial Reason, Medical Necessity, Supporting Documentation, Appeal Conclusion.","[""Medical Necessity, Prior Treatment History, and Requested Resolution."", ""Each draft must include Medical Necessity, Prior Treatment History, and Requested Resolution."", ""Every draft must include sections titled Medical Necessity, Prior Treatment History, and Requested Resolution.""]"
medical_05,hierarchical,0,20,What is the name of the insurer?,F2,I don't know,"[""The insurer is Horizon Peak Health."", ""Horizon Peak Health is handling the claim.""]"
medical_05,hierarchical,0,25,What is the case reference number?,F5,Case reference number is HP-77821-A.,"[""The case reference number is HP-77821-A."", ""Use reference number HP-77821-A.""]"
medical_05,hierarchical,1,5,What is the word limit for appeal letters?,F1,900 words is the word limit for appeal letters.,"[""All appeal letters must stay under 900 words."", ""The policy requires appeal drafts to remain below 900 words."", ""The patient policy requires all appeal letters to stay under 900 words.""]"
medical_05,hierarchical,1,10,Who is the current utilization review physician?,F8,"Dr. Smith, MD is the current utilization review physician handling the case.","[""The assigned reviewer is now Dr. Shah."", ""The utilization review physician changed to Dr. Shah."", ""The assigned utilization review physician changed from Dr. Levin to Dr. Shah last week.""]"
medical_05,hierarchical,1,15,What sections must every draft include?,F3,"Denial reasons, medical evidence, appeal request sections must be included in every draft.","[""Medical Necessity, Prior Treatment History, and Requested Resolution."", ""Each draft must include Medical Necessity, Prior Treatment History, and Requested Resolution."", ""Every draft must include sections titled Medical Necessity, Prior Treatment History, and Requested Resolution.""]"
medical_05,hierarchical,1,20,What is the name of the insurer?,F2,I don't know,"[""The insurer is Horizon Peak Health."", ""Horizon Peak Health is handling the claim.""]"
medical_05,hierarchical,1,25,What is the case reference number?,F5,HP-77821-A,"[""The case reference number is HP-77821-A."", ""Use reference number HP-77821-A.""]"
medical_05,hierarchical,2,5,What is the word limit for appeal letters?,F1,900 words,"[""All appeal letters must stay under 900 words."", ""The policy requires appeal drafts to remain below 900 words."", ""The patient policy requires all appeal letters to stay under 900 words.""]"
medical_05,hierarchical,2,10,Who is the current utilization review physician?,F8,Dr. Emily Carter is the current utilization review physician handling the case.,"[""The assigned reviewer is now Dr. Shah."", ""The utilization review physician changed to Dr. Shah."", ""The assigned utilization review physician changed from Dr. Levin to Dr. Shah last week.""]"
medical_05,hierarchical,2,15,What sections must every draft include?,F3,"Patient information, claim number, denied procedure details, reasons for appeal addressing denial, supporting medical documents.","[""Medical Necessity, Prior Treatment History, and Requested Resolution."", ""Each draft must include Medical Necessity, Prior Treatment History, and Requested Resolution."", ""Every draft must include sections titled Medical Necessity, Prior Treatment History, and Requested Resolution.""]"
medical_05,hierarchical,2,20,What is the name of the insurer?,F2,I don't know,"[""The insurer is Horizon Peak Health."", ""Horizon Peak Health is handling the claim.""]"
medical_05,hierarchical,2,25,What is the case reference number?,F5,HP-77821-A,"[""The case reference number is HP-77821-A."", ""Use reference number HP-77821-A.""]"
medical_05,hierarchical,3,5,What is the word limit for appeal letters?,F1,The word limit for appeal letters is 900 words.,"[""All appeal letters must stay under 900 words."", ""The policy requires appeal drafts to remain below 900 words."", ""The patient policy requires all appeal letters to stay under 900 words.""]"
medical_05,hierarchical,3,10,Who is the current utilization review physician?,F8,"Dr. Emily Johnson, MD is the current utilization review physician handling the case.","[""The assigned reviewer is now Dr. Shah."", ""The utilization review physician changed to Dr. Shah."", ""The assigned utilization review physician changed from Dr. Levin to Dr. Shah last week.""]"
medical_05,hierarchical,3,15,What sections must every draft include?,F3,"Denial Review, Medical Necessity, Supporting Documentation, and Submission Details.","[""Medical Necessity, Prior Treatment History, and Requested Resolution."", ""Each draft must include Medical Necessity, Prior Treatment History, and Requested Resolution."", ""Every draft must include sections titled Medical Necessity, Prior Treatment History, and Requested Resolution.""]"
medical_05,hierarchical,3,20,What is the name of the insurer?,F2,I don't know,"[""The insurer is Horizon Peak Health."", ""Horizon Peak Health is handling the claim.""]"
medical_05,hierarchical,3,25,What is the case reference number?,F5,HP-77821-A,"[""The case reference number is HP-77821-A."", ""Use reference number HP-77821-A.""]"
medical_05,hierarchical,4,5,What is the word limit for appeal letters?,F1,900 words,"[""All appeal letters must stay under 900 words."", ""The policy requires appeal drafts to remain below 900 words."", ""The patient policy requires all appeal letters to stay under 900 words.""]"
medical_05,hierarchical,4,10,Who is the current utilization review physician?,F8,Dr. Smith is the current utilization review physician handling the case.,"[""The assigned reviewer is now Dr. Shah."", ""The utilization review physician changed to Dr. Shah."", ""The assigned utilization review physician changed from Dr. Levin to Dr. Shah last week.""]"
medical_05,hierarchical,4,15,What sections must every draft include?,F3,"Denial Notice, Medical Evidence, Physician Recommendations, Therapy Records, Appeal Letter, Attachments.","[""Medical Necessity, Prior Treatment History, and Requested Resolution."", ""Each draft must include Medical Necessity, Prior Treatment History, and Requested Resolution."", ""Every draft must include sections titled Medical Necessity, Prior Treatment History, and Requested Resolution.""]"
medical_05,hierarchical,4,20,What is the name of the insurer?,F2,I don't know,"[""The insurer is Horizon Peak Health."", ""Horizon Peak Health is handling the claim.""]"
medical_05,hierarchical,4,25,What is the case reference number?,F5,HP-77821-A,"[""The case reference number is HP-77821-A."", ""Use reference number HP-77821-A.""]"
medical_05,rag,0,5,What is the word limit for appeal letters?,F1,900 words,"[""All appeal letters must stay under 900 words."", ""The policy requires appeal drafts to remain below 900 words."", ""The patient policy requires all appeal letters to stay under 900 words.""]"
medical_05,rag,0,10,Who is the current utilization review physician?,F8,Dr. Smith is the current utilization review physician for case HP-77821-A.,"[""The assigned reviewer is now Dr. Shah."", ""The utilization review physician changed to Dr. Shah."", ""The assigned utilization review physician changed from Dr. Levin to Dr. Shah last week.""]"
medical_05,rag,0,15,What sections must every draft include?,F3,Three workflow stages and required appeal sections must be included in every draft.,"[""Medical Necessity, Prior Treatment History, and Requested Resolution."", ""Each draft must include Medical Necessity, Prior Treatment History, and Requested Resolution."", ""Every draft must include sections titled Medical Necessity, Prior Treatment History, and Requested Resolution.""]"
medical_05,rag,0,20,What is the name of the insurer?,F2,I don't know,"[""The insurer is Horizon Peak Health."", ""Horizon Peak Health is handling the claim.""]"
medical_05,rag,0,25,What is the case reference number?,F5,HP-77821-A,"[""The case reference number is HP-77821-A."", ""Use reference number HP-77821-A.""]"
medical_05,rag,1,5,What is the word limit for appeal letters?,F1,The word limit for appeal letters is under 900 words.,"[""All appeal letters must stay under 900 words."", ""The policy requires appeal drafts to remain below 900 words."", ""The patient policy requires all appeal letters to stay under 900 words.""]"
medical_05,rag,1,10,Who is the current utilization review physician?,F8,I don't know,"[""The assigned reviewer is now Dr. Shah."", ""The utilization review physician changed to Dr. Shah."", ""The assigned utilization review physician changed from Dr. Levin to Dr. Shah last week.""]"
medical_05,rag,1,15,What sections must every draft include?,F3,"Denial Notice, Physician Recommendation, Imaging Reports, Therapy Documentation, Appeal Letter, Submission Proof.","[""Medical Necessity, Prior Treatment History, and Requested Resolution."", ""Each draft must include Medical Necessity, Prior Treatment History, and Requested Resolution."", ""Every draft must include sections titled Medical Necessity, Prior Treatment History, and Requested Resolution.""]"
medical_05,rag,1,20,What is the name of the insurer?,F2,I don't know,"[""The insurer is Horizon Peak Health."", ""Horizon Peak Health is handling the claim.""]"
medical_05,rag,1,25,What is the case reference number?,F5,HP-77821-A,"[""The case reference number is HP-77821-A."", ""Use reference number HP-77821-A.""]"
medical_05,rag,2,5,What is the word limit for appeal letters?,F1,900 words,"[""All appeal letters must stay under 900 words."", ""The policy requires appeal drafts to remain below 900 words."", ""The patient policy requires all appeal letters to stay under 900 words.""]"
medical_05,rag,2,10,Who is the current utilization review physician?,F8,Dr. Smith is the current utilization review physician handling case HP-77821-A.,"[""The assigned reviewer is now Dr. Shah."", ""The utilization review physician changed to Dr. Shah."", ""The assigned utilization review physician changed from Dr. Levin to Dr. Shah last week.""]"
medical_05,rag,2,15,What sections must every draft include?,F3,Three workflow stages and required appeal sections.,"[""Medical Necessity, Prior Treatment History, and Requested Resolution."", ""Each draft must include Medical Necessity, Prior Treatment History, and Requested Resolution."", ""Every draft must include sections titled Medical Necessity, Prior Treatment History, and Requested Resolution.""]"
medical_05,rag,2,20,What is the name of the insurer?,F2,I don't know,"[""The insurer is Horizon Peak Health."", ""Horizon Peak Health is handling the claim.""]"
medical_05,rag,2,25,What is the case reference number?,F5,HP-77821-A,"[""The case reference number is HP-77821-A."", ""Use reference number HP-77821-A.""]"
medical_05,rag,3,5,What is the word limit for appeal letters?,F1,900 words,"[""All appeal letters must stay under 900 words."", ""The policy requires appeal drafts to remain below 900 words."", ""The patient policy requires all appeal letters to stay under 900 words.""]"
medical_05,rag,3,10,Who is the current utilization review physician?,F8,I don't know,"[""The assigned reviewer is now Dr. Shah."", ""The utilization review physician changed to Dr. Shah."", ""The assigned utilization review physician changed from Dr. Levin to Dr. Shah last week.""]"
medical_05,rag,3,15,What sections must every draft include?,F3,"Denial Notice, Physician Recommendation, Imaging, Therapy Logs, and Appeal Letter sections must be included.","[""Medical Necessity, Prior Treatment History, and Requested Resolution."", ""Each draft must include Medical Necessity, Prior Treatment History, and Requested Resolution."", ""Every draft must include sections titled Medical Necessity, Prior Treatment History, and Requested Resolution.""]"
medical_05,rag,3,20,What is the name of the insurer?,F2,I don't know,"[""The insurer is Horizon Peak Health."", ""Horizon Peak Health is handling the claim.""]"
medical_05,rag,3,25,What is the case reference number?,F5,I don't know,"[""The case reference number is HP-77821-A."", ""Use reference number HP-77821-A.""]"
medical_05,rag,4,5,What is the word limit for appeal letters?,F1,900 words,"[""All appeal letters must stay under 900 words."", ""The policy requires appeal drafts to remain below 900 words."", ""The patient policy requires all appeal letters to stay under 900 words.""]"
medical_05,rag,4,10,Who is the current utilization review physician?,F8,I don't know,"[""The assigned reviewer is now Dr. Shah."", ""The utilization review physician changed to Dr. Shah."", ""The assigned utilization review physician changed from Dr. Levin to Dr. Shah last week.""]"
medical_05,rag,4,15,What sections must every draft include?,F3,"Denial Notice, Physician Recommendation, Imaging Reports, Therapy Documentation, Appeal Letter.","[""Medical Necessity, Prior Treatment History, and Requested Resolution."", ""Each draft must include Medical Necessity, Prior Treatment History, and Requested Resolution."", ""Every draft must include sections titled Medical Necessity, Prior Treatment History, and Requested Resolution.""]"
medical_05,rag,4,20,What is the name of the insurer?,F2,I don't know,"[""The insurer is Horizon Peak Health."", ""Horizon Peak Health is handling the claim.""]"
medical_05,rag,4,25,What is the case reference number?,F5,HP-77821-A,"[""The case reference number is HP-77821-A."", ""Use reference number HP-77821-A.""]"
medical_06,baseline,0,5,Within how many calendar days must the appeal packet be submitted?,F1,I don't know,"[""The appeal packet must be submitted within 21 calendar days of denial."", ""Submission is required within 21 days of the denial.""]"
medical_06,baseline,0,10,Who is the current oncology reviewer?,F8,I don't know,"[""The current reviewer is Dr. Moreno."", ""The oncology reviewer changed to Dr. Moreno."", ""The assigned oncology reviewer changed from Dr. Patel to Dr. Moreno this month.""]"
medical_06,baseline,0,15,What headers must every appeal document contain?,F3,"Patient information, medication requested, denial reason, and reference to guidelines or supporting literature headers.","[""Patient Background, Clinical Evidence, and Coverage Request."", ""Each document must include Patient Background, Clinical Evidence, and Coverage Request."", ""Every appeal document must contain the headers Patient Background, Clinical Evidence, and Coverage Request.""]"
medical_06,baseline,0,20,Who is the insurance provider?,F2,I don't know,"[""The insurance provider is NorthRiver Care Alliance."", ""NorthRiver Care Alliance is the payer.""]"
medical_06,baseline,0,25,What is the authorization tracking number?,F5,I don't know,"[""The authorization tracking number is NR-44092-Z."", ""Use tracking number NR-44092-Z.""]"
medical_06,baseline,1,5,Within how many calendar days must the appeal packet be submitted?,F1,I don't know,"[""The appeal packet must be submitted within 21 calendar days of denial."", ""Submission is required within 21 days of the denial.""]"
medical_06,baseline,1,10,Who is the current oncology reviewer?,F8,I don't know,"[""The current reviewer is Dr. Moreno."", ""The oncology reviewer changed to Dr. Moreno."", ""The assigned oncology reviewer changed from Dr. Patel to Dr. Moreno this month.""]"
medical_06,baseline,1,15,What headers must every appeal document contain?,F3,I don't know,"[""Patient Background, Clinical Evidence, and Coverage Request."", ""Each document must include Patient Background, Clinical Evidence, and Coverage Request."", ""Every appeal document must contain the headers Patient Background, Clinical Evidence, and Coverage Request.""]"
medical_06,baseline,1,20,Who is the insurance provider?,F2,I don't know,"[""The insurance provider is NorthRiver Care Alliance."", ""NorthRiver Care Alliance is the payer.""]"
medical_06,baseline,1,25,What is the authorization tracking number?,F5,I don't know,"[""The authorization tracking number is NR-44092-Z."", ""Use tracking number NR-44092-Z.""]"
medical_06,baseline,2,5,Within how many calendar days must the appeal packet be submitted?,F1,I don't know,"[""The appeal packet must be submitted within 21 calendar days of denial."", ""Submission is required within 21 days of the denial.""]"
medical_06,baseline,2,10,Who is the current oncology reviewer?,F8,I don't know,"[""The current reviewer is Dr. Moreno."", ""The oncology reviewer changed to Dr. Moreno."", ""The assigned oncology reviewer changed from Dr. Patel to Dr. Moreno this month.""]"
medical_06,baseline,2,15,What headers must every appeal document contain?,F3,I don't know,"[""Patient Background, Clinical Evidence, and Coverage Request."", ""Each document must include Patient Background, Clinical Evidence, and Coverage Request."", ""Every appeal document must contain the headers Patient Background, Clinical Evidence, and Coverage Request.""]"
medical_06,baseline,2,20,Who is the insurance provider?,F2,I don't know,"[""The insurance provider is NorthRiver Care Alliance."", ""NorthRiver Care Alliance is the payer.""]"
medical_06,baseline,2,25,What is the authorization tracking number?,F5,I don't know,"[""The authorization tracking number is NR-44092-Z."", ""Use tracking number NR-44092-Z.""]"
medical_06,baseline,3,5,Within how many calendar days must the appeal packet be submitted?,F1,I don't know,"[""The appeal packet must be submitted within 21 calendar days of denial."", ""Submission is required within 21 days of the denial.""]"
medical_06,baseline,3,10,Who is the current oncology reviewer?,F8,I don't know,"[""The current reviewer is Dr. Moreno."", ""The oncology reviewer changed to Dr. Moreno."", ""The assigned oncology reviewer changed from Dr. Patel to Dr. Moreno this month.""]"
medical_06,baseline,3,15,What headers must every appeal document contain?,F3,"Patient information, claim reference numbers, and appeal purpose headers must be on every appeal document.","[""Patient Background, Clinical Evidence, and Coverage Request."", ""Each document must include Patient Background, Clinical Evidence, and Coverage Request."", ""Every appeal document must contain the headers Patient Background, Clinical Evidence, and Coverage Request.""]"
medical_06,baseline,3,20,Who is the insurance provider?,F2,I don't know,"[""The insurance provider is NorthRiver Care Alliance."", ""NorthRiver Care Alliance is the payer.""]"
medical_06,baseline,3,25,What is the authorization tracking number?,F5,I don't know,"[""The authorization tracking number is NR-44092-Z."", ""Use tracking number NR-44092-Z.""]"
medical_06,baseline,4,5,Within how many calendar days must the appeal packet be submitted?,F1,I don't know,"[""The appeal packet must be submitted within 21 calendar days of denial."", ""Submission is required within 21 days of the denial.""]"
medical_06,baseline,4,10,Who is the current oncology reviewer?,F8,I don't know,"[""The current reviewer is Dr. Moreno."", ""The oncology reviewer changed to Dr. Moreno."", ""The assigned oncology reviewer changed from Dr. Patel to Dr. Moreno this month.""]"
medical_06,baseline,4,15,What headers must every appeal document contain?,F3,I don't know,"[""Patient Background, Clinical Evidence, and Coverage Request."", ""Each document must include Patient Background, Clinical Evidence, and Coverage Request."", ""Every appeal document must contain the headers Patient Background, Clinical Evidence, and Coverage Request.""]"
medical_06,baseline,4,20,Who is the insurance provider?,F2,I don't know,"[""The insurance provider is NorthRiver Care Alliance."", ""NorthRiver Care Alliance is the payer.""]"
medical_06,baseline,4,25,What is the authorization tracking number?,F5,I don't know,"[""The authorization tracking number is NR-44092-Z."", ""Use tracking number NR-44092-Z.""]"
medical_06,rolling_summary,0,5,Within how many calendar days must the appeal packet be submitted?,F1,I don't know,"[""The appeal packet must be submitted within 21 calendar days of denial."", ""Submission is required within 21 days of the denial.""]"
medical_06,rolling_summary,0,10,Who is the current oncology reviewer?,F8,I don't know,"[""The current reviewer is Dr. Moreno."", ""The oncology reviewer changed to Dr. Moreno."", ""The assigned oncology reviewer changed from Dr. Patel to Dr. Moreno this month.""]"
medical_06,rolling_summary,0,15,What headers must every appeal document contain?,F3,"Patient information, medication requested, denial reason, clinical justification summary, supporting documentation references, request for reconsideration.","[""Patient Background, Clinical Evidence, and Coverage Request."", ""Each document must include Patient Background, Clinical Evidence, and Coverage Request."", ""Every appeal document must contain the headers Patient Background, Clinical Evidence, and Coverage Request.""]"
medical_06,rolling_summary,0,20,Who is the insurance provider?,F2,I don't know,"[""The insurance provider is NorthRiver Care Alliance."", ""NorthRiver Care Alliance is the payer.""]"
medical_06,rolling_summary,0,25,What is the authorization tracking number?,F5,I don't know,"[""The authorization tracking number is NR-44092-Z."", ""Use tracking number NR-44092-Z.""]"
medical_06,rolling_summary,1,5,Within how many calendar days must the appeal packet be submitted?,F1,I don't know,"[""The appeal packet must be submitted within 21 calendar days of denial."", ""Submission is required within 21 days of the denial.""]"
medical_06,rolling_summary,1,10,Who is the current oncology reviewer?,F8,I don't know,"[""The current reviewer is Dr. Moreno."", ""The oncology reviewer changed to Dr. Moreno."", ""The assigned oncology reviewer changed from Dr. Patel to Dr. Moreno this month.""]"
medical_06,rolling_summary,1,15,What headers must every appeal document contain?,F3,"Patient details, medication and denial date, clear appeal statement, clinical justification summary, and attached supporting documents.","[""Patient Background, Clinical Evidence, and Coverage Request."", ""Each document must include Patient Background, Clinical Evidence, and Coverage Request."", ""Every appeal document must contain the headers Patient Background, Clinical Evidence, and Coverage Request.""]"
medical_06,rolling_summary,1,20,Who is the insurance provider?,F2,I don't know,"[""The insurance provider is NorthRiver Care Alliance."", ""NorthRiver Care Alliance is the payer.""]"
medical_06,rolling_summary,1,25,What is the authorization tracking number?,F5,I don't know,"[""The authorization tracking number is NR-44092-Z."", ""Use tracking number NR-44092-Z.""]"
medical_06,rolling_summary,2,5,Within how many calendar days must the appeal packet be submitted?,F1,I don't know,"[""The appeal packet must be submitted within 21 calendar days of denial."", ""Submission is required within 21 days of the denial.""]"
medical_06,rolling_summary,2,10,Who is the current oncology reviewer?,F8,I don't know,"[""The current reviewer is Dr. Moreno."", ""The oncology reviewer changed to Dr. Moreno."", ""The assigned oncology reviewer changed from Dr. Patel to Dr. Moreno this month.""]"
medical_06,rolling_summary,2,15,What headers must every appeal document contain?,F3,"Patient information, policy details, and specific medication must be included as headers in every appeal document.","[""Patient Background, Clinical Evidence, and Coverage Request."", ""Each document must include Patient Background, Clinical Evidence, and Coverage Request."", ""Every appeal document must contain the headers Patient Background, Clinical Evidence, and Coverage Request.""]"
medical_06,rolling_summary,2,20,Who is the insurance provider?,F2,I don't know,"[""The insurance provider is NorthRiver Care Alliance."", ""NorthRiver Care Alliance is the payer.""]"
medical_06,rolling_summary,2,25,What is the authorization tracking number?,F5,I don't know,"[""The authorization tracking number is NR-44092-Z."", ""Use tracking number NR-44092-Z.""]"
medical_06,rolling_summary,3,5,Within how many calendar days must the appeal packet be submitted?,F1,I don't know,"[""The appeal packet must be submitted within 21 calendar days of denial."", ""Submission is required within 21 days of the denial.""]"
medical_06,rolling_summary,3,10,Who is the current oncology reviewer?,F8,I don't know,"[""The current reviewer is Dr. Moreno."", ""The oncology reviewer changed to Dr. Moreno."", ""The assigned oncology reviewer changed from Dr. Patel to Dr. Moreno this month.""]"
medical_06,rolling_summary,3,15,What headers must every appeal document contain?,F3,"Patient name, insurance ID, diagnosis, provider information, reason for denial, clinical rationale, and reference to attachments.","[""Patient Background, Clinical Evidence, and Coverage Request."", ""Each document must include Patient Background, Clinical Evidence, and Coverage Request."", ""Every appeal document must contain the headers Patient Background, Clinical Evidence, and Coverage Request.""]"
medical_06,rolling_summary,3,20,Who is the insurance provider?,F2,I don't know,"[""The insurance provider is NorthRiver Care Alliance."", ""NorthRiver Care Alliance is the payer.""]"
medical_06,rolling_summary,3,25,What is the authorization tracking number?,F5,I don't know,"[""The authorization tracking number is NR-44092-Z."", ""Use tracking number NR-44092-Z.""]"
medical_06,rolling_summary,4,5,Within how many calendar days must the appeal packet be submitted?,F1,I don't know,"[""The appeal packet must be submitted within 21 calendar days of denial."", ""Submission is required within 21 days of the denial.""]"
medical_06,rolling_summary,4,10,Who is the current oncology reviewer?,F8,I don't know,"[""The current reviewer is Dr. Moreno."", ""The oncology reviewer changed to Dr. Moreno."", ""The assigned oncology reviewer changed from Dr. Patel to Dr. Moreno this month.""]"
medical_06,rolling_summary,4,15,What headers must every appeal document contain?,F3,"Patient identification, insurance details, medication name and dosage, clinical condition summary, denial reason response, and request for reconsideration.","[""Patient Background, Clinical Evidence, and Coverage Request."", ""Each document must include Patient Background, Clinical Evidence, and Coverage Request."", ""Every appeal document must contain the headers Patient Background, Clinical Evidence, and Coverage Request.""]"
medical_06,rolling_summary,4,20,Who is the insurance provider?,F2,I don't know,"[""The insurance provider is NorthRiver Care Alliance."", ""NorthRiver Care Alliance is the payer.""]"
medical_06,rolling_summary,4,25,What is the authorization tracking number?,F5,I don't know,"[""The authorization tracking number is NR-44092-Z."", ""Use tracking number NR-44092-Z.""]"
medical_06,hierarchical,0,5,Within how many calendar days must the appeal packet be submitted?,F1,"The appeal packet must be submitted within the insurer's specified timeline, typically 30 calendar days from denial notice.","[""The appeal packet must be submitted within 21 calendar days of denial."", ""Submission is required within 21 days of the denial.""]"
medical_06,hierarchical,0,10,Who is the current oncology reviewer?,F8,I don't know,"[""The current reviewer is Dr. Moreno."", ""The oncology reviewer changed to Dr. Moreno."", ""The assigned oncology reviewer changed from Dr. Patel to Dr. Moreno this month.""]"
medical_06,hierarchical,0,15,What headers must every appeal document contain?,F3,"Patient details, denied medication, and medical necessity must be included in every appeal document header.","[""Patient Background, Clinical Evidence, and Coverage Request."", ""Each document must include Patient Background, Clinical Evidence, and Coverage Request."", ""Every appeal document must contain the headers Patient Background, Clinical Evidence, and Coverage Request.""]"
medical_06,hierarchical,0,20,Who is the insurance provider?,F2,I don't know,"[""The insurance provider is NorthRiver Care Alliance."", ""NorthRiver Care Alliance is the payer.""]"
medical_06,hierarchical,0,25,What is the authorization tracking number?,F5,I don't know,"[""The authorization tracking number is NR-44092-Z."", ""Use tracking number NR-44092-Z.""]"
medical_06,hierarchical,1,5,Within how many calendar days must the appeal packet be submitted?,F1,"The appeal packet must be submitted within the insurer's specified deadline, typically stated in the denial notice.","[""The appeal packet must be submitted within 21 calendar days of denial."", ""Submission is required within 21 days of the denial.""]"
medical_06,hierarchical,1,10,Who is the current oncology reviewer?,F8,Dr. Smith is the current oncology reviewer for the denied medication appeal case.,"[""The current reviewer is Dr. Moreno."", ""The oncology reviewer changed to Dr. Moreno."", ""The assigned oncology reviewer changed from Dr. Patel to Dr. Moreno this month.""]"
medical_06,hierarchical,1,15,What headers must every appeal document contain?,F3,"Appeal documents must include patient ID, claim details, and insurer contacts in the headers.","[""Patient Background, Clinical Evidence, and Coverage Request."", ""Each document must include Patient Background, Clinical Evidence, and Coverage Request."", ""Every appeal document must contain the headers Patient Background, Clinical Evidence, and Coverage Request.""]"
medical_06,hierarchical,1,20,Who is the insurance provider?,F2,I don't know,"[""The insurance provider is NorthRiver Care Alliance."", ""NorthRiver Care Alliance is the payer.""]"
medical_06,hierarchical,1,25,What is the authorization tracking number?,F5,I don't know,"[""The authorization tracking number is NR-44092-Z."", ""Use tracking number NR-44092-Z.""]"
medical_06,hierarchical,2,5,Within how many calendar days must the appeal packet be submitted?,F1,I don't know,"[""The appeal packet must be submitted within 21 calendar days of denial."", ""Submission is required within 21 days of the denial.""]"
medical_06,hierarchical,2,10,Who is the current oncology reviewer?,F8,I don't know,"[""The current reviewer is Dr. Moreno."", ""The oncology reviewer changed to Dr. Moreno."", ""The assigned oncology reviewer changed from Dr. Patel to Dr. Moreno this month.""]"
medical_06,hierarchical,2,15,What headers must every appeal document contain?,F3,"Patient and insurance details, purpose of appeal, point-by-point denial responses, medical necessity and urgency references.","[""Patient Background, Clinical Evidence, and Coverage Request."", ""Each document must include Patient Background, Clinical Evidence, and Coverage Request."", ""Every appeal document must contain the headers Patient Background, Clinical Evidence, and Coverage Request.""]"
medical_06,hierarchical,2,20,Who is the insurance provider?,F2,I don't know,"[""The insurance provider is NorthRiver Care Alliance."", ""NorthRiver Care Alliance is the payer.""]"
medical_06,hierarchical,2,25,What is the authorization tracking number?,F5,I don't know,"[""The authorization tracking number is NR-44092-Z."", ""Use tracking number NR-44092-Z.""]"
medical_06,hierarchical,3,5,Within how many calendar days must the appeal packet be submitted?,F1,I don't know,"[""The appeal packet must be submitted within 21 calendar days of denial."", ""Submission is required within 21 days of the denial.""]"
medical_06,hierarchical,3,10,Who is the current oncology reviewer?,F8,I don't know,"[""The current reviewer is Dr. Moreno."", ""The oncology reviewer changed to Dr. Moreno."", ""The assigned oncology reviewer changed from Dr. Patel to Dr. Moreno this month.""]"
medical_06,hierarchical,3,15,What headers must every appeal document contain?,F3,"Patient information, medication requested, denial reason, and medical necessity headers must be on every appeal document.","[""Patient Background, Clinical Evidence, and Coverage Request."", ""Each document must include Patient Background, Clinical Evidence, and Coverage Request."", ""Every appeal document must contain the headers Patient Background, Clinical Evidence, and Coverage Request.""]"
medical_06,hierarchical,3,20,Who is the insurance provider?,F2,I don't know,"[""The insurance provider is NorthRiver Care Alliance."", ""NorthRiver Care Alliance is the payer.""]"
medical_06,hierarchical,3,25,What is the authorization tracking number?,F5,I don't know,"[""The authorization tracking number is NR-44092-Z."", ""Use tracking number NR-44092-Z.""]"
medical_06,hierarchical,4,5,Within how many calendar days must the appeal packet be submitted?,F1,The appeal packet must be submitted within the deadline stated in the denial letter.,"[""The appeal packet must be submitted within 21 calendar days of denial."", ""Submission is required within 21 days of the denial.""]"
medical_06,hierarchical,4,10,Who is the current oncology reviewer?,F8,I don't know,"[""The current reviewer is Dr. Moreno."", ""The oncology reviewer changed to Dr. Moreno."", ""The assigned oncology reviewer changed from Dr. Patel to Dr. Moreno this month.""]"
medical_06,hierarchical,4,15,What headers must every appeal document contain?,F3,"Patient name, date of birth, insurance ID, diagnosis, and appeal documentation list headers.","[""Patient Background, Clinical Evidence, and Coverage Request."", ""Each document must include Patient Background, Clinical Evidence, and Coverage Request."", ""Every appeal document must contain the headers Patient Background, Clinical Evidence, and Coverage Request.""]"
medical_06,hierarchical,4,20,Who is the insurance provider?,F2,I don't know,"[""The insurance provider is NorthRiver Care Alliance."", ""NorthRiver Care Alliance is the payer.""]"
medical_06,hierarchical,4,25,What is the authorization tracking number?,F5,I don't know,"[""The authorization tracking number is NR-44092-Z."", ""Use tracking number NR-44092-Z.""]"
medical_06,rag,0,5,Within how many calendar days must the appeal packet be submitted?,F1,I don't know,"[""The appeal packet must be submitted within 21 calendar days of denial."", ""Submission is required within 21 days of the denial.""]"
medical_06,rag,0,10,Who is the current oncology reviewer?,F8,I don't know,"[""The current reviewer is Dr. Moreno."", ""The oncology reviewer changed to Dr. Moreno."", ""The assigned oncology reviewer changed from Dr. Patel to Dr. Moreno this month.""]"
medical_06,rag,0,15,What headers must every appeal document contain?,F3,"Patient’s identifying information, reference to denial and date, purpose of appeal, clinical summary, supporting documentation, and citations.","[""Patient Background, Clinical Evidence, and Coverage Request."", ""Each document must include Patient Background, Clinical Evidence, and Coverage Request."", ""Every appeal document must contain the headers Patient Background, Clinical Evidence, and Coverage Request.""]"
medical_06,rag,0,20,Who is the insurance provider?,F2,I don't know,"[""The insurance provider is NorthRiver Care Alliance."", ""NorthRiver Care Alliance is the payer.""]"
medical_06,rag,0,25,What is the authorization tracking number?,F5,I don't know,"[""The authorization tracking number is NR-44092-Z."", ""Use tracking number NR-44092-Z.""]"
medical_06,rag,1,5,Within how many calendar days must the appeal packet be submitted?,F1,I don't know,"[""The appeal packet must be submitted within 21 calendar days of denial."", ""Submission is required within 21 days of the denial.""]"
medical_06,rag,1,10,Who is the current oncology reviewer?,F8,I don't know,"[""The current reviewer is Dr. Moreno."", ""The oncology reviewer changed to Dr. Moreno."", ""The assigned oncology reviewer changed from Dr. Patel to Dr. Moreno this month.""]"
medical_06,rag,1,15,What headers must every appeal document contain?,F3,"Consistent headers are required, but specific header names were not provided in the conversation history.","[""Patient Background, Clinical Evidence, and Coverage Request."", ""Each document must include Patient Background, Clinical Evidence, and Coverage Request."", ""Every appeal document must contain the headers Patient Background, Clinical Evidence, and Coverage Request.""]"
medical_06,rag,1,20,Who is the insurance provider?,F2,I don't know,"[""The insurance provider is NorthRiver Care Alliance."", ""NorthRiver Care Alliance is the payer.""]"
medical_06,rag,1,25,What is the authorization tracking number?,F5,I don't know,"[""The authorization tracking number is NR-44092-Z."", ""Use tracking number NR-44092-Z.""]"
medical_06,rag,2,5,Within how many calendar days must the appeal packet be submitted?,F1,I don't know,"[""The appeal packet must be submitted within 21 calendar days of denial."", ""Submission is required within 21 days of the denial.""]"
medical_06,rag,2,10,Who is the current oncology reviewer?,F8,I don't know,"[""The current reviewer is Dr. Moreno."", ""The oncology reviewer changed to Dr. Moreno."", ""The assigned oncology reviewer changed from Dr. Patel to Dr. Moreno this month.""]"
medical_06,rag,2,15,What headers must every appeal document contain?,F3,"Appeal letter, supporting documentation, completed forms, physician signature, adverse reaction records, laboratory data, medication timelines, oncology guidelines.","[""Patient Background, Clinical Evidence, and Coverage Request."", ""Each document must include Patient Background, Clinical Evidence, and Coverage Request."", ""Every appeal document must contain the headers Patient Background, Clinical Evidence, and Coverage Request.""]"
medical_06,rag,2,20,Who is the insurance provider?,F2,I don't know,"[""The insurance provider is NorthRiver Care Alliance."", ""NorthRiver Care Alliance is the payer.""]"
medical_06,rag,2,25,What is the authorization tracking number?,F5,I don't know,"[""The authorization tracking number is NR-44092-Z."", ""Use tracking number NR-44092-Z.""]"
medical_06,rag,3,5,Within how many calendar days must the appeal packet be submitted?,F1,I don't know,"[""The appeal packet must be submitted within 21 calendar days of denial."", ""Submission is required within 21 days of the denial.""]"
medical_06,rag,3,10,Who is the current oncology reviewer?,F8,I don't know,"[""The current reviewer is Dr. Moreno."", ""The oncology reviewer changed to Dr. Moreno."", ""The assigned oncology reviewer changed from Dr. Patel to Dr. Moreno this month.""]"
medical_06,rag,3,15,What headers must every appeal document contain?,F3,The conversation history does not specify the exact headers required for every appeal document.,"[""Patient Background, Clinical Evidence, and Coverage Request."", ""Each document must include Patient Background, Clinical Evidence, and Coverage Request."", ""Every appeal document must contain the headers Patient Background, Clinical Evidence, and Coverage Request.""]"
medical_06,rag,3,20,Who is the insurance provider?,F2,I don't know,"[""The insurance provider is NorthRiver Care Alliance."", ""NorthRiver Care Alliance is the payer.""]"
medical_06,rag,3,25,What is the authorization tracking number?,F5,I don't know,"[""The authorization tracking number is NR-44092-Z."", ""Use tracking number NR-44092-Z.""]"
medical_06,rag,4,5,Within how many calendar days must the appeal packet be submitted?,F1,I don't know,"[""The appeal packet must be submitted within 21 calendar days of denial."", ""Submission is required within 21 days of the denial.""]"
medical_06,rag,4,10,Who is the current oncology reviewer?,F8,I don't know,"[""The current reviewer is Dr. Moreno."", ""The oncology reviewer changed to Dr. Moreno."", ""The assigned oncology reviewer changed from Dr. Patel to Dr. Moreno this month.""]"
medical_06,rag,4,15,What headers must every appeal document contain?,F3,"Headers with uniform font, margins, and consistent layout must appear on every appeal document page.","[""Patient Background, Clinical Evidence, and Coverage Request."", ""Each document must include Patient Background, Clinical Evidence, and Coverage Request."", ""Every appeal document must contain the headers Patient Background, Clinical Evidence, and Coverage Request.""]"
medical_06,rag,4,20,Who is the insurance provider?,F2,I don't know,"[""The insurance provider is NorthRiver Care Alliance."", ""NorthRiver Care Alliance is the payer.""]"
medical_06,rag,4,25,What is the authorization tracking number?,F5,I don't know,"[""The authorization tracking number is NR-44092-Z."", ""Use tracking number NR-44092-Z.""]"
medical_07,baseline,0,5,In which AWS region are patient records stored?,F1,I don't know,"[""AWS us-east-1"", ""Patient records are stored in AWS us-east-1"", ""The platform stores patient records in AWS us-east-1.""]"
medical_07,baseline,0,10,In which languages must patient consent forms be available?,F4,I don't know,"[""English and Spanish"", ""Consent forms must be available in English and Spanish"", ""Patient consent forms must be available in English and Spanish.""]"
medical_07,baseline,0,15,What did the recent audit identify among contractors?,F6,I don't know,"[""Weak MFA adoption among contractors"", ""The audit identified weak MFA adoption among contractors"", ""A recent audit identified weak MFA adoption among contractors.""]"
medical_07,baseline,0,20,What specialists is the organization considering onboarding?,F8,I don't know,"[""Pediatric specialists"", ""The organization is considering onboarding pediatric specialists""]"
medical_07,baseline,0,25,Within how many hours must remote consultations be logged?,F2,I don't know,"[""Within 12 hours"", ""Remote consultations must be logged within 12 hours""]"
medical_07,baseline,1,5,In which AWS region are patient records stored?,F1,I don't know,"[""AWS us-east-1"", ""Patient records are stored in AWS us-east-1"", ""The platform stores patient records in AWS us-east-1.""]"
medical_07,baseline,1,10,In which languages must patient consent forms be available?,F4,"Multiple languages, including those required for elderly patients needing interpreter assistance.","[""English and Spanish"", ""Consent forms must be available in English and Spanish"", ""Patient consent forms must be available in English and Spanish.""]"
medical_07,baseline,1,15,What did the recent audit identify among contractors?,F6,I don't know,"[""Weak MFA adoption among contractors"", ""The audit identified weak MFA adoption among contractors"", ""A recent audit identified weak MFA adoption among contractors.""]"
medical_07,baseline,1,20,What specialists is the organization considering onboarding?,F8,I don't know,"[""Pediatric specialists"", ""The organization is considering onboarding pediatric specialists""]"
medical_07,baseline,1,25,Within how many hours must remote consultations be logged?,F2,I don't know,"[""Within 12 hours"", ""Remote consultations must be logged within 12 hours""]"
medical_07,baseline,2,5,In which AWS region are patient records stored?,F1,I don't know,"[""AWS us-east-1"", ""Patient records are stored in AWS us-east-1"", ""The platform stores patient records in AWS us-east-1.""]"
medical_07,baseline,2,10,In which languages must patient consent forms be available?,F4,Multiple languages with interpreter support to ensure comprehension for elderly patients.,"[""English and Spanish"", ""Consent forms must be available in English and Spanish"", ""Patient consent forms must be available in English and Spanish.""]"
medical_07,baseline,2,15,What did the recent audit identify among contractors?,F6,I don't know,"[""Weak MFA adoption among contractors"", ""The audit identified weak MFA adoption among contractors"", ""A recent audit identified weak MFA adoption among contractors.""]"
medical_07,baseline,2,20,What specialists is the organization considering onboarding?,F8,I don't know,"[""Pediatric specialists"", ""The organization is considering onboarding pediatric specialists""]"
medical_07,baseline,2,25,Within how many hours must remote consultations be logged?,F2,I don't know,"[""Within 12 hours"", ""Remote consultations must be logged within 12 hours""]"
medical_07,baseline,3,5,In which AWS region are patient records stored?,F1,I don't know,"[""AWS us-east-1"", ""Patient records are stored in AWS us-east-1"", ""The platform stores patient records in AWS us-east-1.""]"
medical_07,baseline,3,10,In which languages must patient consent forms be available?,F4,I don't know,"[""English and Spanish"", ""Consent forms must be available in English and Spanish"", ""Patient consent forms must be available in English and Spanish.""]"
medical_07,baseline,3,15,What did the recent audit identify among contractors?,F6,I don't know,"[""Weak MFA adoption among contractors"", ""The audit identified weak MFA adoption among contractors"", ""A recent audit identified weak MFA adoption among contractors.""]"
medical_07,baseline,3,20,What specialists is the organization considering onboarding?,F8,I don't know,"[""Pediatric specialists"", ""The organization is considering onboarding pediatric specialists""]"
medical_07,baseline,3,25,Within how many hours must remote consultations be logged?,F2,I don't know,"[""Within 12 hours"", ""Remote consultations must be logged within 12 hours""]"
medical_07,baseline,4,5,In which AWS region are patient records stored?,F1,I don't know,"[""AWS us-east-1"", ""Patient records are stored in AWS us-east-1"", ""The platform stores patient records in AWS us-east-1.""]"
medical_07,baseline,4,10,In which languages must patient consent forms be available?,F4,I don't know,"[""English and Spanish"", ""Consent forms must be available in English and Spanish"", ""Patient consent forms must be available in English and Spanish.""]"
medical_07,baseline,4,15,What did the recent audit identify among contractors?,F6,I don't know,"[""Weak MFA adoption among contractors"", ""The audit identified weak MFA adoption among contractors"", ""A recent audit identified weak MFA adoption among contractors.""]"
medical_07,baseline,4,20,What specialists is the organization considering onboarding?,F8,I don't know,"[""Pediatric specialists"", ""The organization is considering onboarding pediatric specialists""]"
medical_07,baseline,4,25,Within how many hours must remote consultations be logged?,F2,I don't know,"[""Within 12 hours"", ""Remote consultations must be logged within 12 hours""]"
medical_07,rolling_summary,0,5,In which AWS region are patient records stored?,F1,I don't know,"[""AWS us-east-1"", ""Patient records are stored in AWS us-east-1"", ""The platform stores patient records in AWS us-east-1.""]"
medical_07,rolling_summary,0,10,In which languages must patient consent forms be available?,F4,I don't know,"[""English and Spanish"", ""Consent forms must be available in English and Spanish"", ""Patient consent forms must be available in English and Spanish.""]"
medical_07,rolling_summary,0,15,What did the recent audit identify among contractors?,F6,I don't know,"[""Weak MFA adoption among contractors"", ""The audit identified weak MFA adoption among contractors"", ""A recent audit identified weak MFA adoption among contractors.""]"
medical_07,rolling_summary,0,20,What specialists is the organization considering onboarding?,F8,I don't know,"[""Pediatric specialists"", ""The organization is considering onboarding pediatric specialists""]"
medical_07,rolling_summary,0,25,Within how many hours must remote consultations be logged?,F2,I don't know,"[""Within 12 hours"", ""Remote consultations must be logged within 12 hours""]"
medical_07,rolling_summary,1,5,In which AWS region are patient records stored?,F1,I don't know,"[""AWS us-east-1"", ""Patient records are stored in AWS us-east-1"", ""The platform stores patient records in AWS us-east-1.""]"
medical_07,rolling_summary,1,10,In which languages must patient consent forms be available?,F4,I don't know,"[""English and Spanish"", ""Consent forms must be available in English and Spanish"", ""Patient consent forms must be available in English and Spanish.""]"
medical_07,rolling_summary,1,15,What did the recent audit identify among contractors?,F6,I don't know,"[""Weak MFA adoption among contractors"", ""The audit identified weak MFA adoption among contractors"", ""A recent audit identified weak MFA adoption among contractors.""]"
medical_07,rolling_summary,1,20,What specialists is the organization considering onboarding?,F8,I don't know,"[""Pediatric specialists"", ""The organization is considering onboarding pediatric specialists""]"
medical_07,rolling_summary,1,25,Within how many hours must remote consultations be logged?,F2,I don't know,"[""Within 12 hours"", ""Remote consultations must be logged within 12 hours""]"
medical_07,rolling_summary,2,5,In which AWS region are patient records stored?,F1,I don't know,"[""AWS us-east-1"", ""Patient records are stored in AWS us-east-1"", ""The platform stores patient records in AWS us-east-1.""]"
medical_07,rolling_summary,2,10,In which languages must patient consent forms be available?,F4,I don't know,"[""English and Spanish"", ""Consent forms must be available in English and Spanish"", ""Patient consent forms must be available in English and Spanish.""]"
medical_07,rolling_summary,2,15,What did the recent audit identify among contractors?,F6,I don't know,"[""Weak MFA adoption among contractors"", ""The audit identified weak MFA adoption among contractors"", ""A recent audit identified weak MFA adoption among contractors.""]"
medical_07,rolling_summary,2,20,What specialists is the organization considering onboarding?,F8,I don't know,"[""Pediatric specialists"", ""The organization is considering onboarding pediatric specialists""]"
medical_07,rolling_summary,2,25,Within how many hours must remote consultations be logged?,F2,I don't know,"[""Within 12 hours"", ""Remote consultations must be logged within 12 hours""]"
medical_07,rolling_summary,3,5,In which AWS region are patient records stored?,F1,I don't know,"[""AWS us-east-1"", ""Patient records are stored in AWS us-east-1"", ""The platform stores patient records in AWS us-east-1.""]"
medical_07,rolling_summary,3,10,In which languages must patient consent forms be available?,F4,I don't know,"[""English and Spanish"", ""Consent forms must be available in English and Spanish"", ""Patient consent forms must be available in English and Spanish.""]"
medical_07,rolling_summary,3,15,What did the recent audit identify among contractors?,F6,I don't know,"[""Weak MFA adoption among contractors"", ""The audit identified weak MFA adoption among contractors"", ""A recent audit identified weak MFA adoption among contractors.""]"
medical_07,rolling_summary,3,20,What specialists is the organization considering onboarding?,F8,I don't know,"[""Pediatric specialists"", ""The organization is considering onboarding pediatric specialists""]"
medical_07,rolling_summary,3,25,Within how many hours must remote consultations be logged?,F2,I don't know,"[""Within 12 hours"", ""Remote consultations must be logged within 12 hours""]"
medical_07,rolling_summary,4,5,In which AWS region are patient records stored?,F1,I don't know,"[""AWS us-east-1"", ""Patient records are stored in AWS us-east-1"", ""The platform stores patient records in AWS us-east-1.""]"
medical_07,rolling_summary,4,10,In which languages must patient consent forms be available?,F4,I don't know,"[""English and Spanish"", ""Consent forms must be available in English and Spanish"", ""Patient consent forms must be available in English and Spanish.""]"
medical_07,rolling_summary,4,15,What did the recent audit identify among contractors?,F6,I don't know,"[""Weak MFA adoption among contractors"", ""The audit identified weak MFA adoption among contractors"", ""A recent audit identified weak MFA adoption among contractors.""]"
medical_07,rolling_summary,4,20,What specialists is the organization considering onboarding?,F8,I don't know,"[""Pediatric specialists"", ""The organization is considering onboarding pediatric specialists""]"
medical_07,rolling_summary,4,25,Within how many hours must remote consultations be logged?,F2,I don't know,"[""Within 12 hours"", ""Remote consultations must be logged within 12 hours""]"
medical_07,hierarchical,0,5,In which AWS region are patient records stored?,F1,I don't know,"[""AWS us-east-1"", ""Patient records are stored in AWS us-east-1"", ""The platform stores patient records in AWS us-east-1.""]"
medical_07,hierarchical,0,10,In which languages must patient consent forms be available?,F4,I don't know,"[""English and Spanish"", ""Consent forms must be available in English and Spanish"", ""Patient consent forms must be available in English and Spanish.""]"
medical_07,hierarchical,0,15,What did the recent audit identify among contractors?,F6,I don't know,"[""Weak MFA adoption among contractors"", ""The audit identified weak MFA adoption among contractors"", ""A recent audit identified weak MFA adoption among contractors.""]"
medical_07,hierarchical,0,20,What specialists is the organization considering onboarding?,F8,I don't know,"[""Pediatric specialists"", ""The organization is considering onboarding pediatric specialists""]"
medical_07,hierarchical,0,25,Within how many hours must remote consultations be logged?,F2,I don't know,"[""Within 12 hours"", ""Remote consultations must be logged within 12 hours""]"
medical_07,hierarchical,1,5,In which AWS region are patient records stored?,F1,I don't know,"[""AWS us-east-1"", ""Patient records are stored in AWS us-east-1"", ""The platform stores patient records in AWS us-east-1.""]"
medical_07,hierarchical,1,10,In which languages must patient consent forms be available?,F4,"Multiple languages tailored for elderly patients, as per legal team recommendation; specific languages not listed.","[""English and Spanish"", ""Consent forms must be available in English and Spanish"", ""Patient consent forms must be available in English and Spanish.""]"
medical_07,hierarchical,1,15,What did the recent audit identify among contractors?,F6,I don't know,"[""Weak MFA adoption among contractors"", ""The audit identified weak MFA adoption among contractors"", ""A recent audit identified weak MFA adoption among contractors.""]"
medical_07,hierarchical,1,20,What specialists is the organization considering onboarding?,F8,I don't know,"[""Pediatric specialists"", ""The organization is considering onboarding pediatric specialists""]"
medical_07,hierarchical,1,25,Within how many hours must remote consultations be logged?,F2,Within 24-72 hours post-encounter.,"[""Within 12 hours"", ""Remote consultations must be logged within 12 hours""]"
medical_07,hierarchical,2,5,In which AWS region are patient records stored?,F1,I don't know,"[""AWS us-east-1"", ""Patient records are stored in AWS us-east-1"", ""The platform stores patient records in AWS us-east-1.""]"
medical_07,hierarchical,2,10,In which languages must patient consent forms be available?,F4,Multilingual consent forms tailored to elderly patients' language needs must be available.,"[""English and Spanish"", ""Consent forms must be available in English and Spanish"", ""Patient consent forms must be available in English and Spanish.""]"
medical_07,hierarchical,2,15,What did the recent audit identify among contractors?,F6,I don't know,"[""Weak MFA adoption among contractors"", ""The audit identified weak MFA adoption among contractors"", ""A recent audit identified weak MFA adoption among contractors.""]"
medical_07,hierarchical,2,20,What specialists is the organization considering onboarding?,F8,I don't know,"[""Pediatric specialists"", ""The organization is considering onboarding pediatric specialists""]"
medical_07,hierarchical,2,25,Within how many hours must remote consultations be logged?,F2,I don't know,"[""Within 12 hours"", ""Remote consultations must be logged within 12 hours""]"
medical_07,hierarchical,3,5,In which AWS region are patient records stored?,F1,I don't know,"[""AWS us-east-1"", ""Patient records are stored in AWS us-east-1"", ""The platform stores patient records in AWS us-east-1.""]"
medical_07,hierarchical,3,10,In which languages must patient consent forms be available?,F4,Multilingual patient consent forms should cover languages relevant to elderly patients' cultural and linguistic needs.,"[""English and Spanish"", ""Consent forms must be available in English and Spanish"", ""Patient consent forms must be available in English and Spanish.""]"
medical_07,hierarchical,3,15,What did the recent audit identify among contractors?,F6,I don't know,"[""Weak MFA adoption among contractors"", ""The audit identified weak MFA adoption among contractors"", ""A recent audit identified weak MFA adoption among contractors.""]"
medical_07,hierarchical,3,20,What specialists is the organization considering onboarding?,F8,I don't know,"[""Pediatric specialists"", ""The organization is considering onboarding pediatric specialists""]"
medical_07,hierarchical,3,25,Within how many hours must remote consultations be logged?,F2,I don't know,"[""Within 12 hours"", ""Remote consultations must be logged within 12 hours""]"
medical_07,hierarchical,4,5,In which AWS region are patient records stored?,F1,I don't know,"[""AWS us-east-1"", ""Patient records are stored in AWS us-east-1"", ""The platform stores patient records in AWS us-east-1.""]"
medical_07,hierarchical,4,10,In which languages must patient consent forms be available?,F4,"Patient consent forms must be available in the patient's preferred language with clear translations, especially for elderly patients.","[""English and Spanish"", ""Consent forms must be available in English and Spanish"", ""Patient consent forms must be available in English and Spanish.""]"
medical_07,hierarchical,4,15,What did the recent audit identify among contractors?,F6,I don't know,"[""Weak MFA adoption among contractors"", ""The audit identified weak MFA adoption among contractors"", ""A recent audit identified weak MFA adoption among contractors.""]"
medical_07,hierarchical,4,20,What specialists is the organization considering onboarding?,F8,I don't know,"[""Pediatric specialists"", ""The organization is considering onboarding pediatric specialists""]"
medical_07,hierarchical,4,25,Within how many hours must remote consultations be logged?,F2,I don't know,"[""Within 12 hours"", ""Remote consultations must be logged within 12 hours""]"
medical_07,rag,0,5,In which AWS region are patient records stored?,F1,I don't know,"[""AWS us-east-1"", ""Patient records are stored in AWS us-east-1"", ""The platform stores patient records in AWS us-east-1.""]"
medical_07,rag,0,10,In which languages must patient consent forms be available?,F4,I don't know,"[""English and Spanish"", ""Consent forms must be available in English and Spanish"", ""Patient consent forms must be available in English and Spanish.""]"
medical_07,rag,0,15,What did the recent audit identify among contractors?,F6,I don't know,"[""Weak MFA adoption among contractors"", ""The audit identified weak MFA adoption among contractors"", ""A recent audit identified weak MFA adoption among contractors.""]"
medical_07,rag,0,20,What specialists is the organization considering onboarding?,F8,I don't know,"[""Pediatric specialists"", ""The organization is considering onboarding pediatric specialists""]"
medical_07,rag,0,25,Within how many hours must remote consultations be logged?,F2,Within the required reporting window specified by state-specific timing requirements for documentation.,"[""Within 12 hours"", ""Remote consultations must be logged within 12 hours""]"
medical_07,rag,1,5,In which AWS region are patient records stored?,F1,I don't know,"[""AWS us-east-1"", ""Patient records are stored in AWS us-east-1"", ""The platform stores patient records in AWS us-east-1.""]"
medical_07,rag,1,10,In which languages must patient consent forms be available?,F4,Multilingual consent forms must be available to ensure elderly patients fully understand disclosures.,"[""English and Spanish"", ""Consent forms must be available in English and Spanish"", ""Patient consent forms must be available in English and Spanish.""]"
medical_07,rag,1,15,What did the recent audit identify among contractors?,F6,I don't know,"[""Weak MFA adoption among contractors"", ""The audit identified weak MFA adoption among contractors"", ""A recent audit identified weak MFA adoption among contractors.""]"
medical_07,rag,1,20,What specialists is the organization considering onboarding?,F8,I don't know,"[""Pediatric specialists"", ""The organization is considering onboarding pediatric specialists""]"
medical_07,rag,1,25,Within how many hours must remote consultations be logged?,F2,"Within 24-72 hours, based on state laws, providers must complete telehealth visit summaries.","[""Within 12 hours"", ""Remote consultations must be logged within 12 hours""]"
medical_07,rag,2,5,In which AWS region are patient records stored?,F1,I don't know,"[""AWS us-east-1"", ""Patient records are stored in AWS us-east-1"", ""The platform stores patient records in AWS us-east-1.""]"
medical_07,rag,2,10,In which languages must patient consent forms be available?,F4,State-specific multilingual consent forms are required for patient consent disclosures.,"[""English and Spanish"", ""Consent forms must be available in English and Spanish"", ""Patient consent forms must be available in English and Spanish.""]"
medical_07,rag,2,15,What did the recent audit identify among contractors?,F6,I don't know,"[""Weak MFA adoption among contractors"", ""The audit identified weak MFA adoption among contractors"", ""A recent audit identified weak MFA adoption among contractors.""]"
medical_07,rag,2,20,What specialists is the organization considering onboarding?,F8,I don't know,"[""Pediatric specialists"", ""The organization is considering onboarding pediatric specialists""]"
medical_07,rag,2,25,Within how many hours must remote consultations be logged?,F2,I don't know,"[""Within 12 hours"", ""Remote consultations must be logged within 12 hours""]"
medical_07,rag,3,5,In which AWS region are patient records stored?,F1,I don't know,"[""AWS us-east-1"", ""Patient records are stored in AWS us-east-1"", ""The platform stores patient records in AWS us-east-1.""]"
medical_07,rag,3,10,In which languages must patient consent forms be available?,F4,Multiple languages to accommodate elderly patients and ensure clear communication with interpreters.,"[""English and Spanish"", ""Consent forms must be available in English and Spanish"", ""Patient consent forms must be available in English and Spanish.""]"
medical_07,rag,3,15,What did the recent audit identify among contractors?,F6,I don't know,"[""Weak MFA adoption among contractors"", ""The audit identified weak MFA adoption among contractors"", ""A recent audit identified weak MFA adoption among contractors.""]"
medical_07,rag,3,20,What specialists is the organization considering onboarding?,F8,I don't know,"[""Pediatric specialists"", ""The organization is considering onboarding pediatric specialists""]"
medical_07,rag,3,25,Within how many hours must remote consultations be logged?,F2,I don't know,"[""Within 12 hours"", ""Remote consultations must be logged within 12 hours""]"
medical_07,rag,4,5,In which AWS region are patient records stored?,F1,I don't know,"[""AWS us-east-1"", ""Patient records are stored in AWS us-east-1"", ""The platform stores patient records in AWS us-east-1.""]"
medical_07,rag,4,10,In which languages must patient consent forms be available?,F4,"Multilingual consent forms must be available, specific languages not detailed in the conversation history.","[""English and Spanish"", ""Consent forms must be available in English and Spanish"", ""Patient consent forms must be available in English and Spanish.""]"
medical_07,rag,4,15,What did the recent audit identify among contractors?,F6,I don't know,"[""Weak MFA adoption among contractors"", ""The audit identified weak MFA adoption among contractors"", ""A recent audit identified weak MFA adoption among contractors.""]"
medical_07,rag,4,20,What specialists is the organization considering onboarding?,F8,I don't know,"[""Pediatric specialists"", ""The organization is considering onboarding pediatric specialists""]"
medical_07,rag,4,25,Within how many hours must remote consultations be logged?,F2,Within the required reporting window as per state-specific timing regulations and organizational policies.,"[""Within 12 hours"", ""Remote consultations must be logged within 12 hours""]"
medical_08,baseline,0,5,What encryption standard is used for telehealth session recordings?,F1,I don't know,"[""AES-256"", ""Telehealth session recordings are encrypted with AES-256"", ""All telehealth session recordings are encrypted with AES-256.""]"
medical_08,baseline,0,10,How many matching identifiers are required before each visit?,F2,I don't know,"[""Two matching identifiers"", ""Patient identity verification requires two matching identifiers"", ""Patient identity verification requires two matching identifiers before each visit.""]"
medical_08,baseline,0,15,What limitation applies to nurse practitioners in Florida?,F3,I don't know,"[""They require physician oversight"", ""Nurse practitioners cannot independently treat patients in Florida without physician oversight""]"
medical_08,baseline,0,20,What remote cardiac monitoring integration is the company evaluating?,F8,Connected medical device capabilities for chronic cardiac patients.,"[""Remote cardiac monitoring integrations"", ""The company is evaluating remote cardiac monitoring integrations""]"
medical_08,baseline,0,25,What did the breach simulation expose?,F6,I don't know,"[""Delayed incident escalation procedures"", ""The breach simulation exposed delayed incident escalation procedures"", ""A breach simulation last month exposed delayed incident escalation procedures.""]"
medical_08,baseline,1,5,What encryption standard is used for telehealth session recordings?,F1,I don't know,"[""AES-256"", ""Telehealth session recordings are encrypted with AES-256"", ""All telehealth session recordings are encrypted with AES-256.""]"
medical_08,baseline,1,10,How many matching identifiers are required before each visit?,F2,I don't know,"[""Two matching identifiers"", ""Patient identity verification requires two matching identifiers"", ""Patient identity verification requires two matching identifiers before each visit.""]"
medical_08,baseline,1,15,What limitation applies to nurse practitioners in Florida?,F3,I don't know,"[""They require physician oversight"", ""Nurse practitioners cannot independently treat patients in Florida without physician oversight""]"
medical_08,baseline,1,20,What remote cardiac monitoring integration is the company evaluating?,F8,I don't know,"[""Remote cardiac monitoring integrations"", ""The company is evaluating remote cardiac monitoring integrations""]"
medical_08,baseline,1,25,What did the breach simulation expose?,F6,I don't know,"[""Delayed incident escalation procedures"", ""The breach simulation exposed delayed incident escalation procedures"", ""A breach simulation last month exposed delayed incident escalation procedures.""]"
medical_08,baseline,2,5,What encryption standard is used for telehealth session recordings?,F1,I don't know,"[""AES-256"", ""Telehealth session recordings are encrypted with AES-256"", ""All telehealth session recordings are encrypted with AES-256.""]"
medical_08,baseline,2,10,How many matching identifiers are required before each visit?,F2,I don't know,"[""Two matching identifiers"", ""Patient identity verification requires two matching identifiers"", ""Patient identity verification requires two matching identifiers before each visit.""]"
medical_08,baseline,2,15,What limitation applies to nurse practitioners in Florida?,F3,I don't know,"[""They require physician oversight"", ""Nurse practitioners cannot independently treat patients in Florida without physician oversight""]"
medical_08,baseline,2,20,What remote cardiac monitoring integration is the company evaluating?,F8,Connected medical device capabilities for chronic cardiac patients.,"[""Remote cardiac monitoring integrations"", ""The company is evaluating remote cardiac monitoring integrations""]"
medical_08,baseline,2,25,What did the breach simulation expose?,F6,I don't know,"[""Delayed incident escalation procedures"", ""The breach simulation exposed delayed incident escalation procedures"", ""A breach simulation last month exposed delayed incident escalation procedures.""]"
medical_08,baseline,3,5,What encryption standard is used for telehealth session recordings?,F1,I don't know,"[""AES-256"", ""Telehealth session recordings are encrypted with AES-256"", ""All telehealth session recordings are encrypted with AES-256.""]"
medical_08,baseline,3,10,How many matching identifiers are required before each visit?,F2,I don't know,"[""Two matching identifiers"", ""Patient identity verification requires two matching identifiers"", ""Patient identity verification requires two matching identifiers before each visit.""]"
medical_08,baseline,3,15,What limitation applies to nurse practitioners in Florida?,F3,I don't know,"[""They require physician oversight"", ""Nurse practitioners cannot independently treat patients in Florida without physician oversight""]"
medical_08,baseline,3,20,What remote cardiac monitoring integration is the company evaluating?,F8,Connected medical device capabilities for chronic cardiac patients.,"[""Remote cardiac monitoring integrations"", ""The company is evaluating remote cardiac monitoring integrations""]"
medical_08,baseline,3,25,What did the breach simulation expose?,F6,I don't know,"[""Delayed incident escalation procedures"", ""The breach simulation exposed delayed incident escalation procedures"", ""A breach simulation last month exposed delayed incident escalation procedures.""]"
medical_08,baseline,4,5,What encryption standard is used for telehealth session recordings?,F1,I don't know,"[""AES-256"", ""Telehealth session recordings are encrypted with AES-256"", ""All telehealth session recordings are encrypted with AES-256.""]"
medical_08,baseline,4,10,How many matching identifiers are required before each visit?,F2,I don't know,"[""Two matching identifiers"", ""Patient identity verification requires two matching identifiers"", ""Patient identity verification requires two matching identifiers before each visit.""]"
medical_08,baseline,4,15,What limitation applies to nurse practitioners in Florida?,F3,I don't know,"[""They require physician oversight"", ""Nurse practitioners cannot independently treat patients in Florida without physician oversight""]"
medical_08,baseline,4,20,What remote cardiac monitoring integration is the company evaluating?,F8,I don't know,"[""Remote cardiac monitoring integrations"", ""The company is evaluating remote cardiac monitoring integrations""]"
medical_08,baseline,4,25,What did the breach simulation expose?,F6,I don't know,"[""Delayed incident escalation procedures"", ""The breach simulation exposed delayed incident escalation procedures"", ""A breach simulation last month exposed delayed incident escalation procedures.""]"
medical_08,rolling_summary,0,5,What encryption standard is used for telehealth session recordings?,F1,I don't know,"[""AES-256"", ""Telehealth session recordings are encrypted with AES-256"", ""All telehealth session recordings are encrypted with AES-256.""]"
medical_08,rolling_summary,0,10,How many matching identifiers are required before each visit?,F2,I don't know,"[""Two matching identifiers"", ""Patient identity verification requires two matching identifiers"", ""Patient identity verification requires two matching identifiers before each visit.""]"
medical_08,rolling_summary,0,15,What limitation applies to nurse practitioners in Florida?,F3,I don't know,"[""They require physician oversight"", ""Nurse practitioners cannot independently treat patients in Florida without physician oversight""]"
medical_08,rolling_summary,0,20,What remote cardiac monitoring integration is the company evaluating?,F8,I don't know,"[""Remote cardiac monitoring integrations"", ""The company is evaluating remote cardiac monitoring integrations""]"
medical_08,rolling_summary,0,25,What did the breach simulation expose?,F6,I don't know,"[""Delayed incident escalation procedures"", ""The breach simulation exposed delayed incident escalation procedures"", ""A breach simulation last month exposed delayed incident escalation procedures.""]"
medical_08,rolling_summary,1,5,What encryption standard is used for telehealth session recordings?,F1,I don't know,"[""AES-256"", ""Telehealth session recordings are encrypted with AES-256"", ""All telehealth session recordings are encrypted with AES-256.""]"
medical_08,rolling_summary,1,10,How many matching identifiers are required before each visit?,F2,Two matching identifiers are required before each visit.,"[""Two matching identifiers"", ""Patient identity verification requires two matching identifiers"", ""Patient identity verification requires two matching identifiers before each visit.""]"
medical_08,rolling_summary,1,15,What limitation applies to nurse practitioners in Florida?,F3,I don't know,"[""They require physician oversight"", ""Nurse practitioners cannot independently treat patients in Florida without physician oversight""]"
medical_08,rolling_summary,1,20,What remote cardiac monitoring integration is the company evaluating?,F8,I don't know,"[""Remote cardiac monitoring integrations"", ""The company is evaluating remote cardiac monitoring integrations""]"
medical_08,rolling_summary,1,25,What did the breach simulation expose?,F6,I don't know,"[""Delayed incident escalation procedures"", ""The breach simulation exposed delayed incident escalation procedures"", ""A breach simulation last month exposed delayed incident escalation procedures.""]"
medical_08,rolling_summary,2,5,What encryption standard is used for telehealth session recordings?,F1,I don't know,"[""AES-256"", ""Telehealth session recordings are encrypted with AES-256"", ""All telehealth session recordings are encrypted with AES-256.""]"
medical_08,rolling_summary,2,10,How many matching identifiers are required before each visit?,F2,I don't know,"[""Two matching identifiers"", ""Patient identity verification requires two matching identifiers"", ""Patient identity verification requires two matching identifiers before each visit.""]"
medical_08,rolling_summary,2,15,What limitation applies to nurse practitioners in Florida?,F3,I don't know,"[""They require physician oversight"", ""Nurse practitioners cannot independently treat patients in Florida without physician oversight""]"
medical_08,rolling_summary,2,20,What remote cardiac monitoring integration is the company evaluating?,F8,I don't know,"[""Remote cardiac monitoring integrations"", ""The company is evaluating remote cardiac monitoring integrations""]"
medical_08,rolling_summary,2,25,What did the breach simulation expose?,F6,I don't know,"[""Delayed incident escalation procedures"", ""The breach simulation exposed delayed incident escalation procedures"", ""A breach simulation last month exposed delayed incident escalation procedures.""]"
medical_08,rolling_summary,3,5,What encryption standard is used for telehealth session recordings?,F1,I don't know,"[""AES-256"", ""Telehealth session recordings are encrypted with AES-256"", ""All telehealth session recordings are encrypted with AES-256.""]"
medical_08,rolling_summary,3,10,How many matching identifiers are required before each visit?,F2,I don't know,"[""Two matching identifiers"", ""Patient identity verification requires two matching identifiers"", ""Patient identity verification requires two matching identifiers before each visit.""]"
medical_08,rolling_summary,3,15,What limitation applies to nurse practitioners in Florida?,F3,I don't know,"[""They require physician oversight"", ""Nurse practitioners cannot independently treat patients in Florida without physician oversight""]"
medical_08,rolling_summary,3,20,What remote cardiac monitoring integration is the company evaluating?,F8,I don't know,"[""Remote cardiac monitoring integrations"", ""The company is evaluating remote cardiac monitoring integrations""]"
medical_08,rolling_summary,3,25,What did the breach simulation expose?,F6,I don't know,"[""Delayed incident escalation procedures"", ""The breach simulation exposed delayed incident escalation procedures"", ""A breach simulation last month exposed delayed incident escalation procedures.""]"
medical_08,rolling_summary,4,5,What encryption standard is used for telehealth session recordings?,F1,I don't know,"[""AES-256"", ""Telehealth session recordings are encrypted with AES-256"", ""All telehealth session recordings are encrypted with AES-256.""]"
medical_08,rolling_summary,4,10,How many matching identifiers are required before each visit?,F2,I don't know,"[""Two matching identifiers"", ""Patient identity verification requires two matching identifiers"", ""Patient identity verification requires two matching identifiers before each visit.""]"
medical_08,rolling_summary,4,15,What limitation applies to nurse practitioners in Florida?,F3,I don't know,"[""They require physician oversight"", ""Nurse practitioners cannot independently treat patients in Florida without physician oversight""]"
medical_08,rolling_summary,4,20,What remote cardiac monitoring integration is the company evaluating?,F8,I don't know,"[""Remote cardiac monitoring integrations"", ""The company is evaluating remote cardiac monitoring integrations""]"
medical_08,rolling_summary,4,25,What did the breach simulation expose?,F6,I don't know,"[""Delayed incident escalation procedures"", ""The breach simulation exposed delayed incident escalation procedures"", ""A breach simulation last month exposed delayed incident escalation procedures.""]"
medical_08,hierarchical,0,5,What encryption standard is used for telehealth session recordings?,F1,I don't know,"[""AES-256"", ""Telehealth session recordings are encrypted with AES-256"", ""All telehealth session recordings are encrypted with AES-256.""]"
medical_08,hierarchical,0,10,How many matching identifiers are required before each visit?,F2,I don't know,"[""Two matching identifiers"", ""Patient identity verification requires two matching identifiers"", ""Patient identity verification requires two matching identifiers before each visit.""]"
medical_08,hierarchical,0,15,What limitation applies to nurse practitioners in Florida?,F3,I don't know,"[""They require physician oversight"", ""Nurse practitioners cannot independently treat patients in Florida without physician oversight""]"
medical_08,hierarchical,0,20,What remote cardiac monitoring integration is the company evaluating?,F8,Connected medical device capabilities for chronic cardiac patients.,"[""Remote cardiac monitoring integrations"", ""The company is evaluating remote cardiac monitoring integrations""]"
medical_08,hierarchical,0,25,What did the breach simulation expose?,F6,I don't know,"[""Delayed incident escalation procedures"", ""The breach simulation exposed delayed incident escalation procedures"", ""A breach simulation last month exposed delayed incident escalation procedures.""]"
medical_08,hierarchical,1,5,What encryption standard is used for telehealth session recordings?,F1,NIST or HITRUST cybersecurity measures are required for telehealth session recordings.,"[""AES-256"", ""Telehealth session recordings are encrypted with AES-256"", ""All telehealth session recordings are encrypted with AES-256.""]"
medical_08,hierarchical,1,10,How many matching identifiers are required before each visit?,F2,I don't know,"[""Two matching identifiers"", ""Patient identity verification requires two matching identifiers"", ""Patient identity verification requires two matching identifiers before each visit.""]"
medical_08,hierarchical,1,15,What limitation applies to nurse practitioners in Florida?,F3,I don't know,"[""They require physician oversight"", ""Nurse practitioners cannot independently treat patients in Florida without physician oversight""]"
medical_08,hierarchical,1,20,What remote cardiac monitoring integration is the company evaluating?,F8,Connected medical device capabilities for chronic cardiac patients.,"[""Remote cardiac monitoring integrations"", ""The company is evaluating remote cardiac monitoring integrations""]"
medical_08,hierarchical,1,25,What did the breach simulation expose?,F6,I don't know,"[""Delayed incident escalation procedures"", ""The breach simulation exposed delayed incident escalation procedures"", ""A breach simulation last month exposed delayed incident escalation procedures.""]"
medical_08,hierarchical,2,5,What encryption standard is used for telehealth session recordings?,F1,I don't know,"[""AES-256"", ""Telehealth session recordings are encrypted with AES-256"", ""All telehealth session recordings are encrypted with AES-256.""]"
medical_08,hierarchical,2,10,How many matching identifiers are required before each visit?,F2,I don't know,"[""Two matching identifiers"", ""Patient identity verification requires two matching identifiers"", ""Patient identity verification requires two matching identifiers before each visit.""]"
medical_08,hierarchical,2,15,What limitation applies to nurse practitioners in Florida?,F3,I don't know,"[""They require physician oversight"", ""Nurse practitioners cannot independently treat patients in Florida without physician oversight""]"
medical_08,hierarchical,2,20,What remote cardiac monitoring integration is the company evaluating?,F8,Connected medical device capabilities for chronic cardiac patients.,"[""Remote cardiac monitoring integrations"", ""The company is evaluating remote cardiac monitoring integrations""]"
medical_08,hierarchical,2,25,What did the breach simulation expose?,F6,Breach simulation exposed delays in investigation due to lack of clear escalation matrix and coordination.,"[""Delayed incident escalation procedures"", ""The breach simulation exposed delayed incident escalation procedures"", ""A breach simulation last month exposed delayed incident escalation procedures.""]"
medical_08,hierarchical,3,5,What encryption standard is used for telehealth session recordings?,F1,I don't know,"[""AES-256"", ""Telehealth session recordings are encrypted with AES-256"", ""All telehealth session recordings are encrypted with AES-256.""]"
medical_08,hierarchical,3,10,How many matching identifiers are required before each visit?,F2,I don't know,"[""Two matching identifiers"", ""Patient identity verification requires two matching identifiers"", ""Patient identity verification requires two matching identifiers before each visit.""]"
medical_08,hierarchical,3,15,What limitation applies to nurse practitioners in Florida?,F3,Nurse practitioners in Florida have supervisory obligations linked to state licensure and facility credentialing policies.,"[""They require physician oversight"", ""Nurse practitioners cannot independently treat patients in Florida without physician oversight""]"
medical_08,hierarchical,3,20,What remote cardiac monitoring integration is the company evaluating?,F8,Connected medical device capabilities for chronic cardiac patients.,"[""Remote cardiac monitoring integrations"", ""The company is evaluating remote cardiac monitoring integrations""]"
medical_08,hierarchical,3,25,What did the breach simulation expose?,F6,I don't know,"[""Delayed incident escalation procedures"", ""The breach simulation exposed delayed incident escalation procedures"", ""A breach simulation last month exposed delayed incident escalation procedures.""]"
medical_08,hierarchical,4,5,What encryption standard is used for telehealth session recordings?,F1,I don't know,"[""AES-256"", ""Telehealth session recordings are encrypted with AES-256"", ""All telehealth session recordings are encrypted with AES-256.""]"
medical_08,hierarchical,4,10,How many matching identifiers are required before each visit?,F2,I don't know,"[""Two matching identifiers"", ""Patient identity verification requires two matching identifiers"", ""Patient identity verification requires two matching identifiers before each visit.""]"
medical_08,hierarchical,4,15,What limitation applies to nurse practitioners in Florida?,F3,I don't know,"[""They require physician oversight"", ""Nurse practitioners cannot independently treat patients in Florida without physician oversight""]"
medical_08,hierarchical,4,20,What remote cardiac monitoring integration is the company evaluating?,F8,Connected medical device capabilities for chronic cardiac patients.,"[""Remote cardiac monitoring integrations"", ""The company is evaluating remote cardiac monitoring integrations""]"
medical_08,hierarchical,4,25,What did the breach simulation expose?,F6,I don't know,"[""Delayed incident escalation procedures"", ""The breach simulation exposed delayed incident escalation procedures"", ""A breach simulation last month exposed delayed incident escalation procedures.""]"
medical_08,rag,0,5,What encryption standard is used for telehealth session recordings?,F1,I don't know,"[""AES-256"", ""Telehealth session recordings are encrypted with AES-256"", ""All telehealth session recordings are encrypted with AES-256.""]"
medical_08,rag,0,10,How many matching identifiers are required before each visit?,F2,I don't know,"[""Two matching identifiers"", ""Patient identity verification requires two matching identifiers"", ""Patient identity verification requires two matching identifiers before each visit.""]"
medical_08,rag,0,15,What limitation applies to nurse practitioners in Florida?,F3,Nurse practitioners in Florida have state-specific supervision laws requiring physician supervision for telehealth consultations.,"[""They require physician oversight"", ""Nurse practitioners cannot independently treat patients in Florida without physician oversight""]"
medical_08,rag,0,20,What remote cardiac monitoring integration is the company evaluating?,F8,Connected medical device capabilities for chronic cardiac patients.,"[""Remote cardiac monitoring integrations"", ""The company is evaluating remote cardiac monitoring integrations""]"
medical_08,rag,0,25,What did the breach simulation expose?,F6,I don't know,"[""Delayed incident escalation procedures"", ""The breach simulation exposed delayed incident escalation procedures"", ""A breach simulation last month exposed delayed incident escalation procedures.""]"
medical_08,rag,1,5,What encryption standard is used for telehealth session recordings?,F1,I don't know,"[""AES-256"", ""Telehealth session recordings are encrypted with AES-256"", ""All telehealth session recordings are encrypted with AES-256.""]"
medical_08,rag,1,10,How many matching identifiers are required before each visit?,F2,I don't know,"[""Two matching identifiers"", ""Patient identity verification requires two matching identifiers"", ""Patient identity verification requires two matching identifiers before each visit.""]"
medical_08,rag,1,15,What limitation applies to nurse practitioners in Florida?,F3,Nurse practitioners in Florida require physician supervision for telehealth consultations.,"[""They require physician oversight"", ""Nurse practitioners cannot independently treat patients in Florida without physician oversight""]"
medical_08,rag,1,20,What remote cardiac monitoring integration is the company evaluating?,F8,Connected medical device capabilities for chronic cardiac patients.,"[""Remote cardiac monitoring integrations"", ""The company is evaluating remote cardiac monitoring integrations""]"
medical_08,rag,1,25,What did the breach simulation expose?,F6,I don't know,"[""Delayed incident escalation procedures"", ""The breach simulation exposed delayed incident escalation procedures"", ""A breach simulation last month exposed delayed incident escalation procedures.""]"
medical_08,rag,2,5,What encryption standard is used for telehealth session recordings?,F1,I don't know,"[""AES-256"", ""Telehealth session recordings are encrypted with AES-256"", ""All telehealth session recordings are encrypted with AES-256.""]"
medical_08,rag,2,10,How many matching identifiers are required before each visit?,F2,I don't know,"[""Two matching identifiers"", ""Patient identity verification requires two matching identifiers"", ""Patient identity verification requires two matching identifiers before each visit.""]"
medical_08,rag,2,15,What limitation applies to nurse practitioners in Florida?,F3,Nurse practitioners in Florida require physician supervision for telehealth consultations.,"[""They require physician oversight"", ""Nurse practitioners cannot independently treat patients in Florida without physician oversight""]"
medical_08,rag,2,20,What remote cardiac monitoring integration is the company evaluating?,F8,Connected medical device capabilities for chronic cardiac patients.,"[""Remote cardiac monitoring integrations"", ""The company is evaluating remote cardiac monitoring integrations""]"
medical_08,rag,2,25,What did the breach simulation expose?,F6,I don't know,"[""Delayed incident escalation procedures"", ""The breach simulation exposed delayed incident escalation procedures"", ""A breach simulation last month exposed delayed incident escalation procedures.""]"
medical_08,rag,3,5,What encryption standard is used for telehealth session recordings?,F1,I don't know,"[""AES-256"", ""Telehealth session recordings are encrypted with AES-256"", ""All telehealth session recordings are encrypted with AES-256.""]"
medical_08,rag,3,10,How many matching identifiers are required before each visit?,F2,I don't know,"[""Two matching identifiers"", ""Patient identity verification requires two matching identifiers"", ""Patient identity verification requires two matching identifiers before each visit.""]"
medical_08,rag,3,15,What limitation applies to nurse practitioners in Florida?,F3,Nurse practitioners in Florida require physician supervision for telehealth consultations.,"[""They require physician oversight"", ""Nurse practitioners cannot independently treat patients in Florida without physician oversight""]"
medical_08,rag,3,20,What remote cardiac monitoring integration is the company evaluating?,F8,Connected medical device capabilities for chronic cardiac patients.,"[""Remote cardiac monitoring integrations"", ""The company is evaluating remote cardiac monitoring integrations""]"
medical_08,rag,3,25,What did the breach simulation expose?,F6,I don't know,"[""Delayed incident escalation procedures"", ""The breach simulation exposed delayed incident escalation procedures"", ""A breach simulation last month exposed delayed incident escalation procedures.""]"
medical_08,rag,4,5,What encryption standard is used for telehealth session recordings?,F1,I don't know,"[""AES-256"", ""Telehealth session recordings are encrypted with AES-256"", ""All telehealth session recordings are encrypted with AES-256.""]"
medical_08,rag,4,10,How many matching identifiers are required before each visit?,F2,I don't know,"[""Two matching identifiers"", ""Patient identity verification requires two matching identifiers"", ""Patient identity verification requires two matching identifiers before each visit.""]"
medical_08,rag,4,15,What limitation applies to nurse practitioners in Florida?,F3,Nurse practitioners in Florida require physician supervision for telehealth consultations.,"[""They require physician oversight"", ""Nurse practitioners cannot independently treat patients in Florida without physician oversight""]"
medical_08,rag,4,20,What remote cardiac monitoring integration is the company evaluating?,F8,Connected medical device capabilities for chronic cardiac patients.,"[""Remote cardiac monitoring integrations"", ""The company is evaluating remote cardiac monitoring integrations""]"
medical_08,rag,4,25,What did the breach simulation expose?,F6,I don't know,"[""Delayed incident escalation procedures"", ""The breach simulation exposed delayed incident escalation procedures"", ""A breach simulation last month exposed delayed incident escalation procedures.""]"
medical_09,baseline,0,5,What is the enrollment cap for the study?,F1,I don't know,"[""120 participants"", ""The study enrollment cap is 120 participants.""]"
medical_09,baseline,0,10,Within how many hours must serious adverse events be reported to the IRB?,F4,I don't know,"[""within 48 hours"", ""Serious adverse events must be reported to the IRB within 48 hours.""]"
medical_09,baseline,0,15,What is the name of the sponsor organization?,F6,I don't know,"[""Horizon Therapeutics Research Group"", ""The sponsor organization is Horizon Therapeutics Research Group.""]"
medical_09,baseline,0,20,What version is the informed consent document currently on?,F7,I don't know,"[""version 2.3"", ""The informed consent document is currently on version 2.3.""]"
medical_09,baseline,0,25,When is the first IRB review meeting scheduled?,F8,I don't know,"[""September 18"", ""The first IRB review meeting is scheduled for September 18.""]"
medical_09,baseline,1,5,What is the enrollment cap for the study?,F1,I don't know,"[""120 participants"", ""The study enrollment cap is 120 participants.""]"
medical_09,baseline,1,10,Within how many hours must serious adverse events be reported to the IRB?,F4,I don't know,"[""within 48 hours"", ""Serious adverse events must be reported to the IRB within 48 hours.""]"
medical_09,baseline,1,15,What is the name of the sponsor organization?,F6,I don't know,"[""Horizon Therapeutics Research Group"", ""The sponsor organization is Horizon Therapeutics Research Group.""]"
medical_09,baseline,1,20,What version is the informed consent document currently on?,F7,I don't know,"[""version 2.3"", ""The informed consent document is currently on version 2.3.""]"
medical_09,baseline,1,25,When is the first IRB review meeting scheduled?,F8,I don't know,"[""September 18"", ""The first IRB review meeting is scheduled for September 18.""]"
medical_09,baseline,2,5,What is the enrollment cap for the study?,F1,I don't know,"[""120 participants"", ""The study enrollment cap is 120 participants.""]"
medical_09,baseline,2,10,Within how many hours must serious adverse events be reported to the IRB?,F4,I don't know,"[""within 48 hours"", ""Serious adverse events must be reported to the IRB within 48 hours.""]"
medical_09,baseline,2,15,What is the name of the sponsor organization?,F6,I don't know,"[""Horizon Therapeutics Research Group"", ""The sponsor organization is Horizon Therapeutics Research Group.""]"
medical_09,baseline,2,20,What version is the informed consent document currently on?,F7,I don't know,"[""version 2.3"", ""The informed consent document is currently on version 2.3.""]"
medical_09,baseline,2,25,When is the first IRB review meeting scheduled?,F8,I don't know,"[""September 18"", ""The first IRB review meeting is scheduled for September 18.""]"
medical_09,baseline,3,5,What is the enrollment cap for the study?,F1,I don't know,"[""120 participants"", ""The study enrollment cap is 120 participants.""]"
medical_09,baseline,3,10,Within how many hours must serious adverse events be reported to the IRB?,F4,I don't know,"[""within 48 hours"", ""Serious adverse events must be reported to the IRB within 48 hours.""]"
medical_09,baseline,3,15,What is the name of the sponsor organization?,F6,I don't know,"[""Horizon Therapeutics Research Group"", ""The sponsor organization is Horizon Therapeutics Research Group.""]"
medical_09,baseline,3,20,What version is the informed consent document currently on?,F7,I don't know,"[""version 2.3"", ""The informed consent document is currently on version 2.3.""]"
medical_09,baseline,3,25,When is the first IRB review meeting scheduled?,F8,I don't know,"[""September 18"", ""The first IRB review meeting is scheduled for September 18.""]"
medical_09,baseline,4,5,What is the enrollment cap for the study?,F1,I don't know,"[""120 participants"", ""The study enrollment cap is 120 participants.""]"
medical_09,baseline,4,10,Within how many hours must serious adverse events be reported to the IRB?,F4,I don't know,"[""within 48 hours"", ""Serious adverse events must be reported to the IRB within 48 hours.""]"
medical_09,baseline,4,15,What is the name of the sponsor organization?,F6,I don't know,"[""Horizon Therapeutics Research Group"", ""The sponsor organization is Horizon Therapeutics Research Group.""]"
medical_09,baseline,4,20,What version is the informed consent document currently on?,F7,I don't know,"[""version 2.3"", ""The informed consent document is currently on version 2.3.""]"
medical_09,baseline,4,25,When is the first IRB review meeting scheduled?,F8,I don't know,"[""September 18"", ""The first IRB review meeting is scheduled for September 18.""]"
medical_09,rolling_summary,0,5,What is the enrollment cap for the study?,F1,I don't know,"[""120 participants"", ""The study enrollment cap is 120 participants.""]"
medical_09,rolling_summary,0,10,Within how many hours must serious adverse events be reported to the IRB?,F4,I don't know,"[""within 48 hours"", ""Serious adverse events must be reported to the IRB within 48 hours.""]"
medical_09,rolling_summary,0,15,What is the name of the sponsor organization?,F6,I don't know,"[""Horizon Therapeutics Research Group"", ""The sponsor organization is Horizon Therapeutics Research Group.""]"
medical_09,rolling_summary,0,20,What version is the informed consent document currently on?,F7,I don't know,"[""version 2.3"", ""The informed consent document is currently on version 2.3.""]"
medical_09,rolling_summary,0,25,When is the first IRB review meeting scheduled?,F8,I don't know,"[""September 18"", ""The first IRB review meeting is scheduled for September 18.""]"
medical_09,rolling_summary,1,5,What is the enrollment cap for the study?,F1,I don't know,"[""120 participants"", ""The study enrollment cap is 120 participants.""]"
medical_09,rolling_summary,1,10,Within how many hours must serious adverse events be reported to the IRB?,F4,I don't know,"[""within 48 hours"", ""Serious adverse events must be reported to the IRB within 48 hours.""]"
medical_09,rolling_summary,1,15,What is the name of the sponsor organization?,F6,I don't know,"[""Horizon Therapeutics Research Group"", ""The sponsor organization is Horizon Therapeutics Research Group.""]"
medical_09,rolling_summary,1,20,What version is the informed consent document currently on?,F7,I don't know,"[""version 2.3"", ""The informed consent document is currently on version 2.3.""]"
medical_09,rolling_summary,1,25,When is the first IRB review meeting scheduled?,F8,I don't know,"[""September 18"", ""The first IRB review meeting is scheduled for September 18.""]"
medical_09,rolling_summary,2,5,What is the enrollment cap for the study?,F1,I don't know,"[""120 participants"", ""The study enrollment cap is 120 participants.""]"
medical_09,rolling_summary,2,10,Within how many hours must serious adverse events be reported to the IRB?,F4,I don't know,"[""within 48 hours"", ""Serious adverse events must be reported to the IRB within 48 hours.""]"
medical_09,rolling_summary,2,15,What is the name of the sponsor organization?,F6,I don't know,"[""Horizon Therapeutics Research Group"", ""The sponsor organization is Horizon Therapeutics Research Group.""]"
medical_09,rolling_summary,2,20,What version is the informed consent document currently on?,F7,I don't know,"[""version 2.3"", ""The informed consent document is currently on version 2.3.""]"
medical_09,rolling_summary,2,25,When is the first IRB review meeting scheduled?,F8,I don't know,"[""September 18"", ""The first IRB review meeting is scheduled for September 18.""]"
medical_09,rolling_summary,3,5,What is the enrollment cap for the study?,F1,I don't know,"[""120 participants"", ""The study enrollment cap is 120 participants.""]"
medical_09,rolling_summary,3,10,Within how many hours must serious adverse events be reported to the IRB?,F4,I don't know,"[""within 48 hours"", ""Serious adverse events must be reported to the IRB within 48 hours.""]"
medical_09,rolling_summary,3,15,What is the name of the sponsor organization?,F6,I don't know,"[""Horizon Therapeutics Research Group"", ""The sponsor organization is Horizon Therapeutics Research Group.""]"
medical_09,rolling_summary,3,20,What version is the informed consent document currently on?,F7,I don't know,"[""version 2.3"", ""The informed consent document is currently on version 2.3.""]"
medical_09,rolling_summary,3,25,When is the first IRB review meeting scheduled?,F8,I don't know,"[""September 18"", ""The first IRB review meeting is scheduled for September 18.""]"
medical_09,rolling_summary,4,5,What is the enrollment cap for the study?,F1,I don't know,"[""120 participants"", ""The study enrollment cap is 120 participants.""]"
medical_09,rolling_summary,4,10,Within how many hours must serious adverse events be reported to the IRB?,F4,I don't know,"[""within 48 hours"", ""Serious adverse events must be reported to the IRB within 48 hours.""]"
medical_09,rolling_summary,4,15,What is the name of the sponsor organization?,F6,I don't know,"[""Horizon Therapeutics Research Group"", ""The sponsor organization is Horizon Therapeutics Research Group.""]"
medical_09,rolling_summary,4,20,What version is the informed consent document currently on?,F7,I don't know,"[""version 2.3"", ""The informed consent document is currently on version 2.3.""]"
medical_09,rolling_summary,4,25,When is the first IRB review meeting scheduled?,F8,I don't know,"[""September 18"", ""The first IRB review meeting is scheduled for September 18.""]"
medical_09,hierarchical,0,5,What is the enrollment cap for the study?,F1,I don't know,"[""120 participants"", ""The study enrollment cap is 120 participants.""]"
medical_09,hierarchical,0,10,Within how many hours must serious adverse events be reported to the IRB?,F4,I don't know,"[""within 48 hours"", ""Serious adverse events must be reported to the IRB within 48 hours.""]"
medical_09,hierarchical,0,15,What is the name of the sponsor organization?,F6,I don't know,"[""Horizon Therapeutics Research Group"", ""The sponsor organization is Horizon Therapeutics Research Group.""]"
medical_09,hierarchical,0,20,What version is the informed consent document currently on?,F7,I don't know,"[""version 2.3"", ""The informed consent document is currently on version 2.3.""]"
medical_09,hierarchical,0,25,When is the first IRB review meeting scheduled?,F8,I don't know,"[""September 18"", ""The first IRB review meeting is scheduled for September 18.""]"
medical_09,hierarchical,1,5,What is the enrollment cap for the study?,F1,I don't know,"[""120 participants"", ""The study enrollment cap is 120 participants.""]"
medical_09,hierarchical,1,10,Within how many hours must serious adverse events be reported to the IRB?,F4,I don't know,"[""within 48 hours"", ""Serious adverse events must be reported to the IRB within 48 hours.""]"
medical_09,hierarchical,1,15,What is the name of the sponsor organization?,F6,I don't know,"[""Horizon Therapeutics Research Group"", ""The sponsor organization is Horizon Therapeutics Research Group.""]"
medical_09,hierarchical,1,20,What version is the informed consent document currently on?,F7,I don't know,"[""version 2.3"", ""The informed consent document is currently on version 2.3.""]"
medical_09,hierarchical,1,25,When is the first IRB review meeting scheduled?,F8,I don't know,"[""September 18"", ""The first IRB review meeting is scheduled for September 18.""]"
medical_09,hierarchical,2,5,What is the enrollment cap for the study?,F1,I don't know,"[""120 participants"", ""The study enrollment cap is 120 participants.""]"
medical_09,hierarchical,2,10,Within how many hours must serious adverse events be reported to the IRB?,F4,I don't know,"[""within 48 hours"", ""Serious adverse events must be reported to the IRB within 48 hours.""]"
medical_09,hierarchical,2,15,What is the name of the sponsor organization?,F6,I don't know,"[""Horizon Therapeutics Research Group"", ""The sponsor organization is Horizon Therapeutics Research Group.""]"
medical_09,hierarchical,2,20,What version is the informed consent document currently on?,F7,I don't know,"[""version 2.3"", ""The informed consent document is currently on version 2.3.""]"
medical_09,hierarchical,2,25,When is the first IRB review meeting scheduled?,F8,I don't know,"[""September 18"", ""The first IRB review meeting is scheduled for September 18.""]"
medical_09,hierarchical,3,5,What is the enrollment cap for the study?,F1,I don't know,"[""120 participants"", ""The study enrollment cap is 120 participants.""]"
medical_09,hierarchical,3,10,Within how many hours must serious adverse events be reported to the IRB?,F4,Serious adverse events must be reported to the IRB within 24 hours.,"[""within 48 hours"", ""Serious adverse events must be reported to the IRB within 48 hours.""]"
medical_09,hierarchical,3,15,What is the name of the sponsor organization?,F6,I don't know,"[""Horizon Therapeutics Research Group"", ""The sponsor organization is Horizon Therapeutics Research Group.""]"
medical_09,hierarchical,3,20,What version is the informed consent document currently on?,F7,I don't know,"[""version 2.3"", ""The informed consent document is currently on version 2.3.""]"
medical_09,hierarchical,3,25,When is the first IRB review meeting scheduled?,F8,I don't know,"[""September 18"", ""The first IRB review meeting is scheduled for September 18.""]"
medical_09,hierarchical,4,5,What is the enrollment cap for the study?,F1,I don't know,"[""120 participants"", ""The study enrollment cap is 120 participants.""]"
medical_09,hierarchical,4,10,Within how many hours must serious adverse events be reported to the IRB?,F4,I don't know,"[""within 48 hours"", ""Serious adverse events must be reported to the IRB within 48 hours.""]"
medical_09,hierarchical,4,15,What is the name of the sponsor organization?,F6,I don't know,"[""Horizon Therapeutics Research Group"", ""The sponsor organization is Horizon Therapeutics Research Group.""]"
medical_09,hierarchical,4,20,What version is the informed consent document currently on?,F7,I don't know,"[""version 2.3"", ""The informed consent document is currently on version 2.3.""]"
medical_09,hierarchical,4,25,When is the first IRB review meeting scheduled?,F8,I don't know,"[""September 18"", ""The first IRB review meeting is scheduled for September 18.""]"
medical_09,rag,0,5,What is the enrollment cap for the study?,F1,I don't know,"[""120 participants"", ""The study enrollment cap is 120 participants.""]"
medical_09,rag,0,10,Within how many hours must serious adverse events be reported to the IRB?,F4,Serious adverse events must be reported to the IRB within 24 to 48 hours.,"[""within 48 hours"", ""Serious adverse events must be reported to the IRB within 48 hours.""]"
medical_09,rag,0,15,What is the name of the sponsor organization?,F6,I don't know,"[""Horizon Therapeutics Research Group"", ""The sponsor organization is Horizon Therapeutics Research Group.""]"
medical_09,rag,0,20,What version is the informed consent document currently on?,F7,I don't know,"[""version 2.3"", ""The informed consent document is currently on version 2.3.""]"
medical_09,rag,0,25,When is the first IRB review meeting scheduled?,F8,I don't know,"[""September 18"", ""The first IRB review meeting is scheduled for September 18.""]"
medical_09,rag,1,5,What is the enrollment cap for the study?,F1,I don't know,"[""120 participants"", ""The study enrollment cap is 120 participants.""]"
medical_09,rag,1,10,Within how many hours must serious adverse events be reported to the IRB?,F4,I don't know,"[""within 48 hours"", ""Serious adverse events must be reported to the IRB within 48 hours.""]"
medical_09,rag,1,15,What is the name of the sponsor organization?,F6,I don't know,"[""Horizon Therapeutics Research Group"", ""The sponsor organization is Horizon Therapeutics Research Group.""]"
medical_09,rag,1,20,What version is the informed consent document currently on?,F7,I don't know,"[""version 2.3"", ""The informed consent document is currently on version 2.3.""]"
medical_09,rag,1,25,When is the first IRB review meeting scheduled?,F8,I don't know,"[""September 18"", ""The first IRB review meeting is scheduled for September 18.""]"
medical_09,rag,2,5,What is the enrollment cap for the study?,F1,I don't know,"[""120 participants"", ""The study enrollment cap is 120 participants.""]"
medical_09,rag,2,10,Within how many hours must serious adverse events be reported to the IRB?,F4,I don't know,"[""within 48 hours"", ""Serious adverse events must be reported to the IRB within 48 hours.""]"
medical_09,rag,2,15,What is the name of the sponsor organization?,F6,I don't know,"[""Horizon Therapeutics Research Group"", ""The sponsor organization is Horizon Therapeutics Research Group.""]"
medical_09,rag,2,20,What version is the informed consent document currently on?,F7,I don't know,"[""version 2.3"", ""The informed consent document is currently on version 2.3.""]"
medical_09,rag,2,25,When is the first IRB review meeting scheduled?,F8,I don't know,"[""September 18"", ""The first IRB review meeting is scheduled for September 18.""]"
medical_09,rag,3,5,What is the enrollment cap for the study?,F1,I don't know,"[""120 participants"", ""The study enrollment cap is 120 participants.""]"
medical_09,rag,3,10,Within how many hours must serious adverse events be reported to the IRB?,F4,I don't know,"[""within 48 hours"", ""Serious adverse events must be reported to the IRB within 48 hours.""]"
medical_09,rag,3,15,What is the name of the sponsor organization?,F6,I don't know,"[""Horizon Therapeutics Research Group"", ""The sponsor organization is Horizon Therapeutics Research Group.""]"
medical_09,rag,3,20,What version is the informed consent document currently on?,F7,I don't know,"[""version 2.3"", ""The informed consent document is currently on version 2.3.""]"
medical_09,rag,3,25,When is the first IRB review meeting scheduled?,F8,I don't know,"[""September 18"", ""The first IRB review meeting is scheduled for September 18.""]"
medical_09,rag,4,5,What is the enrollment cap for the study?,F1,I don't know,"[""120 participants"", ""The study enrollment cap is 120 participants.""]"
medical_09,rag,4,10,Within how many hours must serious adverse events be reported to the IRB?,F4,I don't know,"[""within 48 hours"", ""Serious adverse events must be reported to the IRB within 48 hours.""]"
medical_09,rag,4,15,What is the name of the sponsor organization?,F6,I don't know,"[""Horizon Therapeutics Research Group"", ""The sponsor organization is Horizon Therapeutics Research Group.""]"
medical_09,rag,4,20,What version is the informed consent document currently on?,F7,I don't know,"[""version 2.3"", ""The informed consent document is currently on version 2.3.""]"
medical_09,rag,4,25,When is the first IRB review meeting scheduled?,F8,I don't know,"[""September 18"", ""The first IRB review meeting is scheduled for September 18.""]"
medical_10,baseline,0,5,What is the protocol duration?,F1,I don't know,"[""18 months"", ""The protocol duration is 18 months.""]"
medical_10,baseline,0,10,Within how many hours must unexpected fatal adverse events be reported to the sponsor?,F4,I don't know,"[""within 24 hours"", ""Unexpected fatal adverse events must be reported to the sponsor within 24 hours.""]"
medical_10,baseline,0,15,Who is the lead study coordinator?,F5,I don't know,"[""Melissa Qureshi"", ""The lead study coordinator is Melissa Qureshi.""]"
medical_10,baseline,0,20,On what date was the data monitoring plan revised?,F7,I don't know,"[""August 2"", ""The data monitoring plan was revised on August 2.""]"
medical_10,baseline,0,25,When is the next interim safety analysis scheduled?,F8,I don't know,"[""November 11"", ""The next interim safety analysis is scheduled for November 11.""]"
medical_10,baseline,1,5,What is the protocol duration?,F1,I don't know,"[""18 months"", ""The protocol duration is 18 months.""]"
medical_10,baseline,1,10,Within how many hours must unexpected fatal adverse events be reported to the sponsor?,F4,I don't know,"[""within 24 hours"", ""Unexpected fatal adverse events must be reported to the sponsor within 24 hours.""]"
medical_10,baseline,1,15,Who is the lead study coordinator?,F5,I don't know,"[""Melissa Qureshi"", ""The lead study coordinator is Melissa Qureshi.""]"
medical_10,baseline,1,20,On what date was the data monitoring plan revised?,F7,I don't know,"[""August 2"", ""The data monitoring plan was revised on August 2.""]"
medical_10,baseline,1,25,When is the next interim safety analysis scheduled?,F8,I don't know,"[""November 11"", ""The next interim safety analysis is scheduled for November 11.""]"
medical_10,baseline,2,5,What is the protocol duration?,F1,I don't know,"[""18 months"", ""The protocol duration is 18 months.""]"
medical_10,baseline,2,10,Within how many hours must unexpected fatal adverse events be reported to the sponsor?,F4,I don't know,"[""within 24 hours"", ""Unexpected fatal adverse events must be reported to the sponsor within 24 hours.""]"
medical_10,baseline,2,15,Who is the lead study coordinator?,F5,I don't know,"[""Melissa Qureshi"", ""The lead study coordinator is Melissa Qureshi.""]"
medical_10,baseline,2,20,On what date was the data monitoring plan revised?,F7,I don't know,"[""August 2"", ""The data monitoring plan was revised on August 2.""]"
medical_10,baseline,2,25,When is the next interim safety analysis scheduled?,F8,I don't know,"[""November 11"", ""The next interim safety analysis is scheduled for November 11.""]"
medical_10,baseline,3,5,What is the protocol duration?,F1,I don't know,"[""18 months"", ""The protocol duration is 18 months.""]"
medical_10,baseline,3,10,Within how many hours must unexpected fatal adverse events be reported to the sponsor?,F4,I don't know,"[""within 24 hours"", ""Unexpected fatal adverse events must be reported to the sponsor within 24 hours.""]"
medical_10,baseline,3,15,Who is the lead study coordinator?,F5,I don't know,"[""Melissa Qureshi"", ""The lead study coordinator is Melissa Qureshi.""]"
medical_10,baseline,3,20,On what date was the data monitoring plan revised?,F7,I don't know,"[""August 2"", ""The data monitoring plan was revised on August 2.""]"
medical_10,baseline,3,25,When is the next interim safety analysis scheduled?,F8,I don't know,"[""November 11"", ""The next interim safety analysis is scheduled for November 11.""]"
medical_10,baseline,4,5,What is the protocol duration?,F1,I don't know,"[""18 months"", ""The protocol duration is 18 months.""]"
medical_10,baseline,4,10,Within how many hours must unexpected fatal adverse events be reported to the sponsor?,F4,I don't know,"[""within 24 hours"", ""Unexpected fatal adverse events must be reported to the sponsor within 24 hours.""]"
medical_10,baseline,4,15,Who is the lead study coordinator?,F5,I don't know,"[""Melissa Qureshi"", ""The lead study coordinator is Melissa Qureshi.""]"
medical_10,baseline,4,20,On what date was the data monitoring plan revised?,F7,I don't know,"[""August 2"", ""The data monitoring plan was revised on August 2.""]"
medical_10,baseline,4,25,When is the next interim safety analysis scheduled?,F8,I don't know,"[""November 11"", ""The next interim safety analysis is scheduled for November 11.""]"
medical_10,rolling_summary,0,5,What is the protocol duration?,F1,I don't know,"[""18 months"", ""The protocol duration is 18 months.""]"
medical_10,rolling_summary,0,10,Within how many hours must unexpected fatal adverse events be reported to the sponsor?,F4,I don't know,"[""within 24 hours"", ""Unexpected fatal adverse events must be reported to the sponsor within 24 hours.""]"
medical_10,rolling_summary,0,15,Who is the lead study coordinator?,F5,I don't know,"[""Melissa Qureshi"", ""The lead study coordinator is Melissa Qureshi.""]"
medical_10,rolling_summary,0,20,On what date was the data monitoring plan revised?,F7,I don't know,"[""August 2"", ""The data monitoring plan was revised on August 2.""]"
medical_10,rolling_summary,0,25,When is the next interim safety analysis scheduled?,F8,I don't know,"[""November 11"", ""The next interim safety analysis is scheduled for November 11.""]"
medical_10,rolling_summary,1,5,What is the protocol duration?,F1,I don't know,"[""18 months"", ""The protocol duration is 18 months.""]"
medical_10,rolling_summary,1,10,Within how many hours must unexpected fatal adverse events be reported to the sponsor?,F4,I don't know,"[""within 24 hours"", ""Unexpected fatal adverse events must be reported to the sponsor within 24 hours.""]"
medical_10,rolling_summary,1,15,Who is the lead study coordinator?,F5,I don't know,"[""Melissa Qureshi"", ""The lead study coordinator is Melissa Qureshi.""]"
medical_10,rolling_summary,1,20,On what date was the data monitoring plan revised?,F7,I don't know,"[""August 2"", ""The data monitoring plan was revised on August 2.""]"
medical_10,rolling_summary,1,25,When is the next interim safety analysis scheduled?,F8,I don't know,"[""November 11"", ""The next interim safety analysis is scheduled for November 11.""]"
medical_10,rolling_summary,2,5,What is the protocol duration?,F1,I don't know,"[""18 months"", ""The protocol duration is 18 months.""]"
medical_10,rolling_summary,2,10,Within how many hours must unexpected fatal adverse events be reported to the sponsor?,F4,I don't know,"[""within 24 hours"", ""Unexpected fatal adverse events must be reported to the sponsor within 24 hours.""]"
medical_10,rolling_summary,2,15,Who is the lead study coordinator?,F5,I don't know,"[""Melissa Qureshi"", ""The lead study coordinator is Melissa Qureshi.""]"
medical_10,rolling_summary,2,20,On what date was the data monitoring plan revised?,F7,I don't know,"[""August 2"", ""The data monitoring plan was revised on August 2.""]"
medical_10,rolling_summary,2,25,When is the next interim safety analysis scheduled?,F8,I don't know,"[""November 11"", ""The next interim safety analysis is scheduled for November 11.""]"
medical_10,rolling_summary,3,5,What is the protocol duration?,F1,I don't know,"[""18 months"", ""The protocol duration is 18 months.""]"
medical_10,rolling_summary,3,10,Within how many hours must unexpected fatal adverse events be reported to the sponsor?,F4,I don't know,"[""within 24 hours"", ""Unexpected fatal adverse events must be reported to the sponsor within 24 hours.""]"
medical_10,rolling_summary,3,15,Who is the lead study coordinator?,F5,I don't know,"[""Melissa Qureshi"", ""The lead study coordinator is Melissa Qureshi.""]"
medical_10,rolling_summary,3,20,On what date was the data monitoring plan revised?,F7,I don't know,"[""August 2"", ""The data monitoring plan was revised on August 2.""]"
medical_10,rolling_summary,3,25,When is the next interim safety analysis scheduled?,F8,I don't know,"[""November 11"", ""The next interim safety analysis is scheduled for November 11.""]"
medical_10,rolling_summary,4,5,What is the protocol duration?,F1,I don't know,"[""18 months"", ""The protocol duration is 18 months.""]"
medical_10,rolling_summary,4,10,Within how many hours must unexpected fatal adverse events be reported to the sponsor?,F4,I don't know,"[""within 24 hours"", ""Unexpected fatal adverse events must be reported to the sponsor within 24 hours.""]"
medical_10,rolling_summary,4,15,Who is the lead study coordinator?,F5,I don't know,"[""Melissa Qureshi"", ""The lead study coordinator is Melissa Qureshi.""]"
medical_10,rolling_summary,4,20,On what date was the data monitoring plan revised?,F7,I don't know,"[""August 2"", ""The data monitoring plan was revised on August 2.""]"
medical_10,rolling_summary,4,25,When is the next interim safety analysis scheduled?,F8,I don't know,"[""November 11"", ""The next interim safety analysis is scheduled for November 11.""]"
medical_10,hierarchical,0,5,What is the protocol duration?,F1,I don't know,"[""18 months"", ""The protocol duration is 18 months.""]"
medical_10,hierarchical,0,10,Within how many hours must unexpected fatal adverse events be reported to the sponsor?,F4,I don't know,"[""within 24 hours"", ""Unexpected fatal adverse events must be reported to the sponsor within 24 hours.""]"
medical_10,hierarchical,0,15,Who is the lead study coordinator?,F5,I don't know,"[""Melissa Qureshi"", ""The lead study coordinator is Melissa Qureshi.""]"
medical_10,hierarchical,0,20,On what date was the data monitoring plan revised?,F7,I don't know,"[""August 2"", ""The data monitoring plan was revised on August 2.""]"
medical_10,hierarchical,0,25,When is the next interim safety analysis scheduled?,F8,I don't know,"[""November 11"", ""The next interim safety analysis is scheduled for November 11.""]"
medical_10,hierarchical,1,5,What is the protocol duration?,F1,I don't know,"[""18 months"", ""The protocol duration is 18 months.""]"
medical_10,hierarchical,1,10,Within how many hours must unexpected fatal adverse events be reported to the sponsor?,F4,I don't know,"[""within 24 hours"", ""Unexpected fatal adverse events must be reported to the sponsor within 24 hours.""]"
medical_10,hierarchical,1,15,Who is the lead study coordinator?,F5,I don't know,"[""Melissa Qureshi"", ""The lead study coordinator is Melissa Qureshi.""]"
medical_10,hierarchical,1,20,On what date was the data monitoring plan revised?,F7,I don't know,"[""August 2"", ""The data monitoring plan was revised on August 2.""]"
medical_10,hierarchical,1,25,When is the next interim safety analysis scheduled?,F8,I don't know,"[""November 11"", ""The next interim safety analysis is scheduled for November 11.""]"
medical_10,hierarchical,2,5,What is the protocol duration?,F1,I don't know,"[""18 months"", ""The protocol duration is 18 months.""]"
medical_10,hierarchical,2,10,Within how many hours must unexpected fatal adverse events be reported to the sponsor?,F4,I don't know,"[""within 24 hours"", ""Unexpected fatal adverse events must be reported to the sponsor within 24 hours.""]"
medical_10,hierarchical,2,15,Who is the lead study coordinator?,F5,I don't know,"[""Melissa Qureshi"", ""The lead study coordinator is Melissa Qureshi.""]"
medical_10,hierarchical,2,20,On what date was the data monitoring plan revised?,F7,I don't know,"[""August 2"", ""The data monitoring plan was revised on August 2.""]"
medical_10,hierarchical,2,25,When is the next interim safety analysis scheduled?,F8,I don't know,"[""November 11"", ""The next interim safety analysis is scheduled for November 11.""]"
medical_10,hierarchical,3,5,What is the protocol duration?,F1,I don't know,"[""18 months"", ""The protocol duration is 18 months.""]"
medical_10,hierarchical,3,10,Within how many hours must unexpected fatal adverse events be reported to the sponsor?,F4,Unexpected fatal adverse events must be reported to the sponsor immediately; specific hours not stated in conversation.,"[""within 24 hours"", ""Unexpected fatal adverse events must be reported to the sponsor within 24 hours.""]"
medical_10,hierarchical,3,15,Who is the lead study coordinator?,F5,I don't know,"[""Melissa Qureshi"", ""The lead study coordinator is Melissa Qureshi.""]"
medical_10,hierarchical,3,20,On what date was the data monitoring plan revised?,F7,I don't know,"[""August 2"", ""The data monitoring plan was revised on August 2.""]"
medical_10,hierarchical,3,25,When is the next interim safety analysis scheduled?,F8,I don't know,"[""November 11"", ""The next interim safety analysis is scheduled for November 11.""]"
medical_10,hierarchical,4,5,What is the protocol duration?,F1,I don't know,"[""18 months"", ""The protocol duration is 18 months.""]"
medical_10,hierarchical,4,10,Within how many hours must unexpected fatal adverse events be reported to the sponsor?,F4,I don't know,"[""within 24 hours"", ""Unexpected fatal adverse events must be reported to the sponsor within 24 hours.""]"
medical_10,hierarchical,4,15,Who is the lead study coordinator?,F5,I don't know,"[""Melissa Qureshi"", ""The lead study coordinator is Melissa Qureshi.""]"
medical_10,hierarchical,4,20,On what date was the data monitoring plan revised?,F7,I don't know,"[""August 2"", ""The data monitoring plan was revised on August 2.""]"
medical_10,hierarchical,4,25,When is the next interim safety analysis scheduled?,F8,I don't know,"[""November 11"", ""The next interim safety analysis is scheduled for November 11.""]"
medical_10,rag,0,5,What is the protocol duration?,F1,I don't know,"[""18 months"", ""The protocol duration is 18 months.""]"
medical_10,rag,0,10,Within how many hours must unexpected fatal adverse events be reported to the sponsor?,F4,I don't know,"[""within 24 hours"", ""Unexpected fatal adverse events must be reported to the sponsor within 24 hours.""]"
medical_10,rag,0,15,Who is the lead study coordinator?,F5,I don't know,"[""Melissa Qureshi"", ""The lead study coordinator is Melissa Qureshi.""]"
medical_10,rag,0,20,On what date was the data monitoring plan revised?,F7,I don't know,"[""August 2"", ""The data monitoring plan was revised on August 2.""]"
medical_10,rag,0,25,When is the next interim safety analysis scheduled?,F8,I don't know,"[""November 11"", ""The next interim safety analysis is scheduled for November 11.""]"
medical_10,rag,1,5,What is the protocol duration?,F1,I don't know,"[""18 months"", ""The protocol duration is 18 months.""]"
medical_10,rag,1,10,Within how many hours must unexpected fatal adverse events be reported to the sponsor?,F4,I don't know,"[""within 24 hours"", ""Unexpected fatal adverse events must be reported to the sponsor within 24 hours.""]"
medical_10,rag,1,15,Who is the lead study coordinator?,F5,I don't know,"[""Melissa Qureshi"", ""The lead study coordinator is Melissa Qureshi.""]"
medical_10,rag,1,20,On what date was the data monitoring plan revised?,F7,I don't know,"[""August 2"", ""The data monitoring plan was revised on August 2.""]"
medical_10,rag,1,25,When is the next interim safety analysis scheduled?,F8,I don't know,"[""November 11"", ""The next interim safety analysis is scheduled for November 11.""]"
medical_10,rag,2,5,What is the protocol duration?,F1,I don't know,"[""18 months"", ""The protocol duration is 18 months.""]"
medical_10,rag,2,10,Within how many hours must unexpected fatal adverse events be reported to the sponsor?,F4,I don't know,"[""within 24 hours"", ""Unexpected fatal adverse events must be reported to the sponsor within 24 hours.""]"
medical_10,rag,2,15,Who is the lead study coordinator?,F5,I don't know,"[""Melissa Qureshi"", ""The lead study coordinator is Melissa Qureshi.""]"
medical_10,rag,2,20,On what date was the data monitoring plan revised?,F7,I don't know,"[""August 2"", ""The data monitoring plan was revised on August 2.""]"
medical_10,rag,2,25,When is the next interim safety analysis scheduled?,F8,I don't know,"[""November 11"", ""The next interim safety analysis is scheduled for November 11.""]"
medical_10,rag,3,5,What is the protocol duration?,F1,I don't know,"[""18 months"", ""The protocol duration is 18 months.""]"
medical_10,rag,3,10,Within how many hours must unexpected fatal adverse events be reported to the sponsor?,F4,"Within 24 hours, unexpected fatal adverse events must be reported to the sponsor.","[""within 24 hours"", ""Unexpected fatal adverse events must be reported to the sponsor within 24 hours.""]"
medical_10,rag,3,15,Who is the lead study coordinator?,F5,I don't know,"[""Melissa Qureshi"", ""The lead study coordinator is Melissa Qureshi.""]"
medical_10,rag,3,20,On what date was the data monitoring plan revised?,F7,I don't know,"[""August 2"", ""The data monitoring plan was revised on August 2.""]"
medical_10,rag,3,25,When is the next interim safety analysis scheduled?,F8,I don't know,"[""November 11"", ""The next interim safety analysis is scheduled for November 11.""]"
medical_10,rag,4,5,What is the protocol duration?,F1,I don't know,"[""18 months"", ""The protocol duration is 18 months.""]"
medical_10,rag,4,10,Within how many hours must unexpected fatal adverse events be reported to the sponsor?,F4,I don't know,"[""within 24 hours"", ""Unexpected fatal adverse events must be reported to the sponsor within 24 hours.""]"
medical_10,rag,4,15,Who is the lead study coordinator?,F5,I don't know,"[""Melissa Qureshi"", ""The lead study coordinator is Melissa Qureshi.""]"
medical_10,rag,4,20,On what date was the data monitoring plan revised?,F7,I don't know,"[""August 2"", ""The data monitoring plan was revised on August 2.""]"
medical_10,rag,4,25,When is the next interim safety analysis scheduled?,F8,I don't know,"[""November 11"", ""The next interim safety analysis is scheduled for November 11.""]"
