script_id,strategy,repetition,turn,question,target_fact_id,agent_response,ground_truth
tech_01,baseline,0,5,Which version of the OrionDesk ticketing platform is the customer using?,F1,I don't know,"[""OrionDesk version 5.4.2"", ""Version 5.4.2 of the OrionDesk platform"", ""The customer uses the OrionDesk ticketing platform version 5.4.2.""]"
tech_01,baseline,0,10,Are third-party plugin failures excluded from warranty coverage?,F4,I don't know,"[""Third-party plugin failures are excluded from warranty coverage"", ""Warranty coverage does not include external plugin failures"", ""Warranty coverage excludes third-party plugin failures.""]"
tech_01,baseline,0,15,Where is the affected deployment hosted?,F6,The affected deployment is hosted in the European region.,"[""The Frankfurt data center"", ""The deployment hosted in Frankfurt"", ""The affected deployment is hosted in the Frankfurt data center.""]"
tech_01,baseline,0,20,What does the customer plan to renew next quarter?,F7,I don't know,"[""The customer plans to renew the support agreement next quarter"", ""A support agreement renewal is planned for next quarter""]"
tech_01,baseline,0,25,What is the temporary workaround?,F8,Restarting the authentication service every six hours temporarily restores user access for five to six hours.,"[""Restarting the authentication service every six hours"", ""A six-hour authentication service restart workaround"", ""The temporary workaround is restarting the authentication service every six hours.""]"
tech_01,baseline,1,5,Which version of the OrionDesk ticketing platform is the customer using?,F1,I don't know,"[""OrionDesk version 5.4.2"", ""Version 5.4.2 of the OrionDesk platform"", ""The customer uses the OrionDesk ticketing platform version 5.4.2.""]"
tech_01,baseline,1,10,Are third-party plugin failures excluded from warranty coverage?,F4,I don't know,"[""Third-party plugin failures are excluded from warranty coverage"", ""Warranty coverage does not include external plugin failures"", ""Warranty coverage excludes third-party plugin failures.""]"
tech_01,baseline,1,15,Where is the affected deployment hosted?,F6,Europe,"[""The Frankfurt data center"", ""The deployment hosted in Frankfurt"", ""The affected deployment is hosted in the Frankfurt data center.""]"
tech_01,baseline,1,20,What does the customer plan to renew next quarter?,F7,The customer plans to renew their enterprise software support subscription next quarter.,"[""The customer plans to renew the support agreement next quarter"", ""A support agreement renewal is planned for next quarter""]"
tech_01,baseline,1,25,What is the temporary workaround?,F8,Restarting the authentication service every six hours temporarily restores user access.,"[""Restarting the authentication service every six hours"", ""A six-hour authentication service restart workaround"", ""The temporary workaround is restarting the authentication service every six hours.""]"
tech_01,baseline,2,5,Which version of the OrionDesk ticketing platform is the customer using?,F1,I don't know,"[""OrionDesk version 5.4.2"", ""Version 5.4.2 of the OrionDesk platform"", ""The customer uses the OrionDesk ticketing platform version 5.4.2.""]"
tech_01,baseline,2,10,Are third-party plugin failures excluded from warranty coverage?,F4,I don't know,"[""Third-party plugin failures are excluded from warranty coverage"", ""Warranty coverage does not include external plugin failures"", ""Warranty coverage excludes third-party plugin failures.""]"
tech_01,baseline,2,15,Where is the affected deployment hosted?,F6,The affected deployment is hosted in Europe.,"[""The Frankfurt data center"", ""The deployment hosted in Frankfurt"", ""The affected deployment is hosted in the Frankfurt data center.""]"
tech_01,baseline,2,20,What does the customer plan to renew next quarter?,F7,The customer plans to renew their contract or service next quarter.,"[""The customer plans to renew the support agreement next quarter"", ""A support agreement renewal is planned for next quarter""]"
tech_01,baseline,2,25,What is the temporary workaround?,F8,Restarting the authentication service every six hours temporarily restores access and prevents login failures.,"[""Restarting the authentication service every six hours"", ""A six-hour authentication service restart workaround"", ""The temporary workaround is restarting the authentication service every six hours.""]"
tech_01,baseline,3,5,Which version of the OrionDesk ticketing platform is the customer using?,F1,I don't know,"[""OrionDesk version 5.4.2"", ""Version 5.4.2 of the OrionDesk platform"", ""The customer uses the OrionDesk ticketing platform version 5.4.2.""]"
tech_01,baseline,3,10,Are third-party plugin failures excluded from warranty coverage?,F4,I don't know,"[""Third-party plugin failures are excluded from warranty coverage"", ""Warranty coverage does not include external plugin failures"", ""Warranty coverage excludes third-party plugin failures.""]"
tech_01,baseline,3,15,Where is the affected deployment hosted?,F6,The affected deployment is hosted in Europe.,"[""The Frankfurt data center"", ""The deployment hosted in Frankfurt"", ""The affected deployment is hosted in the Frankfurt data center.""]"
tech_01,baseline,3,20,What does the customer plan to renew next quarter?,F7,I don't know,"[""The customer plans to renew the support agreement next quarter"", ""A support agreement renewal is planned for next quarter""]"
tech_01,baseline,3,25,What is the temporary workaround?,F8,Restarting the authentication service every six hours restores access temporarily.,"[""Restarting the authentication service every six hours"", ""A six-hour authentication service restart workaround"", ""The temporary workaround is restarting the authentication service every six hours.""]"
tech_01,baseline,4,5,Which version of the OrionDesk ticketing platform is the customer using?,F1,I don't know,"[""OrionDesk version 5.4.2"", ""Version 5.4.2 of the OrionDesk platform"", ""The customer uses the OrionDesk ticketing platform version 5.4.2.""]"
tech_01,baseline,4,10,Are third-party plugin failures excluded from warranty coverage?,F4,I don't know,"[""Third-party plugin failures are excluded from warranty coverage"", ""Warranty coverage does not include external plugin failures"", ""Warranty coverage excludes third-party plugin failures.""]"
tech_01,baseline,4,15,Where is the affected deployment hosted?,F6,The affected deployment is hosted in Europe.,"[""The Frankfurt data center"", ""The deployment hosted in Frankfurt"", ""The affected deployment is hosted in the Frankfurt data center.""]"
tech_01,baseline,4,20,What does the customer plan to renew next quarter?,F7,The customer plans to renew their support or service agreement next quarter.,"[""The customer plans to renew the support agreement next quarter"", ""A support agreement renewal is planned for next quarter""]"
tech_01,baseline,4,25,What is the temporary workaround?,F8,Restarting the authentication service every six hours to restore access temporarily.,"[""Restarting the authentication service every six hours"", ""A six-hour authentication service restart workaround"", ""The temporary workaround is restarting the authentication service every six hours.""]"
tech_01,rolling_summary,0,5,Which version of the OrionDesk ticketing platform is the customer using?,F1,I don't know,"[""OrionDesk version 5.4.2"", ""Version 5.4.2 of the OrionDesk platform"", ""The customer uses the OrionDesk ticketing platform version 5.4.2.""]"
tech_01,rolling_summary,0,10,Are third-party plugin failures excluded from warranty coverage?,F4,I don't know,"[""Third-party plugin failures are excluded from warranty coverage"", ""Warranty coverage does not include external plugin failures"", ""Warranty coverage excludes third-party plugin failures.""]"
tech_01,rolling_summary,0,15,Where is the affected deployment hosted?,F6,I don't know,"[""The Frankfurt data center"", ""The deployment hosted in Frankfurt"", ""The affected deployment is hosted in the Frankfurt data center.""]"
tech_01,rolling_summary,0,20,What does the customer plan to renew next quarter?,F7,I don't know,"[""The customer plans to renew the support agreement next quarter"", ""A support agreement renewal is planned for next quarter""]"
tech_01,rolling_summary,0,25,What is the temporary workaround?,F8,Authentication service restarts restore access for around five to six hours before failures recur.,"[""Restarting the authentication service every six hours"", ""A six-hour authentication service restart workaround"", ""The temporary workaround is restarting the authentication service every six hours.""]"
tech_01,rolling_summary,1,5,Which version of the OrionDesk ticketing platform is the customer using?,F1,I don't know,"[""OrionDesk version 5.4.2"", ""Version 5.4.2 of the OrionDesk platform"", ""The customer uses the OrionDesk ticketing platform version 5.4.2.""]"
tech_01,rolling_summary,1,10,Are third-party plugin failures excluded from warranty coverage?,F4,I don't know,"[""Third-party plugin failures are excluded from warranty coverage"", ""Warranty coverage does not include external plugin failures"", ""Warranty coverage excludes third-party plugin failures.""]"
tech_01,rolling_summary,1,15,Where is the affected deployment hosted?,F6,I don't know,"[""The Frankfurt data center"", ""The deployment hosted in Frankfurt"", ""The affected deployment is hosted in the Frankfurt data center.""]"
tech_01,rolling_summary,1,20,What does the customer plan to renew next quarter?,F7,I don't know,"[""The customer plans to renew the support agreement next quarter"", ""A support agreement renewal is planned for next quarter""]"
tech_01,rolling_summary,1,25,What is the temporary workaround?,F8,Restarting the authentication service restores access temporarily for around five to six hours.,"[""Restarting the authentication service every six hours"", ""A six-hour authentication service restart workaround"", ""The temporary workaround is restarting the authentication service every six hours.""]"
tech_01,rolling_summary,2,5,Which version of the OrionDesk ticketing platform is the customer using?,F1,I don't know,"[""OrionDesk version 5.4.2"", ""Version 5.4.2 of the OrionDesk platform"", ""The customer uses the OrionDesk ticketing platform version 5.4.2.""]"
tech_01,rolling_summary,2,10,Are third-party plugin failures excluded from warranty coverage?,F4,I don't know,"[""Third-party plugin failures are excluded from warranty coverage"", ""Warranty coverage does not include external plugin failures"", ""Warranty coverage excludes third-party plugin failures.""]"
tech_01,rolling_summary,2,15,Where is the affected deployment hosted?,F6,I don't know,"[""The Frankfurt data center"", ""The deployment hosted in Frankfurt"", ""The affected deployment is hosted in the Frankfurt data center.""]"
tech_01,rolling_summary,2,20,What does the customer plan to renew next quarter?,F7,I don't know,"[""The customer plans to renew the support agreement next quarter"", ""A support agreement renewal is planned for next quarter""]"
tech_01,rolling_summary,2,25,What is the temporary workaround?,F8,Restarting the authentication service restores access for about five to six hours before failures recur.,"[""Restarting the authentication service every six hours"", ""A six-hour authentication service restart workaround"", ""The temporary workaround is restarting the authentication service every six hours.""]"
tech_01,rolling_summary,3,5,Which version of the OrionDesk ticketing platform is the customer using?,F1,I don't know,"[""OrionDesk version 5.4.2"", ""Version 5.4.2 of the OrionDesk platform"", ""The customer uses the OrionDesk ticketing platform version 5.4.2.""]"
tech_01,rolling_summary,3,10,Are third-party plugin failures excluded from warranty coverage?,F4,I don't know,"[""Third-party plugin failures are excluded from warranty coverage"", ""Warranty coverage does not include external plugin failures"", ""Warranty coverage excludes third-party plugin failures.""]"
tech_01,rolling_summary,3,15,Where is the affected deployment hosted?,F6,The conversation history does not specify the location of the affected deployment.,"[""The Frankfurt data center"", ""The deployment hosted in Frankfurt"", ""The affected deployment is hosted in the Frankfurt data center.""]"
tech_01,rolling_summary,3,20,What does the customer plan to renew next quarter?,F7,The customer plans to renew their account next quarter.,"[""The customer plans to renew the support agreement next quarter"", ""A support agreement renewal is planned for next quarter""]"
tech_01,rolling_summary,3,25,What is the temporary workaround?,F8,Restarting the authentication service every six hours to restore access temporarily.,"[""Restarting the authentication service every six hours"", ""A six-hour authentication service restart workaround"", ""The temporary workaround is restarting the authentication service every six hours.""]"
tech_01,rolling_summary,4,5,Which version of the OrionDesk ticketing platform is the customer using?,F1,I don't know,"[""OrionDesk version 5.4.2"", ""Version 5.4.2 of the OrionDesk platform"", ""The customer uses the OrionDesk ticketing platform version 5.4.2.""]"
tech_01,rolling_summary,4,10,Are third-party plugin failures excluded from warranty coverage?,F4,I don't know,"[""Third-party plugin failures are excluded from warranty coverage"", ""Warranty coverage does not include external plugin failures"", ""Warranty coverage excludes third-party plugin failures.""]"
tech_01,rolling_summary,4,15,Where is the affected deployment hosted?,F6,I don't know,"[""The Frankfurt data center"", ""The deployment hosted in Frankfurt"", ""The affected deployment is hosted in the Frankfurt data center.""]"
tech_01,rolling_summary,4,20,What does the customer plan to renew next quarter?,F7,I don't know,"[""The customer plans to renew the support agreement next quarter"", ""A support agreement renewal is planned for next quarter""]"
tech_01,rolling_summary,4,25,What is the temporary workaround?,F8,Restarting the authentication service restores access for around five to six hours before failures start again.,"[""Restarting the authentication service every six hours"", ""A six-hour authentication service restart workaround"", ""The temporary workaround is restarting the authentication service every six hours.""]"
tech_01,hierarchical,0,5,Which version of the OrionDesk ticketing platform is the customer using?,F1,I don't know,"[""OrionDesk version 5.4.2"", ""Version 5.4.2 of the OrionDesk platform"", ""The customer uses the OrionDesk ticketing platform version 5.4.2.""]"
tech_01,hierarchical,0,10,Are third-party plugin failures excluded from warranty coverage?,F4,I don't know,"[""Third-party plugin failures are excluded from warranty coverage"", ""Warranty coverage does not include external plugin failures"", ""Warranty coverage excludes third-party plugin failures.""]"
tech_01,hierarchical,0,15,Where is the affected deployment hosted?,F6,I don't know,"[""The Frankfurt data center"", ""The deployment hosted in Frankfurt"", ""The affected deployment is hosted in the Frankfurt data center.""]"
tech_01,hierarchical,0,20,What does the customer plan to renew next quarter?,F7,I don't know,"[""The customer plans to renew the support agreement next quarter"", ""A support agreement renewal is planned for next quarter""]"
tech_01,hierarchical,0,25,What is the temporary workaround?,F8,Restart the authentication service every six hours until engineering validates a permanent fix.,"[""Restarting the authentication service every six hours"", ""A six-hour authentication service restart workaround"", ""The temporary workaround is restarting the authentication service every six hours.""]"
tech_01,hierarchical,1,5,Which version of the OrionDesk ticketing platform is the customer using?,F1,I don't know,"[""OrionDesk version 5.4.2"", ""Version 5.4.2 of the OrionDesk platform"", ""The customer uses the OrionDesk ticketing platform version 5.4.2.""]"
tech_01,hierarchical,1,10,Are third-party plugin failures excluded from warranty coverage?,F4,I don't know,"[""Third-party plugin failures are excluded from warranty coverage"", ""Warranty coverage does not include external plugin failures"", ""Warranty coverage excludes third-party plugin failures.""]"
tech_01,hierarchical,1,15,Where is the affected deployment hosted?,F6,The affected deployment is hosted in Europe.,"[""The Frankfurt data center"", ""The deployment hosted in Frankfurt"", ""The affected deployment is hosted in the Frankfurt data center.""]"
tech_01,hierarchical,1,20,What does the customer plan to renew next quarter?,F7,The customer plans to renew their account or contract next quarter.,"[""The customer plans to renew the support agreement next quarter"", ""A support agreement renewal is planned for next quarter""]"
tech_01,hierarchical,1,25,What is the temporary workaround?,F8,Restart the authentication service every six hours to temporarily restore access and mitigate failures.,"[""Restarting the authentication service every six hours"", ""A six-hour authentication service restart workaround"", ""The temporary workaround is restarting the authentication service every six hours.""]"
tech_01,hierarchical,2,5,Which version of the OrionDesk ticketing platform is the customer using?,F1,I don't know,"[""OrionDesk version 5.4.2"", ""Version 5.4.2 of the OrionDesk platform"", ""The customer uses the OrionDesk ticketing platform version 5.4.2.""]"
tech_01,hierarchical,2,10,Are third-party plugin failures excluded from warranty coverage?,F4,I don't know,"[""Third-party plugin failures are excluded from warranty coverage"", ""Warranty coverage does not include external plugin failures"", ""Warranty coverage excludes third-party plugin failures.""]"
tech_01,hierarchical,2,15,Where is the affected deployment hosted?,F6,The affected deployment is hosted in Europe.,"[""The Frankfurt data center"", ""The deployment hosted in Frankfurt"", ""The affected deployment is hosted in the Frankfurt data center.""]"
tech_01,hierarchical,2,20,What does the customer plan to renew next quarter?,F7,The customer plans to renew their support or service agreement next quarter.,"[""The customer plans to renew the support agreement next quarter"", ""A support agreement renewal is planned for next quarter""]"
tech_01,hierarchical,2,25,What is the temporary workaround?,F8,Restart the authentication service every six hours until engineering validates a permanent fix.,"[""Restarting the authentication service every six hours"", ""A six-hour authentication service restart workaround"", ""The temporary workaround is restarting the authentication service every six hours.""]"
tech_01,hierarchical,3,5,Which version of the OrionDesk ticketing platform is the customer using?,F1,I don't know,"[""OrionDesk version 5.4.2"", ""Version 5.4.2 of the OrionDesk platform"", ""The customer uses the OrionDesk ticketing platform version 5.4.2.""]"
tech_01,hierarchical,3,10,Are third-party plugin failures excluded from warranty coverage?,F4,I don't know,"[""Third-party plugin failures are excluded from warranty coverage"", ""Warranty coverage does not include external plugin failures"", ""Warranty coverage excludes third-party plugin failures.""]"
tech_01,hierarchical,3,15,Where is the affected deployment hosted?,F6,The affected deployment location is not specified in the conversation history.,"[""The Frankfurt data center"", ""The deployment hosted in Frankfurt"", ""The affected deployment is hosted in the Frankfurt data center.""]"
tech_01,hierarchical,3,20,What does the customer plan to renew next quarter?,F7,I don't know,"[""The customer plans to renew the support agreement next quarter"", ""A support agreement renewal is planned for next quarter""]"
tech_01,hierarchical,3,25,What is the temporary workaround?,F8,Restart the authentication service every six hours until engineering validates a permanent fix.,"[""Restarting the authentication service every six hours"", ""A six-hour authentication service restart workaround"", ""The temporary workaround is restarting the authentication service every six hours.""]"
tech_01,hierarchical,4,5,Which version of the OrionDesk ticketing platform is the customer using?,F1,I don't know,"[""OrionDesk version 5.4.2"", ""Version 5.4.2 of the OrionDesk platform"", ""The customer uses the OrionDesk ticketing platform version 5.4.2.""]"
tech_01,hierarchical,4,10,Are third-party plugin failures excluded from warranty coverage?,F4,I don't know,"[""Third-party plugin failures are excluded from warranty coverage"", ""Warranty coverage does not include external plugin failures"", ""Warranty coverage excludes third-party plugin failures.""]"
tech_01,hierarchical,4,15,Where is the affected deployment hosted?,F6,The affected deployment is hosted in Europe.,"[""The Frankfurt data center"", ""The deployment hosted in Frankfurt"", ""The affected deployment is hosted in the Frankfurt data center.""]"
tech_01,hierarchical,4,20,What does the customer plan to renew next quarter?,F7,The customer plans to renew their support or service agreement next quarter.,"[""The customer plans to renew the support agreement next quarter"", ""A support agreement renewal is planned for next quarter""]"
tech_01,hierarchical,4,25,What is the temporary workaround?,F8,Restarting the authentication service every six hours until a permanent fix is validated.,"[""Restarting the authentication service every six hours"", ""A six-hour authentication service restart workaround"", ""The temporary workaround is restarting the authentication service every six hours.""]"
tech_01,rag,0,5,Which version of the OrionDesk ticketing platform is the customer using?,F1,I don't know,"[""OrionDesk version 5.4.2"", ""Version 5.4.2 of the OrionDesk platform"", ""The customer uses the OrionDesk ticketing platform version 5.4.2.""]"
tech_01,rag,0,10,Are third-party plugin failures excluded from warranty coverage?,F4,I don't know,"[""Third-party plugin failures are excluded from warranty coverage"", ""Warranty coverage does not include external plugin failures"", ""Warranty coverage excludes third-party plugin failures.""]"
tech_01,rag,0,15,Where is the affected deployment hosted?,F6,The affected deployment is hosted in Europe.,"[""The Frankfurt data center"", ""The deployment hosted in Frankfurt"", ""The affected deployment is hosted in the Frankfurt data center.""]"
tech_01,rag,0,20,What does the customer plan to renew next quarter?,F7,I don't know,"[""The customer plans to renew the support agreement next quarter"", ""A support agreement renewal is planned for next quarter""]"
tech_01,rag,0,25,What is the temporary workaround?,F8,Restarting the authentication service every six hours is the temporary workaround until a permanent fix is validated.,"[""Restarting the authentication service every six hours"", ""A six-hour authentication service restart workaround"", ""The temporary workaround is restarting the authentication service every six hours.""]"
tech_01,rag,1,5,Which version of the OrionDesk ticketing platform is the customer using?,F1,I don't know,"[""OrionDesk version 5.4.2"", ""Version 5.4.2 of the OrionDesk platform"", ""The customer uses the OrionDesk ticketing platform version 5.4.2.""]"
tech_01,rag,1,10,Are third-party plugin failures excluded from warranty coverage?,F4,I don't know,"[""Third-party plugin failures are excluded from warranty coverage"", ""Warranty coverage does not include external plugin failures"", ""Warranty coverage excludes third-party plugin failures.""]"
tech_01,rag,1,15,Where is the affected deployment hosted?,F6,The affected deployment is hosted in Europe.,"[""The Frankfurt data center"", ""The deployment hosted in Frankfurt"", ""The affected deployment is hosted in the Frankfurt data center.""]"
tech_01,rag,1,20,What does the customer plan to renew next quarter?,F7,The conversation does not specify what the customer plans to renew next quarter.,"[""The customer plans to renew the support agreement next quarter"", ""A support agreement renewal is planned for next quarter""]"
tech_01,rag,1,25,What is the temporary workaround?,F8,Restarting the authentication service every six hours to temporarily restore access and prevent login failures.,"[""Restarting the authentication service every six hours"", ""A six-hour authentication service restart workaround"", ""The temporary workaround is restarting the authentication service every six hours.""]"
tech_01,rag,2,5,Which version of the OrionDesk ticketing platform is the customer using?,F1,I don't know,"[""OrionDesk version 5.4.2"", ""Version 5.4.2 of the OrionDesk platform"", ""The customer uses the OrionDesk ticketing platform version 5.4.2.""]"
tech_01,rag,2,10,Are third-party plugin failures excluded from warranty coverage?,F4,I don't know,"[""Third-party plugin failures are excluded from warranty coverage"", ""Warranty coverage does not include external plugin failures"", ""Warranty coverage excludes third-party plugin failures.""]"
tech_01,rag,2,15,Where is the affected deployment hosted?,F6,The affected deployment is hosted in Europe.,"[""The Frankfurt data center"", ""The deployment hosted in Frankfurt"", ""The affected deployment is hosted in the Frankfurt data center.""]"
tech_01,rag,2,20,What does the customer plan to renew next quarter?,F7,The customer plans to renew their account or service next quarter.,"[""The customer plans to renew the support agreement next quarter"", ""A support agreement renewal is planned for next quarter""]"
tech_01,rag,2,25,What is the temporary workaround?,F8,Restarting the authentication service every six hours is the temporary workaround.,"[""Restarting the authentication service every six hours"", ""A six-hour authentication service restart workaround"", ""The temporary workaround is restarting the authentication service every six hours.""]"
tech_01,rag,3,5,Which version of the OrionDesk ticketing platform is the customer using?,F1,I don't know,"[""OrionDesk version 5.4.2"", ""Version 5.4.2 of the OrionDesk platform"", ""The customer uses the OrionDesk ticketing platform version 5.4.2.""]"
tech_01,rag,3,10,Are third-party plugin failures excluded from warranty coverage?,F4,I don't know,"[""Third-party plugin failures are excluded from warranty coverage"", ""Warranty coverage does not include external plugin failures"", ""Warranty coverage excludes third-party plugin failures.""]"
tech_01,rag,3,15,Where is the affected deployment hosted?,F6,The affected deployment is hosted in Europe.,"[""The Frankfurt data center"", ""The deployment hosted in Frankfurt"", ""The affected deployment is hosted in the Frankfurt data center.""]"
tech_01,rag,3,20,What does the customer plan to renew next quarter?,F7,I don't know,"[""The customer plans to renew the support agreement next quarter"", ""A support agreement renewal is planned for next quarter""]"
tech_01,rag,3,25,What is the temporary workaround?,F8,Extending the workaround interval to eight hours is the temporary workaround discussed.,"[""Restarting the authentication service every six hours"", ""A six-hour authentication service restart workaround"", ""The temporary workaround is restarting the authentication service every six hours.""]"
tech_01,rag,4,5,Which version of the OrionDesk ticketing platform is the customer using?,F1,I don't know,"[""OrionDesk version 5.4.2"", ""Version 5.4.2 of the OrionDesk platform"", ""The customer uses the OrionDesk ticketing platform version 5.4.2.""]"
tech_01,rag,4,10,Are third-party plugin failures excluded from warranty coverage?,F4,I don't know,"[""Third-party plugin failures are excluded from warranty coverage"", ""Warranty coverage does not include external plugin failures"", ""Warranty coverage excludes third-party plugin failures.""]"
tech_01,rag,4,15,Where is the affected deployment hosted?,F6,The affected deployment is hosted in Europe.,"[""The Frankfurt data center"", ""The deployment hosted in Frankfurt"", ""The affected deployment is hosted in the Frankfurt data center.""]"
tech_01,rag,4,20,What does the customer plan to renew next quarter?,F7,The customer plans to renew their service or contract next quarter.,"[""The customer plans to renew the support agreement next quarter"", ""A support agreement renewal is planned for next quarter""]"
tech_01,rag,4,25,What is the temporary workaround?,F8,Restart the authentication service every six hours to prevent login failures until a permanent fix is validated.,"[""Restarting the authentication service every six hours"", ""A six-hour authentication service restart workaround"", ""The temporary workaround is restarting the authentication service every six hours.""]"
tech_02,baseline,0,5,Which version of NimbusBackup Enterprise is the client running?,F1,I don't know,"[""NimbusBackup Enterprise version 9.1"", ""Version 9.1 of NimbusBackup Enterprise"", ""The client runs NimbusBackup Enterprise version 9.1.""]"
tech_02,baseline,0,10,For which devices are hardware replacements covered?,F4,I don't know,"[""Hardware replacements require an active warranty"", ""Only devices under active warranty are covered for replacement"", ""Hardware replacements are covered only for devices under active warranty.""]"
tech_02,baseline,0,15,Where is the storage cluster located?,F6,I don't know,"[""The Singapore region"", ""The storage cluster located in Singapore"", ""The storage cluster involved is located in the Singapore region.""]"
tech_02,baseline,0,20,What did the customer postpone until the stability issue is resolved?,F7,Future infrastructure changes were postponed until the stability issue is resolved.,"[""The customer postponed migration plans until the issue is resolved"", ""Migration plans have been delayed pending stability improvements"", ""The customer postponed migration plans until the stability issue is resolved.""]"
tech_02,baseline,0,25,What did support temporarily disable to reduce corruption incidents?,F8,Advanced compression was temporarily disabled to reduce corruption incidents.,"[""Archive compression was temporarily disabled"", ""Support disabled compression to reduce corruption incidents"", ""Support temporarily disabled archive compression to reduce corruption incidents.""]"
tech_02,baseline,1,5,Which version of NimbusBackup Enterprise is the client running?,F1,I don't know,"[""NimbusBackup Enterprise version 9.1"", ""Version 9.1 of NimbusBackup Enterprise"", ""The client runs NimbusBackup Enterprise version 9.1.""]"
tech_02,baseline,1,10,For which devices are hardware replacements covered?,F4,I don't know,"[""Hardware replacements require an active warranty"", ""Only devices under active warranty are covered for replacement"", ""Hardware replacements are covered only for devices under active warranty.""]"
tech_02,baseline,1,15,Where is the storage cluster located?,F6,I don't know,"[""The Singapore region"", ""The storage cluster located in Singapore"", ""The storage cluster involved is located in the Singapore region.""]"
tech_02,baseline,1,20,What did the customer postpone until the stability issue is resolved?,F7,Future infrastructure changes were postponed until the stability issue caused by firmware is resolved.,"[""The customer postponed migration plans until the issue is resolved"", ""Migration plans have been delayed pending stability improvements"", ""The customer postponed migration plans until the stability issue is resolved.""]"
tech_02,baseline,1,25,What did support temporarily disable to reduce corruption incidents?,F8,Advanced compression was temporarily disabled to reduce corruption incidents.,"[""Archive compression was temporarily disabled"", ""Support disabled compression to reduce corruption incidents"", ""Support temporarily disabled archive compression to reduce corruption incidents.""]"
tech_02,baseline,2,5,Which version of NimbusBackup Enterprise is the client running?,F1,I don't know,"[""NimbusBackup Enterprise version 9.1"", ""Version 9.1 of NimbusBackup Enterprise"", ""The client runs NimbusBackup Enterprise version 9.1.""]"
tech_02,baseline,2,10,For which devices are hardware replacements covered?,F4,I don't know,"[""Hardware replacements require an active warranty"", ""Only devices under active warranty are covered for replacement"", ""Hardware replacements are covered only for devices under active warranty.""]"
tech_02,baseline,2,15,Where is the storage cluster located?,F6,I don't know,"[""The Singapore region"", ""The storage cluster located in Singapore"", ""The storage cluster involved is located in the Singapore region.""]"
tech_02,baseline,2,20,What did the customer postpone until the stability issue is resolved?,F7,Future infrastructure changes.,"[""The customer postponed migration plans until the issue is resolved"", ""Migration plans have been delayed pending stability improvements"", ""The customer postponed migration plans until the stability issue is resolved.""]"
tech_02,baseline,2,25,What did support temporarily disable to reduce corruption incidents?,F8,Advanced compression was temporarily disabled to reduce corruption incidents.,"[""Archive compression was temporarily disabled"", ""Support disabled compression to reduce corruption incidents"", ""Support temporarily disabled archive compression to reduce corruption incidents.""]"
tech_02,baseline,3,5,Which version of NimbusBackup Enterprise is the client running?,F1,I don't know,"[""NimbusBackup Enterprise version 9.1"", ""Version 9.1 of NimbusBackup Enterprise"", ""The client runs NimbusBackup Enterprise version 9.1.""]"
tech_02,baseline,3,10,For which devices are hardware replacements covered?,F4,I don't know,"[""Hardware replacements require an active warranty"", ""Only devices under active warranty are covered for replacement"", ""Hardware replacements are covered only for devices under active warranty.""]"
tech_02,baseline,3,15,Where is the storage cluster located?,F6,I don't know,"[""The Singapore region"", ""The storage cluster located in Singapore"", ""The storage cluster involved is located in the Singapore region.""]"
tech_02,baseline,3,20,What did the customer postpone until the stability issue is resolved?,F7,Future infrastructure changes were postponed by the account team until the stability issue is resolved.,"[""The customer postponed migration plans until the issue is resolved"", ""Migration plans have been delayed pending stability improvements"", ""The customer postponed migration plans until the stability issue is resolved.""]"
tech_02,baseline,3,25,What did support temporarily disable to reduce corruption incidents?,F8,Advanced compression was temporarily disabled to reduce corruption incidents.,"[""Archive compression was temporarily disabled"", ""Support disabled compression to reduce corruption incidents"", ""Support temporarily disabled archive compression to reduce corruption incidents.""]"
tech_02,baseline,4,5,Which version of NimbusBackup Enterprise is the client running?,F1,I don't know,"[""NimbusBackup Enterprise version 9.1"", ""Version 9.1 of NimbusBackup Enterprise"", ""The client runs NimbusBackup Enterprise version 9.1.""]"
tech_02,baseline,4,10,For which devices are hardware replacements covered?,F4,I don't know,"[""Hardware replacements require an active warranty"", ""Only devices under active warranty are covered for replacement"", ""Hardware replacements are covered only for devices under active warranty.""]"
tech_02,baseline,4,15,Where is the storage cluster located?,F6,I don't know,"[""The Singapore region"", ""The storage cluster located in Singapore"", ""The storage cluster involved is located in the Singapore region.""]"
tech_02,baseline,4,20,What did the customer postpone until the stability issue is resolved?,F7,Future infrastructure changes were postponed until the stability issue is resolved.,"[""The customer postponed migration plans until the issue is resolved"", ""Migration plans have been delayed pending stability improvements"", ""The customer postponed migration plans until the stability issue is resolved.""]"
tech_02,baseline,4,25,What did support temporarily disable to reduce corruption incidents?,F8,Advanced compression was temporarily disabled to reduce corruption incidents.,"[""Archive compression was temporarily disabled"", ""Support disabled compression to reduce corruption incidents"", ""Support temporarily disabled archive compression to reduce corruption incidents.""]"
tech_02,rolling_summary,0,5,Which version of NimbusBackup Enterprise is the client running?,F1,I don't know,"[""NimbusBackup Enterprise version 9.1"", ""Version 9.1 of NimbusBackup Enterprise"", ""The client runs NimbusBackup Enterprise version 9.1.""]"
tech_02,rolling_summary,0,10,For which devices are hardware replacements covered?,F4,I don't know,"[""Hardware replacements require an active warranty"", ""Only devices under active warranty are covered for replacement"", ""Hardware replacements are covered only for devices under active warranty.""]"
tech_02,rolling_summary,0,15,Where is the storage cluster located?,F6,I don't know,"[""The Singapore region"", ""The storage cluster located in Singapore"", ""The storage cluster involved is located in the Singapore region.""]"
tech_02,rolling_summary,0,20,What did the customer postpone until the stability issue is resolved?,F7,The customer postponed further troubleshooting or actions until the file sync stability issue is resolved.,"[""The customer postponed migration plans until the issue is resolved"", ""Migration plans have been delayed pending stability improvements"", ""The customer postponed migration plans until the stability issue is resolved.""]"
tech_02,rolling_summary,0,25,What did support temporarily disable to reduce corruption incidents?,F8,I don't know,"[""Archive compression was temporarily disabled"", ""Support disabled compression to reduce corruption incidents"", ""Support temporarily disabled archive compression to reduce corruption incidents.""]"
tech_02,rolling_summary,1,5,Which version of NimbusBackup Enterprise is the client running?,F1,I don't know,"[""NimbusBackup Enterprise version 9.1"", ""Version 9.1 of NimbusBackup Enterprise"", ""The client runs NimbusBackup Enterprise version 9.1.""]"
tech_02,rolling_summary,1,10,For which devices are hardware replacements covered?,F4,I don't know,"[""Hardware replacements require an active warranty"", ""Only devices under active warranty are covered for replacement"", ""Hardware replacements are covered only for devices under active warranty.""]"
tech_02,rolling_summary,1,15,Where is the storage cluster located?,F6,I don't know,"[""The Singapore region"", ""The storage cluster located in Singapore"", ""The storage cluster involved is located in the Singapore region.""]"
tech_02,rolling_summary,1,20,What did the customer postpone until the stability issue is resolved?,F7,I don't know,"[""The customer postponed migration plans until the issue is resolved"", ""Migration plans have been delayed pending stability improvements"", ""The customer postponed migration plans until the stability issue is resolved.""]"
tech_02,rolling_summary,1,25,What did support temporarily disable to reduce corruption incidents?,F8,I don't know,"[""Archive compression was temporarily disabled"", ""Support disabled compression to reduce corruption incidents"", ""Support temporarily disabled archive compression to reduce corruption incidents.""]"
tech_02,rolling_summary,2,5,Which version of NimbusBackup Enterprise is the client running?,F1,I don't know,"[""NimbusBackup Enterprise version 9.1"", ""Version 9.1 of NimbusBackup Enterprise"", ""The client runs NimbusBackup Enterprise version 9.1.""]"
tech_02,rolling_summary,2,10,For which devices are hardware replacements covered?,F4,I don't know,"[""Hardware replacements require an active warranty"", ""Only devices under active warranty are covered for replacement"", ""Hardware replacements are covered only for devices under active warranty.""]"
tech_02,rolling_summary,2,15,Where is the storage cluster located?,F6,I don't know,"[""The Singapore region"", ""The storage cluster located in Singapore"", ""The storage cluster involved is located in the Singapore region.""]"
tech_02,rolling_summary,2,20,What did the customer postpone until the stability issue is resolved?,F7,I don't know,"[""The customer postponed migration plans until the issue is resolved"", ""Migration plans have been delayed pending stability improvements"", ""The customer postponed migration plans until the stability issue is resolved.""]"
tech_02,rolling_summary,2,25,What did support temporarily disable to reduce corruption incidents?,F8,Support temporarily disabled advanced compression to reduce corruption incidents.,"[""Archive compression was temporarily disabled"", ""Support disabled compression to reduce corruption incidents"", ""Support temporarily disabled archive compression to reduce corruption incidents.""]"
tech_02,rolling_summary,3,5,Which version of NimbusBackup Enterprise is the client running?,F1,Version 5.2,"[""NimbusBackup Enterprise version 9.1"", ""Version 9.1 of NimbusBackup Enterprise"", ""The client runs NimbusBackup Enterprise version 9.1.""]"
tech_02,rolling_summary,3,10,For which devices are hardware replacements covered?,F4,I don't know,"[""Hardware replacements require an active warranty"", ""Only devices under active warranty are covered for replacement"", ""Hardware replacements are covered only for devices under active warranty.""]"
tech_02,rolling_summary,3,15,Where is the storage cluster located?,F6,I don't know,"[""The Singapore region"", ""The storage cluster located in Singapore"", ""The storage cluster involved is located in the Singapore region.""]"
tech_02,rolling_summary,3,20,What did the customer postpone until the stability issue is resolved?,F7,Customer postponed enabling advanced archive compression until the patched firmware build resolves the stability issue.,"[""The customer postponed migration plans until the issue is resolved"", ""Migration plans have been delayed pending stability improvements"", ""The customer postponed migration plans until the stability issue is resolved.""]"
tech_02,rolling_summary,3,25,What did support temporarily disable to reduce corruption incidents?,F8,Advanced archive compression was temporarily disabled to reduce corruption incidents.,"[""Archive compression was temporarily disabled"", ""Support disabled compression to reduce corruption incidents"", ""Support temporarily disabled archive compression to reduce corruption incidents.""]"
tech_02,rolling_summary,4,5,Which version of NimbusBackup Enterprise is the client running?,F1,I don't know,"[""NimbusBackup Enterprise version 9.1"", ""Version 9.1 of NimbusBackup Enterprise"", ""The client runs NimbusBackup Enterprise version 9.1.""]"
tech_02,rolling_summary,4,10,For which devices are hardware replacements covered?,F4,I don't know,"[""Hardware replacements require an active warranty"", ""Only devices under active warranty are covered for replacement"", ""Hardware replacements are covered only for devices under active warranty.""]"
tech_02,rolling_summary,4,15,Where is the storage cluster located?,F6,I don't know,"[""The Singapore region"", ""The storage cluster located in Singapore"", ""The storage cluster involved is located in the Singapore region.""]"
tech_02,rolling_summary,4,20,What did the customer postpone until the stability issue is resolved?,F7,I don't know,"[""The customer postponed migration plans until the issue is resolved"", ""Migration plans have been delayed pending stability improvements"", ""The customer postponed migration plans until the stability issue is resolved.""]"
tech_02,rolling_summary,4,25,What did support temporarily disable to reduce corruption incidents?,F8,Advanced compression was suggested by engineering to be disabled temporarily until the patched firmware build is available.,"[""Archive compression was temporarily disabled"", ""Support disabled compression to reduce corruption incidents"", ""Support temporarily disabled archive compression to reduce corruption incidents.""]"
tech_02,hierarchical,0,5,Which version of NimbusBackup Enterprise is the client running?,F1,I don't know,"[""NimbusBackup Enterprise version 9.1"", ""Version 9.1 of NimbusBackup Enterprise"", ""The client runs NimbusBackup Enterprise version 9.1.""]"
tech_02,hierarchical,0,10,For which devices are hardware replacements covered?,F4,I don't know,"[""Hardware replacements require an active warranty"", ""Only devices under active warranty are covered for replacement"", ""Hardware replacements are covered only for devices under active warranty.""]"
tech_02,hierarchical,0,15,Where is the storage cluster located?,F6,I don't know,"[""The Singapore region"", ""The storage cluster located in Singapore"", ""The storage cluster involved is located in the Singapore region.""]"
tech_02,hierarchical,0,20,What did the customer postpone until the stability issue is resolved?,F7,The customer postponed future infrastructure changes until the stability issue is resolved.,"[""The customer postponed migration plans until the issue is resolved"", ""Migration plans have been delayed pending stability improvements"", ""The customer postponed migration plans until the stability issue is resolved.""]"
tech_02,hierarchical,0,25,What did support temporarily disable to reduce corruption incidents?,F8,Advanced compression was temporarily disabled to reduce corruption incidents.,"[""Archive compression was temporarily disabled"", ""Support disabled compression to reduce corruption incidents"", ""Support temporarily disabled archive compression to reduce corruption incidents.""]"
tech_02,hierarchical,1,5,Which version of NimbusBackup Enterprise is the client running?,F1,I don't know,"[""NimbusBackup Enterprise version 9.1"", ""Version 9.1 of NimbusBackup Enterprise"", ""The client runs NimbusBackup Enterprise version 9.1.""]"
tech_02,hierarchical,1,10,For which devices are hardware replacements covered?,F4,I don't know,"[""Hardware replacements require an active warranty"", ""Only devices under active warranty are covered for replacement"", ""Hardware replacements are covered only for devices under active warranty.""]"
tech_02,hierarchical,1,15,Where is the storage cluster located?,F6,I don't know,"[""The Singapore region"", ""The storage cluster located in Singapore"", ""The storage cluster involved is located in the Singapore region.""]"
tech_02,hierarchical,1,20,What did the customer postpone until the stability issue is resolved?,F7,Future infrastructure changes were postponed until the stability issue is resolved.,"[""The customer postponed migration plans until the issue is resolved"", ""Migration plans have been delayed pending stability improvements"", ""The customer postponed migration plans until the stability issue is resolved.""]"
tech_02,hierarchical,1,25,What did support temporarily disable to reduce corruption incidents?,F8,Advanced compression was temporarily disabled to reduce corruption incidents.,"[""Archive compression was temporarily disabled"", ""Support disabled compression to reduce corruption incidents"", ""Support temporarily disabled archive compression to reduce corruption incidents.""]"
tech_02,hierarchical,2,5,Which version of NimbusBackup Enterprise is the client running?,F1,I don't know,"[""NimbusBackup Enterprise version 9.1"", ""Version 9.1 of NimbusBackup Enterprise"", ""The client runs NimbusBackup Enterprise version 9.1.""]"
tech_02,hierarchical,2,10,For which devices are hardware replacements covered?,F4,I don't know,"[""Hardware replacements require an active warranty"", ""Only devices under active warranty are covered for replacement"", ""Hardware replacements are covered only for devices under active warranty.""]"
tech_02,hierarchical,2,15,Where is the storage cluster located?,F6,I don't know,"[""The Singapore region"", ""The storage cluster located in Singapore"", ""The storage cluster involved is located in the Singapore region.""]"
tech_02,hierarchical,2,20,What did the customer postpone until the stability issue is resolved?,F7,Future infrastructure changes were postponed until the archive corruption and stability issues are resolved.,"[""The customer postponed migration plans until the issue is resolved"", ""Migration plans have been delayed pending stability improvements"", ""The customer postponed migration plans until the stability issue is resolved.""]"
tech_02,hierarchical,2,25,What did support temporarily disable to reduce corruption incidents?,F8,Advanced compression and concurrent write optimization were temporarily disabled to reduce corruption incidents.,"[""Archive compression was temporarily disabled"", ""Support disabled compression to reduce corruption incidents"", ""Support temporarily disabled archive compression to reduce corruption incidents.""]"
tech_02,hierarchical,3,5,Which version of NimbusBackup Enterprise is the client running?,F1,I don't know,"[""NimbusBackup Enterprise version 9.1"", ""Version 9.1 of NimbusBackup Enterprise"", ""The client runs NimbusBackup Enterprise version 9.1.""]"
tech_02,hierarchical,3,10,For which devices are hardware replacements covered?,F4,I don't know,"[""Hardware replacements require an active warranty"", ""Only devices under active warranty are covered for replacement"", ""Hardware replacements are covered only for devices under active warranty.""]"
tech_02,hierarchical,3,15,Where is the storage cluster located?,F6,I don't know,"[""The Singapore region"", ""The storage cluster located in Singapore"", ""The storage cluster involved is located in the Singapore region.""]"
tech_02,hierarchical,3,20,What did the customer postpone until the stability issue is resolved?,F7,Future infrastructure changes were postponed until the stability and corruption issues are resolved.,"[""The customer postponed migration plans until the issue is resolved"", ""Migration plans have been delayed pending stability improvements"", ""The customer postponed migration plans until the stability issue is resolved.""]"
tech_02,hierarchical,3,25,What did support temporarily disable to reduce corruption incidents?,F8,Support temporarily disabled advanced compression to reduce corruption incidents.,"[""Archive compression was temporarily disabled"", ""Support disabled compression to reduce corruption incidents"", ""Support temporarily disabled archive compression to reduce corruption incidents.""]"
tech_02,hierarchical,4,5,Which version of NimbusBackup Enterprise is the client running?,F1,I don't know,"[""NimbusBackup Enterprise version 9.1"", ""Version 9.1 of NimbusBackup Enterprise"", ""The client runs NimbusBackup Enterprise version 9.1.""]"
tech_02,hierarchical,4,10,For which devices are hardware replacements covered?,F4,I don't know,"[""Hardware replacements require an active warranty"", ""Only devices under active warranty are covered for replacement"", ""Hardware replacements are covered only for devices under active warranty.""]"
tech_02,hierarchical,4,15,Where is the storage cluster located?,F6,I don't know,"[""The Singapore region"", ""The storage cluster located in Singapore"", ""The storage cluster involved is located in the Singapore region.""]"
tech_02,hierarchical,4,20,What did the customer postpone until the stability issue is resolved?,F7,The customer postponed future infrastructure changes until the stability issue is resolved.,"[""The customer postponed migration plans until the issue is resolved"", ""Migration plans have been delayed pending stability improvements"", ""The customer postponed migration plans until the stability issue is resolved.""]"
tech_02,hierarchical,4,25,What did support temporarily disable to reduce corruption incidents?,F8,Archive compression was temporarily disabled to reduce corruption incidents.,"[""Archive compression was temporarily disabled"", ""Support disabled compression to reduce corruption incidents"", ""Support temporarily disabled archive compression to reduce corruption incidents.""]"
tech_02,rag,0,5,Which version of NimbusBackup Enterprise is the client running?,F1,I don't know,"[""NimbusBackup Enterprise version 9.1"", ""Version 9.1 of NimbusBackup Enterprise"", ""The client runs NimbusBackup Enterprise version 9.1.""]"
tech_02,rag,0,10,For which devices are hardware replacements covered?,F4,Hardware replacements covered for storage appliances experiencing boot failure after diagnostics.,"[""Hardware replacements require an active warranty"", ""Only devices under active warranty are covered for replacement"", ""Hardware replacements are covered only for devices under active warranty.""]"
tech_02,rag,0,15,Where is the storage cluster located?,F6,I don't know,"[""The Singapore region"", ""The storage cluster located in Singapore"", ""The storage cluster involved is located in the Singapore region.""]"
tech_02,rag,0,20,What did the customer postpone until the stability issue is resolved?,F7,Future infrastructure changes were postponed until the stability issue is resolved.,"[""The customer postponed migration plans until the issue is resolved"", ""Migration plans have been delayed pending stability improvements"", ""The customer postponed migration plans until the stability issue is resolved.""]"
tech_02,rag,0,25,What did support temporarily disable to reduce corruption incidents?,F8,Archive compression was temporarily disabled to reduce corruption incidents.,"[""Archive compression was temporarily disabled"", ""Support disabled compression to reduce corruption incidents"", ""Support temporarily disabled archive compression to reduce corruption incidents.""]"
tech_02,rag,1,5,Which version of NimbusBackup Enterprise is the client running?,F1,I don't know,"[""NimbusBackup Enterprise version 9.1"", ""Version 9.1 of NimbusBackup Enterprise"", ""The client runs NimbusBackup Enterprise version 9.1.""]"
tech_02,rag,1,10,For which devices are hardware replacements covered?,F4,I don't know,"[""Hardware replacements require an active warranty"", ""Only devices under active warranty are covered for replacement"", ""Hardware replacements are covered only for devices under active warranty.""]"
tech_02,rag,1,15,Where is the storage cluster located?,F6,I don't know,"[""The Singapore region"", ""The storage cluster located in Singapore"", ""The storage cluster involved is located in the Singapore region.""]"
tech_02,rag,1,20,What did the customer postpone until the stability issue is resolved?,F7,Future infrastructure changes were postponed until the stability issue is resolved.,"[""The customer postponed migration plans until the issue is resolved"", ""Migration plans have been delayed pending stability improvements"", ""The customer postponed migration plans until the stability issue is resolved.""]"
tech_02,rag,1,25,What did support temporarily disable to reduce corruption incidents?,F8,Support temporarily disabled archive compression to reduce corruption incidents.,"[""Archive compression was temporarily disabled"", ""Support disabled compression to reduce corruption incidents"", ""Support temporarily disabled archive compression to reduce corruption incidents.""]"
tech_02,rag,2,5,Which version of NimbusBackup Enterprise is the client running?,F1,I don't know,"[""NimbusBackup Enterprise version 9.1"", ""Version 9.1 of NimbusBackup Enterprise"", ""The client runs NimbusBackup Enterprise version 9.1.""]"
tech_02,rag,2,10,For which devices are hardware replacements covered?,F4,I don't know,"[""Hardware replacements require an active warranty"", ""Only devices under active warranty are covered for replacement"", ""Hardware replacements are covered only for devices under active warranty.""]"
tech_02,rag,2,15,Where is the storage cluster located?,F6,I don't know,"[""The Singapore region"", ""The storage cluster located in Singapore"", ""The storage cluster involved is located in the Singapore region.""]"
tech_02,rag,2,20,What did the customer postpone until the stability issue is resolved?,F7,Future infrastructure changes were postponed until the stability issue is resolved.,"[""The customer postponed migration plans until the issue is resolved"", ""Migration plans have been delayed pending stability improvements"", ""The customer postponed migration plans until the stability issue is resolved.""]"
tech_02,rag,2,25,What did support temporarily disable to reduce corruption incidents?,F8,Archive compression was temporarily disabled to reduce corruption incidents.,"[""Archive compression was temporarily disabled"", ""Support disabled compression to reduce corruption incidents"", ""Support temporarily disabled archive compression to reduce corruption incidents.""]"
tech_02,rag,3,5,Which version of NimbusBackup Enterprise is the client running?,F1,I don't know,"[""NimbusBackup Enterprise version 9.1"", ""Version 9.1 of NimbusBackup Enterprise"", ""The client runs NimbusBackup Enterprise version 9.1.""]"
tech_02,rag,3,10,For which devices are hardware replacements covered?,F4,I don't know,"[""Hardware replacements require an active warranty"", ""Only devices under active warranty are covered for replacement"", ""Hardware replacements are covered only for devices under active warranty.""]"
tech_02,rag,3,15,Where is the storage cluster located?,F6,I don't know,"[""The Singapore region"", ""The storage cluster located in Singapore"", ""The storage cluster involved is located in the Singapore region.""]"
tech_02,rag,3,20,What did the customer postpone until the stability issue is resolved?,F7,Future infrastructure changes were postponed until the stability issue is resolved.,"[""The customer postponed migration plans until the issue is resolved"", ""Migration plans have been delayed pending stability improvements"", ""The customer postponed migration plans until the stability issue is resolved.""]"
tech_02,rag,3,25,What did support temporarily disable to reduce corruption incidents?,F8,Support temporarily disabled archive compression to reduce corruption incidents.,"[""Archive compression was temporarily disabled"", ""Support disabled compression to reduce corruption incidents"", ""Support temporarily disabled archive compression to reduce corruption incidents.""]"
tech_02,rag,4,5,Which version of NimbusBackup Enterprise is the client running?,F1,I don't know,"[""NimbusBackup Enterprise version 9.1"", ""Version 9.1 of NimbusBackup Enterprise"", ""The client runs NimbusBackup Enterprise version 9.1.""]"
tech_02,rag,4,10,For which devices are hardware replacements covered?,F4,Hardware replacements are covered for storage appliances affected by firmware update issues causing failure to boot.,"[""Hardware replacements require an active warranty"", ""Only devices under active warranty are covered for replacement"", ""Hardware replacements are covered only for devices under active warranty.""]"
tech_02,rag,4,15,Where is the storage cluster located?,F6,I don't know,"[""The Singapore region"", ""The storage cluster located in Singapore"", ""The storage cluster involved is located in the Singapore region.""]"
tech_02,rag,4,20,What did the customer postpone until the stability issue is resolved?,F7,Future infrastructure changes were postponed until the stability issue is resolved.,"[""The customer postponed migration plans until the issue is resolved"", ""Migration plans have been delayed pending stability improvements"", ""The customer postponed migration plans until the stability issue is resolved.""]"
tech_02,rag,4,25,What did support temporarily disable to reduce corruption incidents?,F8,Support temporarily disabled archive compression to reduce corruption incidents.,"[""Archive compression was temporarily disabled"", ""Support disabled compression to reduce corruption incidents"", ""Support temporarily disabled archive compression to reduce corruption incidents.""]"
tech_03,baseline,0,5,What is the office location?,F6,I don't know,"[""Lahore, Pakistan"", ""The office is located in Lahore, Pakistan"", ""The office location is Lahore, Pakistan.""]"
tech_03,baseline,0,10,Why can't the customer ship hardware internationally?,F4,I don't know,"[""The customer cannot ship hardware internationally"", ""International hardware shipping is restricted by procurement policy"", ""The customer cannot ship hardware internationally due to procurement policy.""]"
tech_03,baseline,0,15,When was the FalconPro Z8 purchased?,F1,I don't know,"[""March 12, 2025"", ""The FalconPro Z8 was purchased on March 12, 2025"", ""The workstation is a FalconPro Z8 purchased on March 12, 2025.""]"
tech_03,baseline,0,20,What temporary hardware change was installed last week?,F7,Temporary GPU was installed last week to reduce shutdown frequency during rendering.,"[""A temporary GPU replacement was installed last week"", ""The system currently has a temporary replacement GPU installed"", ""A temporary GPU replacement was installed last week for testing.""]"
tech_03,baseline,0,25,What does the device serial number end with?,F2,I don't know,"[""7K21"", ""The serial number ends with 7K21"", ""The device serial number ends with 7K21.""]"
tech_03,baseline,1,5,What is the office location?,F6,I don't know,"[""Lahore, Pakistan"", ""The office is located in Lahore, Pakistan"", ""The office location is Lahore, Pakistan.""]"
tech_03,baseline,1,10,Why can't the customer ship hardware internationally?,F4,The conversation does not mention any restriction on international shipping of hardware.,"[""The customer cannot ship hardware internationally"", ""International hardware shipping is restricted by procurement policy"", ""The customer cannot ship hardware internationally due to procurement policy.""]"
tech_03,baseline,1,15,When was the FalconPro Z8 purchased?,F1,I don't know,"[""March 12, 2025"", ""The FalconPro Z8 was purchased on March 12, 2025"", ""The workstation is a FalconPro Z8 purchased on March 12, 2025.""]"
tech_03,baseline,1,20,What temporary hardware change was installed last week?,F7,A temporary GPU was installed to reduce crashes during rendering jobs.,"[""A temporary GPU replacement was installed last week"", ""The system currently has a temporary replacement GPU installed"", ""A temporary GPU replacement was installed last week for testing.""]"
tech_03,baseline,1,25,What does the device serial number end with?,F2,I don't know,"[""7K21"", ""The serial number ends with 7K21"", ""The device serial number ends with 7K21.""]"
tech_03,baseline,2,5,What is the office location?,F6,I don't know,"[""Lahore, Pakistan"", ""The office is located in Lahore, Pakistan"", ""The office location is Lahore, Pakistan.""]"
tech_03,baseline,2,10,Why can't the customer ship hardware internationally?,F4,I don't know,"[""The customer cannot ship hardware internationally"", ""International hardware shipping is restricted by procurement policy"", ""The customer cannot ship hardware internationally due to procurement policy.""]"
tech_03,baseline,2,15,When was the FalconPro Z8 purchased?,F1,I don't know,"[""March 12, 2025"", ""The FalconPro Z8 was purchased on March 12, 2025"", ""The workstation is a FalconPro Z8 purchased on March 12, 2025.""]"
tech_03,baseline,2,20,What temporary hardware change was installed last week?,F7,A temporary GPU was installed last week to reduce crashes during rendering.,"[""A temporary GPU replacement was installed last week"", ""The system currently has a temporary replacement GPU installed"", ""A temporary GPU replacement was installed last week for testing.""]"
tech_03,baseline,2,25,What does the device serial number end with?,F2,I don't know,"[""7K21"", ""The serial number ends with 7K21"", ""The device serial number ends with 7K21.""]"
tech_03,baseline,3,5,What is the office location?,F6,I don't know,"[""Lahore, Pakistan"", ""The office is located in Lahore, Pakistan"", ""The office location is Lahore, Pakistan.""]"
tech_03,baseline,3,10,Why can't the customer ship hardware internationally?,F4,I don't know,"[""The customer cannot ship hardware internationally"", ""International hardware shipping is restricted by procurement policy"", ""The customer cannot ship hardware internationally due to procurement policy.""]"
tech_03,baseline,3,15,When was the FalconPro Z8 purchased?,F1,I don't know,"[""March 12, 2025"", ""The FalconPro Z8 was purchased on March 12, 2025"", ""The workstation is a FalconPro Z8 purchased on March 12, 2025.""]"
tech_03,baseline,3,20,What temporary hardware change was installed last week?,F7,A temporary GPU was installed last week during troubleshooting.,"[""A temporary GPU replacement was installed last week"", ""The system currently has a temporary replacement GPU installed"", ""A temporary GPU replacement was installed last week for testing.""]"
tech_03,baseline,3,25,What does the device serial number end with?,F2,I don't know,"[""7K21"", ""The serial number ends with 7K21"", ""The device serial number ends with 7K21.""]"
tech_03,baseline,4,5,What is the office location?,F6,I don't know,"[""Lahore, Pakistan"", ""The office is located in Lahore, Pakistan"", ""The office location is Lahore, Pakistan.""]"
tech_03,baseline,4,10,Why can't the customer ship hardware internationally?,F4,I don't know,"[""The customer cannot ship hardware internationally"", ""International hardware shipping is restricted by procurement policy"", ""The customer cannot ship hardware internationally due to procurement policy.""]"
tech_03,baseline,4,15,When was the FalconPro Z8 purchased?,F1,I don't know,"[""March 12, 2025"", ""The FalconPro Z8 was purchased on March 12, 2025"", ""The workstation is a FalconPro Z8 purchased on March 12, 2025.""]"
tech_03,baseline,4,20,What temporary hardware change was installed last week?,F7,Temporary GPU was installed last week for troubleshooting workstation shutdowns during rendering.,"[""A temporary GPU replacement was installed last week"", ""The system currently has a temporary replacement GPU installed"", ""A temporary GPU replacement was installed last week for testing.""]"
tech_03,baseline,4,25,What does the device serial number end with?,F2,I don't know,"[""7K21"", ""The serial number ends with 7K21"", ""The device serial number ends with 7K21.""]"
tech_03,rolling_summary,0,5,What is the office location?,F6,I don't know,"[""Lahore, Pakistan"", ""The office is located in Lahore, Pakistan"", ""The office location is Lahore, Pakistan.""]"
tech_03,rolling_summary,0,10,Why can't the customer ship hardware internationally?,F4,I don't know,"[""The customer cannot ship hardware internationally"", ""International hardware shipping is restricted by procurement policy"", ""The customer cannot ship hardware internationally due to procurement policy.""]"
tech_03,rolling_summary,0,15,When was the FalconPro Z8 purchased?,F1,I don't know,"[""March 12, 2025"", ""The FalconPro Z8 was purchased on March 12, 2025"", ""The workstation is a FalconPro Z8 purchased on March 12, 2025.""]"
tech_03,rolling_summary,0,20,What temporary hardware change was installed last week?,F7,Temporary GPU swap was installed last week for diagnosing shutdown causes.,"[""A temporary GPU replacement was installed last week"", ""The system currently has a temporary replacement GPU installed"", ""A temporary GPU replacement was installed last week for testing.""]"
tech_03,rolling_summary,0,25,What does the device serial number end with?,F2,I don't know,"[""7K21"", ""The serial number ends with 7K21"", ""The device serial number ends with 7K21.""]"
tech_03,rolling_summary,1,5,What is the office location?,F6,I don't know,"[""Lahore, Pakistan"", ""The office is located in Lahore, Pakistan"", ""The office location is Lahore, Pakistan.""]"
tech_03,rolling_summary,1,10,Why can't the customer ship hardware internationally?,F4,The conversation history does not provide information about international hardware shipping restrictions.,"[""The customer cannot ship hardware internationally"", ""International hardware shipping is restricted by procurement policy"", ""The customer cannot ship hardware internationally due to procurement policy.""]"
tech_03,rolling_summary,1,15,When was the FalconPro Z8 purchased?,F1,I don't know,"[""March 12, 2025"", ""The FalconPro Z8 was purchased on March 12, 2025"", ""The workstation is a FalconPro Z8 purchased on March 12, 2025.""]"
tech_03,rolling_summary,1,20,What temporary hardware change was installed last week?,F7,A temporary GPU was installed last week.,"[""A temporary GPU replacement was installed last week"", ""The system currently has a temporary replacement GPU installed"", ""A temporary GPU replacement was installed last week for testing.""]"
tech_03,rolling_summary,1,25,What does the device serial number end with?,F2,I don't know,"[""7K21"", ""The serial number ends with 7K21"", ""The device serial number ends with 7K21.""]"
tech_03,rolling_summary,2,5,What is the office location?,F6,I don't know,"[""Lahore, Pakistan"", ""The office is located in Lahore, Pakistan"", ""The office location is Lahore, Pakistan.""]"
tech_03,rolling_summary,2,10,Why can't the customer ship hardware internationally?,F4,No explicit reason given for why the customer can't ship hardware internationally in the conversation history.,"[""The customer cannot ship hardware internationally"", ""International hardware shipping is restricted by procurement policy"", ""The customer cannot ship hardware internationally due to procurement policy.""]"
tech_03,rolling_summary,2,15,When was the FalconPro Z8 purchased?,F1,I don't know,"[""March 12, 2025"", ""The FalconPro Z8 was purchased on March 12, 2025"", ""The workstation is a FalconPro Z8 purchased on March 12, 2025.""]"
tech_03,rolling_summary,2,20,What temporary hardware change was installed last week?,F7,"A temporary GPU was installed last week, reducing crashes but shutdowns still occurred during long render queues.","[""A temporary GPU replacement was installed last week"", ""The system currently has a temporary replacement GPU installed"", ""A temporary GPU replacement was installed last week for testing.""]"
tech_03,rolling_summary,2,25,What does the device serial number end with?,F2,I don't know,"[""7K21"", ""The serial number ends with 7K21"", ""The device serial number ends with 7K21.""]"
tech_03,rolling_summary,3,5,What is the office location?,F6,I don't know,"[""Lahore, Pakistan"", ""The office is located in Lahore, Pakistan"", ""The office location is Lahore, Pakistan.""]"
tech_03,rolling_summary,3,10,Why can't the customer ship hardware internationally?,F4,I don't know,"[""The customer cannot ship hardware internationally"", ""International hardware shipping is restricted by procurement policy"", ""The customer cannot ship hardware internationally due to procurement policy.""]"
tech_03,rolling_summary,3,15,When was the FalconPro Z8 purchased?,F1,I don't know,"[""March 12, 2025"", ""The FalconPro Z8 was purchased on March 12, 2025"", ""The workstation is a FalconPro Z8 purchased on March 12, 2025.""]"
tech_03,rolling_summary,3,20,What temporary hardware change was installed last week?,F7,A temporary GPU was installed last week.,"[""A temporary GPU replacement was installed last week"", ""The system currently has a temporary replacement GPU installed"", ""A temporary GPU replacement was installed last week for testing.""]"
tech_03,rolling_summary,3,25,What does the device serial number end with?,F2,I don't know,"[""7K21"", ""The serial number ends with 7K21"", ""The device serial number ends with 7K21.""]"
tech_03,rolling_summary,4,5,What is the office location?,F6,I don't know,"[""Lahore, Pakistan"", ""The office is located in Lahore, Pakistan"", ""The office location is Lahore, Pakistan.""]"
tech_03,rolling_summary,4,10,Why can't the customer ship hardware internationally?,F4,The conversation does not mention any restriction on international hardware shipment.,"[""The customer cannot ship hardware internationally"", ""International hardware shipping is restricted by procurement policy"", ""The customer cannot ship hardware internationally due to procurement policy.""]"
tech_03,rolling_summary,4,15,When was the FalconPro Z8 purchased?,F1,I don't know,"[""March 12, 2025"", ""The FalconPro Z8 was purchased on March 12, 2025"", ""The workstation is a FalconPro Z8 purchased on March 12, 2025.""]"
tech_03,rolling_summary,4,20,What temporary hardware change was installed last week?,F7,A temporary GPU was installed last week.,"[""A temporary GPU replacement was installed last week"", ""The system currently has a temporary replacement GPU installed"", ""A temporary GPU replacement was installed last week for testing.""]"
tech_03,rolling_summary,4,25,What does the device serial number end with?,F2,I don't know,"[""7K21"", ""The serial number ends with 7K21"", ""The device serial number ends with 7K21.""]"
tech_03,hierarchical,0,5,What is the office location?,F6,I don't know,"[""Lahore, Pakistan"", ""The office is located in Lahore, Pakistan"", ""The office location is Lahore, Pakistan.""]"
tech_03,hierarchical,0,10,Why can't the customer ship hardware internationally?,F4,I don't know,"[""The customer cannot ship hardware internationally"", ""International hardware shipping is restricted by procurement policy"", ""The customer cannot ship hardware internationally due to procurement policy.""]"
tech_03,hierarchical,0,15,When was the FalconPro Z8 purchased?,F1,I don't know,"[""March 12, 2025"", ""The FalconPro Z8 was purchased on March 12, 2025"", ""The workstation is a FalconPro Z8 purchased on March 12, 2025.""]"
tech_03,hierarchical,0,20,What temporary hardware change was installed last week?,F7,Temporary GPU was installed last week for testing and reducing crashes during render queues.,"[""A temporary GPU replacement was installed last week"", ""The system currently has a temporary replacement GPU installed"", ""A temporary GPU replacement was installed last week for testing.""]"
tech_03,hierarchical,0,25,What does the device serial number end with?,F2,I don't know,"[""7K21"", ""The serial number ends with 7K21"", ""The device serial number ends with 7K21.""]"
tech_03,hierarchical,1,5,What is the office location?,F6,I don't know,"[""Lahore, Pakistan"", ""The office is located in Lahore, Pakistan"", ""The office location is Lahore, Pakistan.""]"
tech_03,hierarchical,1,10,Why can't the customer ship hardware internationally?,F4,I don't know,"[""The customer cannot ship hardware internationally"", ""International hardware shipping is restricted by procurement policy"", ""The customer cannot ship hardware internationally due to procurement policy.""]"
tech_03,hierarchical,1,15,When was the FalconPro Z8 purchased?,F1,I don't know,"[""March 12, 2025"", ""The FalconPro Z8 was purchased on March 12, 2025"", ""The workstation is a FalconPro Z8 purchased on March 12, 2025.""]"
tech_03,hierarchical,1,20,What temporary hardware change was installed last week?,F7,Temporary GPU installation was done last week.,"[""A temporary GPU replacement was installed last week"", ""The system currently has a temporary replacement GPU installed"", ""A temporary GPU replacement was installed last week for testing.""]"
tech_03,hierarchical,1,25,What does the device serial number end with?,F2,I don't know,"[""7K21"", ""The serial number ends with 7K21"", ""The device serial number ends with 7K21.""]"
tech_03,hierarchical,2,5,What is the office location?,F6,I don't know,"[""Lahore, Pakistan"", ""The office is located in Lahore, Pakistan"", ""The office location is Lahore, Pakistan.""]"
tech_03,hierarchical,2,10,Why can't the customer ship hardware internationally?,F4,I don't know,"[""The customer cannot ship hardware internationally"", ""International hardware shipping is restricted by procurement policy"", ""The customer cannot ship hardware internationally due to procurement policy.""]"
tech_03,hierarchical,2,15,When was the FalconPro Z8 purchased?,F1,I don't know,"[""March 12, 2025"", ""The FalconPro Z8 was purchased on March 12, 2025"", ""The workstation is a FalconPro Z8 purchased on March 12, 2025.""]"
tech_03,hierarchical,2,20,What temporary hardware change was installed last week?,F7,A temporary GPU was installed last week to reduce crash frequency during long render queues.,"[""A temporary GPU replacement was installed last week"", ""The system currently has a temporary replacement GPU installed"", ""A temporary GPU replacement was installed last week for testing.""]"
tech_03,hierarchical,2,25,What does the device serial number end with?,F2,I don't know,"[""7K21"", ""The serial number ends with 7K21"", ""The device serial number ends with 7K21.""]"
tech_03,hierarchical,3,5,What is the office location?,F6,I don't know,"[""Lahore, Pakistan"", ""The office is located in Lahore, Pakistan"", ""The office location is Lahore, Pakistan.""]"
tech_03,hierarchical,3,10,Why can't the customer ship hardware internationally?,F4,I don't know,"[""The customer cannot ship hardware internationally"", ""International hardware shipping is restricted by procurement policy"", ""The customer cannot ship hardware internationally due to procurement policy.""]"
tech_03,hierarchical,3,15,When was the FalconPro Z8 purchased?,F1,I don't know,"[""March 12, 2025"", ""The FalconPro Z8 was purchased on March 12, 2025"", ""The workstation is a FalconPro Z8 purchased on March 12, 2025.""]"
tech_03,hierarchical,3,20,What temporary hardware change was installed last week?,F7,Temporary GPU was installed last week to reduce crash frequency during rendering.,"[""A temporary GPU replacement was installed last week"", ""The system currently has a temporary replacement GPU installed"", ""A temporary GPU replacement was installed last week for testing.""]"
tech_03,hierarchical,3,25,What does the device serial number end with?,F2,I don't know,"[""7K21"", ""The serial number ends with 7K21"", ""The device serial number ends with 7K21.""]"
tech_03,hierarchical,4,5,What is the office location?,F6,I don't know,"[""Lahore, Pakistan"", ""The office is located in Lahore, Pakistan"", ""The office location is Lahore, Pakistan.""]"
tech_03,hierarchical,4,10,Why can't the customer ship hardware internationally?,F4,I don't know,"[""The customer cannot ship hardware internationally"", ""International hardware shipping is restricted by procurement policy"", ""The customer cannot ship hardware internationally due to procurement policy.""]"
tech_03,hierarchical,4,15,When was the FalconPro Z8 purchased?,F1,I don't know,"[""March 12, 2025"", ""The FalconPro Z8 was purchased on March 12, 2025"", ""The workstation is a FalconPro Z8 purchased on March 12, 2025.""]"
tech_03,hierarchical,4,20,What temporary hardware change was installed last week?,F7,Temporary GPU was installed last week to reduce crash frequency during rendering tasks.,"[""A temporary GPU replacement was installed last week"", ""The system currently has a temporary replacement GPU installed"", ""A temporary GPU replacement was installed last week for testing.""]"
tech_03,hierarchical,4,25,What does the device serial number end with?,F2,I don't know,"[""7K21"", ""The serial number ends with 7K21"", ""The device serial number ends with 7K21.""]"
tech_03,rag,0,5,What is the office location?,F6,I don't know,"[""Lahore, Pakistan"", ""The office is located in Lahore, Pakistan"", ""The office location is Lahore, Pakistan.""]"
tech_03,rag,0,10,Why can't the customer ship hardware internationally?,F4,I don't know,"[""The customer cannot ship hardware internationally"", ""International hardware shipping is restricted by procurement policy"", ""The customer cannot ship hardware internationally due to procurement policy.""]"
tech_03,rag,0,15,When was the FalconPro Z8 purchased?,F1,I don't know,"[""March 12, 2025"", ""The FalconPro Z8 was purchased on March 12, 2025"", ""The workstation is a FalconPro Z8 purchased on March 12, 2025.""]"
tech_03,rag,0,20,What temporary hardware change was installed last week?,F7,Temporary GPU was installed last week.,"[""A temporary GPU replacement was installed last week"", ""The system currently has a temporary replacement GPU installed"", ""A temporary GPU replacement was installed last week for testing.""]"
tech_03,rag,0,25,What does the device serial number end with?,F2,I don't know,"[""7K21"", ""The serial number ends with 7K21"", ""The device serial number ends with 7K21.""]"
tech_03,rag,1,5,What is the office location?,F6,I don't know,"[""Lahore, Pakistan"", ""The office is located in Lahore, Pakistan"", ""The office location is Lahore, Pakistan.""]"
tech_03,rag,1,10,Why can't the customer ship hardware internationally?,F4,I don't know,"[""The customer cannot ship hardware internationally"", ""International hardware shipping is restricted by procurement policy"", ""The customer cannot ship hardware internationally due to procurement policy.""]"
tech_03,rag,1,15,When was the FalconPro Z8 purchased?,F1,I don't know,"[""March 12, 2025"", ""The FalconPro Z8 was purchased on March 12, 2025"", ""The workstation is a FalconPro Z8 purchased on March 12, 2025.""]"
tech_03,rag,1,20,What temporary hardware change was installed last week?,F7,A temporary GPU was installed last week.,"[""A temporary GPU replacement was installed last week"", ""The system currently has a temporary replacement GPU installed"", ""A temporary GPU replacement was installed last week for testing.""]"
tech_03,rag,1,25,What does the device serial number end with?,F2,I don't know,"[""7K21"", ""The serial number ends with 7K21"", ""The device serial number ends with 7K21.""]"
tech_03,rag,2,5,What is the office location?,F6,I don't know,"[""Lahore, Pakistan"", ""The office is located in Lahore, Pakistan"", ""The office location is Lahore, Pakistan.""]"
tech_03,rag,2,10,Why can't the customer ship hardware internationally?,F4,I don't know,"[""The customer cannot ship hardware internationally"", ""International hardware shipping is restricted by procurement policy"", ""The customer cannot ship hardware internationally due to procurement policy.""]"
tech_03,rag,2,15,When was the FalconPro Z8 purchased?,F1,I don't know,"[""March 12, 2025"", ""The FalconPro Z8 was purchased on March 12, 2025"", ""The workstation is a FalconPro Z8 purchased on March 12, 2025.""]"
tech_03,rag,2,20,What temporary hardware change was installed last week?,F7,Temporary GPU was installed last week.,"[""A temporary GPU replacement was installed last week"", ""The system currently has a temporary replacement GPU installed"", ""A temporary GPU replacement was installed last week for testing.""]"
tech_03,rag,2,25,What does the device serial number end with?,F2,I don't know,"[""7K21"", ""The serial number ends with 7K21"", ""The device serial number ends with 7K21.""]"
tech_03,rag,3,5,What is the office location?,F6,I don't know,"[""Lahore, Pakistan"", ""The office is located in Lahore, Pakistan"", ""The office location is Lahore, Pakistan.""]"
tech_03,rag,3,10,Why can't the customer ship hardware internationally?,F4,The conversation does not mention any restriction on international hardware shipping.,"[""The customer cannot ship hardware internationally"", ""International hardware shipping is restricted by procurement policy"", ""The customer cannot ship hardware internationally due to procurement policy.""]"
tech_03,rag,3,15,When was the FalconPro Z8 purchased?,F1,I don't know,"[""March 12, 2025"", ""The FalconPro Z8 was purchased on March 12, 2025"", ""The workstation is a FalconPro Z8 purchased on March 12, 2025.""]"
tech_03,rag,3,20,What temporary hardware change was installed last week?,F7,A temporary GPU was installed last week.,"[""A temporary GPU replacement was installed last week"", ""The system currently has a temporary replacement GPU installed"", ""A temporary GPU replacement was installed last week for testing.""]"
tech_03,rag,3,25,What does the device serial number end with?,F2,I don't know,"[""7K21"", ""The serial number ends with 7K21"", ""The device serial number ends with 7K21.""]"
tech_03,rag,4,5,What is the office location?,F6,I don't know,"[""Lahore, Pakistan"", ""The office is located in Lahore, Pakistan"", ""The office location is Lahore, Pakistan.""]"
tech_03,rag,4,10,Why can't the customer ship hardware internationally?,F4,I don't know,"[""The customer cannot ship hardware internationally"", ""International hardware shipping is restricted by procurement policy"", ""The customer cannot ship hardware internationally due to procurement policy.""]"
tech_03,rag,4,15,When was the FalconPro Z8 purchased?,F1,I don't know,"[""March 12, 2025"", ""The FalconPro Z8 was purchased on March 12, 2025"", ""The workstation is a FalconPro Z8 purchased on March 12, 2025.""]"
tech_03,rag,4,20,What temporary hardware change was installed last week?,F7,Temporary GPU was installed last week.,"[""A temporary GPU replacement was installed last week"", ""The system currently has a temporary replacement GPU installed"", ""A temporary GPU replacement was installed last week for testing.""]"
tech_03,rag,4,25,What does the device serial number end with?,F2,I don't know,"[""7K21"", ""The serial number ends with 7K21"", ""The device serial number ends with 7K21.""]"
tech_04,baseline,0,5,Which operations office is the device assigned to?,F6,I don't know,"[""Karachi operations office"", ""The device is assigned to the Karachi operations office"", ""The device is assigned to the Karachi operations office.""]"
tech_04,baseline,0,10,What was the original charger replaced with?,F7,Another adapter was used to test and confirm the charger was not the issue.,"[""The original charger was replaced with a spare adapter yesterday"", ""A spare power adapter was tested yesterday"", ""The original charger was replaced with a spare adapter yesterday.""]"
tech_04,baseline,0,15,What type of analyst uses this laptop?,F5,I don't know,"[""It belongs to a cybersecurity analyst"", ""The laptop is used by a cybersecurity analyst handling incident response"", ""The laptop belongs to a cybersecurity analyst handling incident response shifts.""]"
tech_04,baseline,0,20,What is the asset tracking tag?,F2,I don't know,"[""NBX-4481"", ""The asset tag is NBX-4481"", ""The asset tracking tag is NBX-4481.""]"
tech_04,baseline,0,25,When was the NovaBook X14 issued?,F1,I don't know,"[""August 2024"", ""The NovaBook X14 was issued in August 2024"", ""The affected device is a NovaBook X14 issued in August 2024.""]"
tech_04,baseline,1,5,Which operations office is the device assigned to?,F6,I don't know,"[""Karachi operations office"", ""The device is assigned to the Karachi operations office"", ""The device is assigned to the Karachi operations office.""]"
tech_04,baseline,1,10,What was the original charger replaced with?,F7,Another adapter was used to test the laptop's charger functionality.,"[""The original charger was replaced with a spare adapter yesterday"", ""A spare power adapter was tested yesterday"", ""The original charger was replaced with a spare adapter yesterday.""]"
tech_04,baseline,1,15,What type of analyst uses this laptop?,F5,I don't know,"[""It belongs to a cybersecurity analyst"", ""The laptop is used by a cybersecurity analyst handling incident response"", ""The laptop belongs to a cybersecurity analyst handling incident response shifts.""]"
tech_04,baseline,1,20,What is the asset tracking tag?,F2,I don't know,"[""NBX-4481"", ""The asset tag is NBX-4481"", ""The asset tracking tag is NBX-4481.""]"
tech_04,baseline,1,25,When was the NovaBook X14 issued?,F1,I don't know,"[""August 2024"", ""The NovaBook X14 was issued in August 2024"", ""The affected device is a NovaBook X14 issued in August 2024.""]"
tech_04,baseline,2,5,Which operations office is the device assigned to?,F6,I don't know,"[""Karachi operations office"", ""The device is assigned to the Karachi operations office"", ""The device is assigned to the Karachi operations office.""]"
tech_04,baseline,2,10,What was the original charger replaced with?,F7,Another adapter was used to replace the original charger.,"[""The original charger was replaced with a spare adapter yesterday"", ""A spare power adapter was tested yesterday"", ""The original charger was replaced with a spare adapter yesterday.""]"
tech_04,baseline,2,15,What type of analyst uses this laptop?,F5,I don't know,"[""It belongs to a cybersecurity analyst"", ""The laptop is used by a cybersecurity analyst handling incident response"", ""The laptop belongs to a cybersecurity analyst handling incident response shifts.""]"
tech_04,baseline,2,20,What is the asset tracking tag?,F2,I don't know,"[""NBX-4481"", ""The asset tag is NBX-4481"", ""The asset tracking tag is NBX-4481.""]"
tech_04,baseline,2,25,When was the NovaBook X14 issued?,F1,I don't know,"[""August 2024"", ""The NovaBook X14 was issued in August 2024"", ""The affected device is a NovaBook X14 issued in August 2024.""]"
tech_04,baseline,3,5,Which operations office is the device assigned to?,F6,I don't know,"[""Karachi operations office"", ""The device is assigned to the Karachi operations office"", ""The device is assigned to the Karachi operations office.""]"
tech_04,baseline,3,10,What was the original charger replaced with?,F7,Another adapter tested and swapped to isolate the battery issue.,"[""The original charger was replaced with a spare adapter yesterday"", ""A spare power adapter was tested yesterday"", ""The original charger was replaced with a spare adapter yesterday.""]"
tech_04,baseline,3,15,What type of analyst uses this laptop?,F5,I don't know,"[""It belongs to a cybersecurity analyst"", ""The laptop is used by a cybersecurity analyst handling incident response"", ""The laptop belongs to a cybersecurity analyst handling incident response shifts.""]"
tech_04,baseline,3,20,What is the asset tracking tag?,F2,I don't know,"[""NBX-4481"", ""The asset tag is NBX-4481"", ""The asset tracking tag is NBX-4481.""]"
tech_04,baseline,3,25,When was the NovaBook X14 issued?,F1,I don't know,"[""August 2024"", ""The NovaBook X14 was issued in August 2024"", ""The affected device is a NovaBook X14 issued in August 2024.""]"
tech_04,baseline,4,5,Which operations office is the device assigned to?,F6,I don't know,"[""Karachi operations office"", ""The device is assigned to the Karachi operations office"", ""The device is assigned to the Karachi operations office.""]"
tech_04,baseline,4,10,What was the original charger replaced with?,F7,Another adapter.,"[""The original charger was replaced with a spare adapter yesterday"", ""A spare power adapter was tested yesterday"", ""The original charger was replaced with a spare adapter yesterday.""]"
tech_04,baseline,4,15,What type of analyst uses this laptop?,F5,I don't know,"[""It belongs to a cybersecurity analyst"", ""The laptop is used by a cybersecurity analyst handling incident response"", ""The laptop belongs to a cybersecurity analyst handling incident response shifts.""]"
tech_04,baseline,4,20,What is the asset tracking tag?,F2,I don't know,"[""NBX-4481"", ""The asset tag is NBX-4481"", ""The asset tracking tag is NBX-4481.""]"
tech_04,baseline,4,25,When was the NovaBook X14 issued?,F1,I don't know,"[""August 2024"", ""The NovaBook X14 was issued in August 2024"", ""The affected device is a NovaBook X14 issued in August 2024.""]"
tech_04,rolling_summary,0,5,Which operations office is the device assigned to?,F6,I don't know,"[""Karachi operations office"", ""The device is assigned to the Karachi operations office"", ""The device is assigned to the Karachi operations office.""]"
tech_04,rolling_summary,0,10,What was the original charger replaced with?,F7,Another power adapter was used to replace the original charger.,"[""The original charger was replaced with a spare adapter yesterday"", ""A spare power adapter was tested yesterday"", ""The original charger was replaced with a spare adapter yesterday.""]"
tech_04,rolling_summary,0,15,What type of analyst uses this laptop?,F5,I don't know,"[""It belongs to a cybersecurity analyst"", ""The laptop is used by a cybersecurity analyst handling incident response"", ""The laptop belongs to a cybersecurity analyst handling incident response shifts.""]"
tech_04,rolling_summary,0,20,What is the asset tracking tag?,F2,I don't know,"[""NBX-4481"", ""The asset tag is NBX-4481"", ""The asset tracking tag is NBX-4481.""]"
tech_04,rolling_summary,0,25,When was the NovaBook X14 issued?,F1,I don't know,"[""August 2024"", ""The NovaBook X14 was issued in August 2024"", ""The affected device is a NovaBook X14 issued in August 2024.""]"
tech_04,rolling_summary,1,5,Which operations office is the device assigned to?,F6,I don't know,"[""Karachi operations office"", ""The device is assigned to the Karachi operations office"", ""The device is assigned to the Karachi operations office.""]"
tech_04,rolling_summary,1,10,What was the original charger replaced with?,F7,I don't know,"[""The original charger was replaced with a spare adapter yesterday"", ""A spare power adapter was tested yesterday"", ""The original charger was replaced with a spare adapter yesterday.""]"
tech_04,rolling_summary,1,15,What type of analyst uses this laptop?,F5,I don't know,"[""It belongs to a cybersecurity analyst"", ""The laptop is used by a cybersecurity analyst handling incident response"", ""The laptop belongs to a cybersecurity analyst handling incident response shifts.""]"
tech_04,rolling_summary,1,20,What is the asset tracking tag?,F2,I don't know,"[""NBX-4481"", ""The asset tag is NBX-4481"", ""The asset tracking tag is NBX-4481.""]"
tech_04,rolling_summary,1,25,When was the NovaBook X14 issued?,F1,I don't know,"[""August 2024"", ""The NovaBook X14 was issued in August 2024"", ""The affected device is a NovaBook X14 issued in August 2024.""]"
tech_04,rolling_summary,2,5,Which operations office is the device assigned to?,F6,I don't know,"[""Karachi operations office"", ""The device is assigned to the Karachi operations office"", ""The device is assigned to the Karachi operations office.""]"
tech_04,rolling_summary,2,10,What was the original charger replaced with?,F7,Another adapter was used to replace the original charger.,"[""The original charger was replaced with a spare adapter yesterday"", ""A spare power adapter was tested yesterday"", ""The original charger was replaced with a spare adapter yesterday.""]"
tech_04,rolling_summary,2,15,What type of analyst uses this laptop?,F5,I don't know,"[""It belongs to a cybersecurity analyst"", ""The laptop is used by a cybersecurity analyst handling incident response"", ""The laptop belongs to a cybersecurity analyst handling incident response shifts.""]"
tech_04,rolling_summary,2,20,What is the asset tracking tag?,F2,I don't know,"[""NBX-4481"", ""The asset tag is NBX-4481"", ""The asset tracking tag is NBX-4481.""]"
tech_04,rolling_summary,2,25,When was the NovaBook X14 issued?,F1,I don't know,"[""August 2024"", ""The NovaBook X14 was issued in August 2024"", ""The affected device is a NovaBook X14 issued in August 2024.""]"
tech_04,rolling_summary,3,5,Which operations office is the device assigned to?,F6,I don't know,"[""Karachi operations office"", ""The device is assigned to the Karachi operations office"", ""The device is assigned to the Karachi operations office.""]"
tech_04,rolling_summary,3,10,What was the original charger replaced with?,F7,The charger was tested with another adapter before BIOS diagnostics.,"[""The original charger was replaced with a spare adapter yesterday"", ""A spare power adapter was tested yesterday"", ""The original charger was replaced with a spare adapter yesterday.""]"
tech_04,rolling_summary,3,15,What type of analyst uses this laptop?,F5,I don't know,"[""It belongs to a cybersecurity analyst"", ""The laptop is used by a cybersecurity analyst handling incident response"", ""The laptop belongs to a cybersecurity analyst handling incident response shifts.""]"
tech_04,rolling_summary,3,20,What is the asset tracking tag?,F2,I don't know,"[""NBX-4481"", ""The asset tag is NBX-4481"", ""The asset tracking tag is NBX-4481.""]"
tech_04,rolling_summary,3,25,When was the NovaBook X14 issued?,F1,I don't know,"[""August 2024"", ""The NovaBook X14 was issued in August 2024"", ""The affected device is a NovaBook X14 issued in August 2024.""]"
tech_04,rolling_summary,4,5,Which operations office is the device assigned to?,F6,I don't know,"[""Karachi operations office"", ""The device is assigned to the Karachi operations office"", ""The device is assigned to the Karachi operations office.""]"
tech_04,rolling_summary,4,10,What was the original charger replaced with?,F7,The original charger was replaced with another adapter to test if the issue was isolated.,"[""The original charger was replaced with a spare adapter yesterday"", ""A spare power adapter was tested yesterday"", ""The original charger was replaced with a spare adapter yesterday.""]"
tech_04,rolling_summary,4,15,What type of analyst uses this laptop?,F5,I don't know,"[""It belongs to a cybersecurity analyst"", ""The laptop is used by a cybersecurity analyst handling incident response"", ""The laptop belongs to a cybersecurity analyst handling incident response shifts.""]"
tech_04,rolling_summary,4,20,What is the asset tracking tag?,F2,I don't know,"[""NBX-4481"", ""The asset tag is NBX-4481"", ""The asset tracking tag is NBX-4481.""]"
tech_04,rolling_summary,4,25,When was the NovaBook X14 issued?,F1,I don't know,"[""August 2024"", ""The NovaBook X14 was issued in August 2024"", ""The affected device is a NovaBook X14 issued in August 2024.""]"
tech_04,hierarchical,0,5,Which operations office is the device assigned to?,F6,I don't know,"[""Karachi operations office"", ""The device is assigned to the Karachi operations office"", ""The device is assigned to the Karachi operations office.""]"
tech_04,hierarchical,0,10,What was the original charger replaced with?,F7,Another adapter was used to replace the original charger.,"[""The original charger was replaced with a spare adapter yesterday"", ""A spare power adapter was tested yesterday"", ""The original charger was replaced with a spare adapter yesterday.""]"
tech_04,hierarchical,0,15,What type of analyst uses this laptop?,F5,I don't know,"[""It belongs to a cybersecurity analyst"", ""The laptop is used by a cybersecurity analyst handling incident response"", ""The laptop belongs to a cybersecurity analyst handling incident response shifts.""]"
tech_04,hierarchical,0,20,What is the asset tracking tag?,F2,The laptop's serial number documented during initial issue reporting is the asset tracking tag.,"[""NBX-4481"", ""The asset tag is NBX-4481"", ""The asset tracking tag is NBX-4481.""]"
tech_04,hierarchical,0,25,When was the NovaBook X14 issued?,F1,I don't know,"[""August 2024"", ""The NovaBook X14 was issued in August 2024"", ""The affected device is a NovaBook X14 issued in August 2024.""]"
tech_04,hierarchical,1,5,Which operations office is the device assigned to?,F6,I don't know,"[""Karachi operations office"", ""The device is assigned to the Karachi operations office"", ""The device is assigned to the Karachi operations office.""]"
tech_04,hierarchical,1,10,What was the original charger replaced with?,F7,The original charger was replaced with another adapter for testing.,"[""The original charger was replaced with a spare adapter yesterday"", ""A spare power adapter was tested yesterday"", ""The original charger was replaced with a spare adapter yesterday.""]"
tech_04,hierarchical,1,15,What type of analyst uses this laptop?,F5,I don't know,"[""It belongs to a cybersecurity analyst"", ""The laptop is used by a cybersecurity analyst handling incident response"", ""The laptop belongs to a cybersecurity analyst handling incident response shifts.""]"
tech_04,hierarchical,1,20,What is the asset tracking tag?,F2,The asset tracking tag is the laptop's serial number assigned to the Karachi operations office.,"[""NBX-4481"", ""The asset tag is NBX-4481"", ""The asset tracking tag is NBX-4481.""]"
tech_04,hierarchical,1,25,When was the NovaBook X14 issued?,F1,I don't know,"[""August 2024"", ""The NovaBook X14 was issued in August 2024"", ""The affected device is a NovaBook X14 issued in August 2024.""]"
tech_04,hierarchical,2,5,Which operations office is the device assigned to?,F6,I don't know,"[""Karachi operations office"", ""The device is assigned to the Karachi operations office"", ""The device is assigned to the Karachi operations office.""]"
tech_04,hierarchical,2,10,What was the original charger replaced with?,F7,Another adapter tested and swapped; exact replacement model not specified.,"[""The original charger was replaced with a spare adapter yesterday"", ""A spare power adapter was tested yesterday"", ""The original charger was replaced with a spare adapter yesterday.""]"
tech_04,hierarchical,2,15,What type of analyst uses this laptop?,F5,I don't know,"[""It belongs to a cybersecurity analyst"", ""The laptop is used by a cybersecurity analyst handling incident response"", ""The laptop belongs to a cybersecurity analyst handling incident response shifts.""]"
tech_04,hierarchical,2,20,What is the asset tracking tag?,F2,I don't know,"[""NBX-4481"", ""The asset tag is NBX-4481"", ""The asset tracking tag is NBX-4481.""]"
tech_04,hierarchical,2,25,When was the NovaBook X14 issued?,F1,I don't know,"[""August 2024"", ""The NovaBook X14 was issued in August 2024"", ""The affected device is a NovaBook X14 issued in August 2024.""]"
tech_04,hierarchical,3,5,Which operations office is the device assigned to?,F6,I don't know,"[""Karachi operations office"", ""The device is assigned to the Karachi operations office"", ""The device is assigned to the Karachi operations office.""]"
tech_04,hierarchical,3,10,What was the original charger replaced with?,F7,The original charger was replaced with another adapter for testing purposes.,"[""The original charger was replaced with a spare adapter yesterday"", ""A spare power adapter was tested yesterday"", ""The original charger was replaced with a spare adapter yesterday.""]"
tech_04,hierarchical,3,15,What type of analyst uses this laptop?,F5,I don't know,"[""It belongs to a cybersecurity analyst"", ""The laptop is used by a cybersecurity analyst handling incident response"", ""The laptop belongs to a cybersecurity analyst handling incident response shifts.""]"
tech_04,hierarchical,3,20,What is the asset tracking tag?,F2,I don't know,"[""NBX-4481"", ""The asset tag is NBX-4481"", ""The asset tracking tag is NBX-4481.""]"
tech_04,hierarchical,3,25,When was the NovaBook X14 issued?,F1,I don't know,"[""August 2024"", ""The NovaBook X14 was issued in August 2024"", ""The affected device is a NovaBook X14 issued in August 2024.""]"
tech_04,hierarchical,4,5,Which operations office is the device assigned to?,F6,I don't know,"[""Karachi operations office"", ""The device is assigned to the Karachi operations office"", ""The device is assigned to the Karachi operations office.""]"
tech_04,hierarchical,4,10,What was the original charger replaced with?,F7,Another adapter was used to replace the original charger.,"[""The original charger was replaced with a spare adapter yesterday"", ""A spare power adapter was tested yesterday"", ""The original charger was replaced with a spare adapter yesterday.""]"
tech_04,hierarchical,4,15,What type of analyst uses this laptop?,F5,I don't know,"[""It belongs to a cybersecurity analyst"", ""The laptop is used by a cybersecurity analyst handling incident response"", ""The laptop belongs to a cybersecurity analyst handling incident response shifts.""]"
tech_04,hierarchical,4,20,What is the asset tracking tag?,F2,I don't know,"[""NBX-4481"", ""The asset tag is NBX-4481"", ""The asset tracking tag is NBX-4481.""]"
tech_04,hierarchical,4,25,When was the NovaBook X14 issued?,F1,I don't know,"[""August 2024"", ""The NovaBook X14 was issued in August 2024"", ""The affected device is a NovaBook X14 issued in August 2024.""]"
tech_04,rag,0,5,Which operations office is the device assigned to?,F6,I don't know,"[""Karachi operations office"", ""The device is assigned to the Karachi operations office"", ""The device is assigned to the Karachi operations office.""]"
tech_04,rag,0,10,What was the original charger replaced with?,F7,"Another adapter was used to test, but the original charger was not specified as replaced.","[""The original charger was replaced with a spare adapter yesterday"", ""A spare power adapter was tested yesterday"", ""The original charger was replaced with a spare adapter yesterday.""]"
tech_04,rag,0,15,What type of analyst uses this laptop?,F5,I don't know,"[""It belongs to a cybersecurity analyst"", ""The laptop is used by a cybersecurity analyst handling incident response"", ""The laptop belongs to a cybersecurity analyst handling incident response shifts.""]"
tech_04,rag,0,20,What is the asset tracking tag?,F2,I don't know,"[""NBX-4481"", ""The asset tag is NBX-4481"", ""The asset tracking tag is NBX-4481.""]"
tech_04,rag,0,25,When was the NovaBook X14 issued?,F1,I don't know,"[""August 2024"", ""The NovaBook X14 was issued in August 2024"", ""The affected device is a NovaBook X14 issued in August 2024.""]"
tech_04,rag,1,5,Which operations office is the device assigned to?,F6,I don't know,"[""Karachi operations office"", ""The device is assigned to the Karachi operations office"", ""The device is assigned to the Karachi operations office.""]"
tech_04,rag,1,10,What was the original charger replaced with?,F7,Another adapter was used to replace the original charger and tested.,"[""The original charger was replaced with a spare adapter yesterday"", ""A spare power adapter was tested yesterday"", ""The original charger was replaced with a spare adapter yesterday.""]"
tech_04,rag,1,15,What type of analyst uses this laptop?,F5,I don't know,"[""It belongs to a cybersecurity analyst"", ""The laptop is used by a cybersecurity analyst handling incident response"", ""The laptop belongs to a cybersecurity analyst handling incident response shifts.""]"
tech_04,rag,1,20,What is the asset tracking tag?,F2,I don't know,"[""NBX-4481"", ""The asset tag is NBX-4481"", ""The asset tracking tag is NBX-4481.""]"
tech_04,rag,1,25,When was the NovaBook X14 issued?,F1,I don't know,"[""August 2024"", ""The NovaBook X14 was issued in August 2024"", ""The affected device is a NovaBook X14 issued in August 2024.""]"
tech_04,rag,2,5,Which operations office is the device assigned to?,F6,I don't know,"[""Karachi operations office"", ""The device is assigned to the Karachi operations office"", ""The device is assigned to the Karachi operations office.""]"
tech_04,rag,2,10,What was the original charger replaced with?,F7,Another adapter tested during troubleshooting based on BIOS diagnostics.,"[""The original charger was replaced with a spare adapter yesterday"", ""A spare power adapter was tested yesterday"", ""The original charger was replaced with a spare adapter yesterday.""]"
tech_04,rag,2,15,What type of analyst uses this laptop?,F5,I don't know,"[""It belongs to a cybersecurity analyst"", ""The laptop is used by a cybersecurity analyst handling incident response"", ""The laptop belongs to a cybersecurity analyst handling incident response shifts.""]"
tech_04,rag,2,20,What is the asset tracking tag?,F2,I don't know,"[""NBX-4481"", ""The asset tag is NBX-4481"", ""The asset tracking tag is NBX-4481.""]"
tech_04,rag,2,25,When was the NovaBook X14 issued?,F1,I don't know,"[""August 2024"", ""The NovaBook X14 was issued in August 2024"", ""The affected device is a NovaBook X14 issued in August 2024.""]"
tech_04,rag,3,5,Which operations office is the device assigned to?,F6,I don't know,"[""Karachi operations office"", ""The device is assigned to the Karachi operations office"", ""The device is assigned to the Karachi operations office.""]"
tech_04,rag,3,10,What was the original charger replaced with?,F7,It was replaced with another adapter for testing.,"[""The original charger was replaced with a spare adapter yesterday"", ""A spare power adapter was tested yesterday"", ""The original charger was replaced with a spare adapter yesterday.""]"
tech_04,rag,3,15,What type of analyst uses this laptop?,F5,I don't know,"[""It belongs to a cybersecurity analyst"", ""The laptop is used by a cybersecurity analyst handling incident response"", ""The laptop belongs to a cybersecurity analyst handling incident response shifts.""]"
tech_04,rag,3,20,What is the asset tracking tag?,F2,I don't know,"[""NBX-4481"", ""The asset tag is NBX-4481"", ""The asset tracking tag is NBX-4481.""]"
tech_04,rag,3,25,When was the NovaBook X14 issued?,F1,I don't know,"[""August 2024"", ""The NovaBook X14 was issued in August 2024"", ""The affected device is a NovaBook X14 issued in August 2024.""]"
tech_04,rag,4,5,Which operations office is the device assigned to?,F6,I don't know,"[""Karachi operations office"", ""The device is assigned to the Karachi operations office"", ""The device is assigned to the Karachi operations office.""]"
tech_04,rag,4,10,What was the original charger replaced with?,F7,Another adapter tested under BIOS diagnostics replacing the original charger.,"[""The original charger was replaced with a spare adapter yesterday"", ""A spare power adapter was tested yesterday"", ""The original charger was replaced with a spare adapter yesterday.""]"
tech_04,rag,4,15,What type of analyst uses this laptop?,F5,I don't know,"[""It belongs to a cybersecurity analyst"", ""The laptop is used by a cybersecurity analyst handling incident response"", ""The laptop belongs to a cybersecurity analyst handling incident response shifts.""]"
tech_04,rag,4,20,What is the asset tracking tag?,F2,I don't know,"[""NBX-4481"", ""The asset tag is NBX-4481"", ""The asset tracking tag is NBX-4481.""]"
tech_04,rag,4,25,When was the NovaBook X14 issued?,F1,I don't know,"[""August 2024"", ""The NovaBook X14 was issued in August 2024"", ""The affected device is a NovaBook X14 issued in August 2024.""]"
tech_05,baseline,0,5,Within how many hours must external customer notifications be delivered after confirmed breach detection?,F1,I don't know,"[""External customer notifications must be delivered within 72 hours of confirmed breach detection."", ""Notifications are required within 72 hours after breach confirmation.""]"
tech_05,baseline,0,10,What must outbound communications avoid before forensic confirmation?,F5,Outbound communications must avoid definitive attribution before forensic confirmation.,"[""Outbound communications must avoid assigning blame before forensic confirmation."", ""Legal requires communications to avoid blame attribution until forensics confirm details."", ""Legal counsel requires all outbound communications to avoid assigning blame before forensic confirmation.""]"
tech_05,baseline,0,15,What is the company considering offering to impacted enterprise customers?,F8,Identity monitoring bundled into the remediation package for impacted enterprise customers.,"[""The company was considering one year of identity monitoring for impacted enterprise customers."", ""One year of identity monitoring was being evaluated for affected enterprise customers."", ""The company is considering offering one year of identity monitoring to impacted enterprise customers.""]"
tech_05,baseline,0,20,What is the recovery objective target for file restoration?,F7,The exact recovery objective target duration is not specified in the conversation history.,"[""The file restoration recovery objective target is under 12 hours."", ""The restoration target is to recover files in less than 12 hours."", ""The recovery objective target for file restoration is under 12 hours.""]"
tech_05,baseline,0,25,What is the date range of the affected customer uploads?,F4,March 2 through March 5,"[""The affected uploads were between March 2 and March 5."", ""Customer uploads from March 2 through March 5 were affected."", ""The affected systems include customer uploads between March 2 and March 5.""]"
tech_05,baseline,1,5,Within how many hours must external customer notifications be delivered after confirmed breach detection?,F1,I don't know,"[""External customer notifications must be delivered within 72 hours of confirmed breach detection."", ""Notifications are required within 72 hours after breach confirmation.""]"
tech_05,baseline,1,10,What must outbound communications avoid before forensic confirmation?,F5,Outbound communications must avoid definitive attribution before forensic confirmation.,"[""Outbound communications must avoid assigning blame before forensic confirmation."", ""Legal requires communications to avoid blame attribution until forensics confirm details."", ""Legal counsel requires all outbound communications to avoid assigning blame before forensic confirmation.""]"
tech_05,baseline,1,15,What is the company considering offering to impacted enterprise customers?,F8,Identity monitoring bundled into the remediation package for impacted enterprise customers.,"[""The company was considering one year of identity monitoring for impacted enterprise customers."", ""One year of identity monitoring was being evaluated for affected enterprise customers."", ""The company is considering offering one year of identity monitoring to impacted enterprise customers.""]"
tech_05,baseline,1,20,What is the recovery objective target for file restoration?,F7,The recovery objective target duration was not explicitly stated in the conversation history.,"[""The file restoration recovery objective target is under 12 hours."", ""The restoration target is to recover files in less than 12 hours."", ""The recovery objective target for file restoration is under 12 hours.""]"
tech_05,baseline,1,25,What is the date range of the affected customer uploads?,F4,March 2 through March 5.,"[""The affected uploads were between March 2 and March 5."", ""Customer uploads from March 2 through March 5 were affected."", ""The affected systems include customer uploads between March 2 and March 5.""]"
tech_05,baseline,2,5,Within how many hours must external customer notifications be delivered after confirmed breach detection?,F1,I don't know,"[""External customer notifications must be delivered within 72 hours of confirmed breach detection."", ""Notifications are required within 72 hours after breach confirmation.""]"
tech_05,baseline,2,10,What must outbound communications avoid before forensic confirmation?,F5,Outbound communications must avoid blame or attribution before forensic confirmation and legal review.,"[""Outbound communications must avoid assigning blame before forensic confirmation."", ""Legal requires communications to avoid blame attribution until forensics confirm details."", ""Legal counsel requires all outbound communications to avoid assigning blame before forensic confirmation.""]"
tech_05,baseline,2,15,What is the company considering offering to impacted enterprise customers?,F8,Identity monitoring as part of the remediation package for enhanced customer protection.,"[""The company was considering one year of identity monitoring for impacted enterprise customers."", ""One year of identity monitoring was being evaluated for affected enterprise customers."", ""The company is considering offering one year of identity monitoring to impacted enterprise customers.""]"
tech_05,baseline,2,20,What is the recovery objective target for file restoration?,F7,The recovery objective target for file restoration is based on restoration duration comparison during snapshot validation and testing.,"[""The file restoration recovery objective target is under 12 hours."", ""The restoration target is to recover files in less than 12 hours."", ""The recovery objective target for file restoration is under 12 hours.""]"
tech_05,baseline,2,25,What is the date range of the affected customer uploads?,F4,March 2 through March 5,"[""The affected uploads were between March 2 and March 5."", ""Customer uploads from March 2 through March 5 were affected."", ""The affected systems include customer uploads between March 2 and March 5.""]"
tech_05,baseline,3,5,Within how many hours must external customer notifications be delivered after confirmed breach detection?,F1,I don't know,"[""External customer notifications must be delivered within 72 hours of confirmed breach detection."", ""Notifications are required within 72 hours after breach confirmation.""]"
tech_05,baseline,3,10,What must outbound communications avoid before forensic confirmation?,F5,Outbound communications must avoid blaming attribution before forensic confirmation.,"[""Outbound communications must avoid assigning blame before forensic confirmation."", ""Legal requires communications to avoid blame attribution until forensics confirm details."", ""Legal counsel requires all outbound communications to avoid assigning blame before forensic confirmation.""]"
tech_05,baseline,3,15,What is the company considering offering to impacted enterprise customers?,F8,Identity monitoring bundled into the remediation package for impacted enterprise customers.,"[""The company was considering one year of identity monitoring for impacted enterprise customers."", ""One year of identity monitoring was being evaluated for affected enterprise customers."", ""The company is considering offering one year of identity monitoring to impacted enterprise customers.""]"
tech_05,baseline,3,20,What is the recovery objective target for file restoration?,F7,I don't know,"[""The file restoration recovery objective target is under 12 hours."", ""The restoration target is to recover files in less than 12 hours."", ""The recovery objective target for file restoration is under 12 hours.""]"
tech_05,baseline,3,25,What is the date range of the affected customer uploads?,F4,March 2 through March 5,"[""The affected uploads were between March 2 and March 5."", ""Customer uploads from March 2 through March 5 were affected."", ""The affected systems include customer uploads between March 2 and March 5.""]"
tech_05,baseline,4,5,Within how many hours must external customer notifications be delivered after confirmed breach detection?,F1,I don't know,"[""External customer notifications must be delivered within 72 hours of confirmed breach detection."", ""Notifications are required within 72 hours after breach confirmation.""]"
tech_05,baseline,4,10,What must outbound communications avoid before forensic confirmation?,F5,Outbound communications must avoid direct blame or attribution before forensic confirmation.,"[""Outbound communications must avoid assigning blame before forensic confirmation."", ""Legal requires communications to avoid blame attribution until forensics confirm details."", ""Legal counsel requires all outbound communications to avoid assigning blame before forensic confirmation.""]"
tech_05,baseline,4,15,What is the company considering offering to impacted enterprise customers?,F8,Bundling identity monitoring into the remediation package for impacted enterprise customers.,"[""The company was considering one year of identity monitoring for impacted enterprise customers."", ""One year of identity monitoring was being evaluated for affected enterprise customers."", ""The company is considering offering one year of identity monitoring to impacted enterprise customers.""]"
tech_05,baseline,4,20,What is the recovery objective target for file restoration?,F7,The recovery objective target was to compare restoration duration against current operational expectations before production recovery.,"[""The file restoration recovery objective target is under 12 hours."", ""The restoration target is to recover files in less than 12 hours."", ""The recovery objective target for file restoration is under 12 hours.""]"
tech_05,baseline,4,25,What is the date range of the affected customer uploads?,F4,March 2 through March 5,"[""The affected uploads were between March 2 and March 5."", ""Customer uploads from March 2 through March 5 were affected."", ""The affected systems include customer uploads between March 2 and March 5.""]"
tech_05,rolling_summary,0,5,Within how many hours must external customer notifications be delivered after confirmed breach detection?,F1,I don't know,"[""External customer notifications must be delivered within 72 hours of confirmed breach detection."", ""Notifications are required within 72 hours after breach confirmation.""]"
tech_05,rolling_summary,0,10,What must outbound communications avoid before forensic confirmation?,F5,Outbound communications must avoid definitive attribution before forensic confirmation and legal review.,"[""Outbound communications must avoid assigning blame before forensic confirmation."", ""Legal requires communications to avoid blame attribution until forensics confirm details."", ""Legal counsel requires all outbound communications to avoid assigning blame before forensic confirmation.""]"
tech_05,rolling_summary,0,15,What is the company considering offering to impacted enterprise customers?,F8,Identity monitoring bundled into the remediation package as a precaution for impacted enterprise customers.,"[""The company was considering one year of identity monitoring for impacted enterprise customers."", ""One year of identity monitoring was being evaluated for affected enterprise customers."", ""The company is considering offering one year of identity monitoring to impacted enterprise customers.""]"
tech_05,rolling_summary,0,20,What is the recovery objective target for file restoration?,F7,"Prioritize active customer workloads first, then restore archived content in a phased approach.","[""The file restoration recovery objective target is under 12 hours."", ""The restoration target is to recover files in less than 12 hours."", ""The recovery objective target for file restoration is under 12 hours.""]"
tech_05,rolling_summary,0,25,What is the date range of the affected customer uploads?,F4,I don't know,"[""The affected uploads were between March 2 and March 5."", ""Customer uploads from March 2 through March 5 were affected."", ""The affected systems include customer uploads between March 2 and March 5.""]"
tech_05,rolling_summary,1,5,Within how many hours must external customer notifications be delivered after confirmed breach detection?,F1,I don't know,"[""External customer notifications must be delivered within 72 hours of confirmed breach detection."", ""Notifications are required within 72 hours after breach confirmation.""]"
tech_05,rolling_summary,1,10,What must outbound communications avoid before forensic confirmation?,F5,Outbound communications must avoid accusatory or definitive attribution before forensic confirmation.,"[""Outbound communications must avoid assigning blame before forensic confirmation."", ""Legal requires communications to avoid blame attribution until forensics confirm details."", ""Legal counsel requires all outbound communications to avoid assigning blame before forensic confirmation.""]"
tech_05,rolling_summary,1,15,What is the company considering offering to impacted enterprise customers?,F8,The company is prioritizing high-value enterprise tenant data restoration and preparing a customer impact matrix.,"[""The company was considering one year of identity monitoring for impacted enterprise customers."", ""One year of identity monitoring was being evaluated for affected enterprise customers."", ""The company is considering offering one year of identity monitoring to impacted enterprise customers.""]"
tech_05,rolling_summary,1,20,What is the recovery objective target for file restoration?,F7,The recovery objective target duration for file restoration is not specified in the conversation history.,"[""The file restoration recovery objective target is under 12 hours."", ""The restoration target is to recover files in less than 12 hours."", ""The recovery objective target for file restoration is under 12 hours.""]"
tech_05,rolling_summary,1,25,What is the date range of the affected customer uploads?,F4,March 2 through March 5,"[""The affected uploads were between March 2 and March 5."", ""Customer uploads from March 2 through March 5 were affected."", ""The affected systems include customer uploads between March 2 and March 5.""]"
tech_05,rolling_summary,2,5,Within how many hours must external customer notifications be delivered after confirmed breach detection?,F1,I don't know,"[""External customer notifications must be delivered within 72 hours of confirmed breach detection."", ""Notifications are required within 72 hours after breach confirmation.""]"
tech_05,rolling_summary,2,10,What must outbound communications avoid before forensic confirmation?,F5,Outbound communications must avoid attribution before forensic confirmation.,"[""Outbound communications must avoid assigning blame before forensic confirmation."", ""Legal requires communications to avoid blame attribution until forensics confirm details."", ""Legal counsel requires all outbound communications to avoid assigning blame before forensic confirmation.""]"
tech_05,rolling_summary,2,15,What is the company considering offering to impacted enterprise customers?,F8,Prioritizing high-value enterprise tenant data restoration during testing before production recovery begins.,"[""The company was considering one year of identity monitoring for impacted enterprise customers."", ""One year of identity monitoring was being evaluated for affected enterprise customers."", ""The company is considering offering one year of identity monitoring to impacted enterprise customers.""]"
tech_05,rolling_summary,2,20,What is the recovery objective target for file restoration?,F7,I don't know,"[""The file restoration recovery objective target is under 12 hours."", ""The restoration target is to recover files in less than 12 hours."", ""The recovery objective target for file restoration is under 12 hours.""]"
tech_05,rolling_summary,2,25,What is the date range of the affected customer uploads?,F4,March 2 through March 5,"[""The affected uploads were between March 2 and March 5."", ""Customer uploads from March 2 through March 5 were affected."", ""The affected systems include customer uploads between March 2 and March 5.""]"
tech_05,rolling_summary,3,5,Within how many hours must external customer notifications be delivered after confirmed breach detection?,F1,I don't know,"[""External customer notifications must be delivered within 72 hours of confirmed breach detection."", ""Notifications are required within 72 hours after breach confirmation.""]"
tech_05,rolling_summary,3,10,What must outbound communications avoid before forensic confirmation?,F5,"Attribution details must be avoided before forensic confirmation to ensure softer, cautious language in communications.","[""Outbound communications must avoid assigning blame before forensic confirmation."", ""Legal requires communications to avoid blame attribution until forensics confirm details."", ""Legal counsel requires all outbound communications to avoid assigning blame before forensic confirmation.""]"
tech_05,rolling_summary,3,15,What is the company considering offering to impacted enterprise customers?,F8,Identity monitoring as part of the remediation package after forensic confirmation.,"[""The company was considering one year of identity monitoring for impacted enterprise customers."", ""One year of identity monitoring was being evaluated for affected enterprise customers."", ""The company is considering offering one year of identity monitoring to impacted enterprise customers.""]"
tech_05,rolling_summary,3,20,What is the recovery objective target for file restoration?,F7,"The recovery objective target prioritizes active customer workloads first, then archived content in phased restoration.","[""The file restoration recovery objective target is under 12 hours."", ""The restoration target is to recover files in less than 12 hours."", ""The recovery objective target for file restoration is under 12 hours.""]"
tech_05,rolling_summary,3,25,What is the date range of the affected customer uploads?,F4,I don't know,"[""The affected uploads were between March 2 and March 5."", ""Customer uploads from March 2 through March 5 were affected."", ""The affected systems include customer uploads between March 2 and March 5.""]"
tech_05,rolling_summary,4,5,Within how many hours must external customer notifications be delivered after confirmed breach detection?,F1,I don't know,"[""External customer notifications must be delivered within 72 hours of confirmed breach detection."", ""Notifications are required within 72 hours after breach confirmation.""]"
tech_05,rolling_summary,4,10,What must outbound communications avoid before forensic confirmation?,F5,Outbound communications must avoid being sent before forensic confirmation.,"[""Outbound communications must avoid assigning blame before forensic confirmation."", ""Legal requires communications to avoid blame attribution until forensics confirm details."", ""Legal counsel requires all outbound communications to avoid assigning blame before forensic confirmation.""]"
tech_05,rolling_summary,4,15,What is the company considering offering to impacted enterprise customers?,F8,Providing customers timely updates and guidance on necessary actions.,"[""The company was considering one year of identity monitoring for impacted enterprise customers."", ""One year of identity monitoring was being evaluated for affected enterprise customers."", ""The company is considering offering one year of identity monitoring to impacted enterprise customers.""]"
tech_05,rolling_summary,4,20,What is the recovery objective target for file restoration?,F7,I don't know,"[""The file restoration recovery objective target is under 12 hours."", ""The restoration target is to recover files in less than 12 hours."", ""The recovery objective target for file restoration is under 12 hours.""]"
tech_05,rolling_summary,4,25,What is the date range of the affected customer uploads?,F4,March 2 through March 5,"[""The affected uploads were between March 2 and March 5."", ""Customer uploads from March 2 through March 5 were affected."", ""The affected systems include customer uploads between March 2 and March 5.""]"
tech_05,hierarchical,0,5,Within how many hours must external customer notifications be delivered after confirmed breach detection?,F1,I don't know,"[""External customer notifications must be delivered within 72 hours of confirmed breach detection."", ""Notifications are required within 72 hours after breach confirmation.""]"
tech_05,hierarchical,0,10,What must outbound communications avoid before forensic confirmation?,F5,Avoid assigning blame or attribution before forensic confirmation; use neutral terms like “security incident.”,"[""Outbound communications must avoid assigning blame before forensic confirmation."", ""Legal requires communications to avoid blame attribution until forensics confirm details."", ""Legal counsel requires all outbound communications to avoid assigning blame before forensic confirmation.""]"
tech_05,hierarchical,0,15,What is the company considering offering to impacted enterprise customers?,F8,Identity monitoring bundled into the remediation package.,"[""The company was considering one year of identity monitoring for impacted enterprise customers."", ""One year of identity monitoring was being evaluated for affected enterprise customers."", ""The company is considering offering one year of identity monitoring to impacted enterprise customers.""]"
tech_05,hierarchical,0,20,What is the recovery objective target for file restoration?,F7,I don't know,"[""The file restoration recovery objective target is under 12 hours."", ""The restoration target is to recover files in less than 12 hours."", ""The recovery objective target for file restoration is under 12 hours.""]"
tech_05,hierarchical,0,25,What is the date range of the affected customer uploads?,F4,March 2 through March 5,"[""The affected uploads were between March 2 and March 5."", ""Customer uploads from March 2 through March 5 were affected."", ""The affected systems include customer uploads between March 2 and March 5.""]"
tech_05,hierarchical,1,5,Within how many hours must external customer notifications be delivered after confirmed breach detection?,F1,I don't know,"[""External customer notifications must be delivered within 72 hours of confirmed breach detection."", ""Notifications are required within 72 hours after breach confirmation.""]"
tech_05,hierarchical,1,10,What must outbound communications avoid before forensic confirmation?,F5,Outbound communications must avoid attribution before forensic confirmation.,"[""Outbound communications must avoid assigning blame before forensic confirmation."", ""Legal requires communications to avoid blame attribution until forensics confirm details."", ""Legal counsel requires all outbound communications to avoid assigning blame before forensic confirmation.""]"
tech_05,hierarchical,1,15,What is the company considering offering to impacted enterprise customers?,F8,Bundling identity monitoring in the remediation package for impacted enterprise customers.,"[""The company was considering one year of identity monitoring for impacted enterprise customers."", ""One year of identity monitoring was being evaluated for affected enterprise customers."", ""The company is considering offering one year of identity monitoring to impacted enterprise customers.""]"
tech_05,hierarchical,1,20,What is the recovery objective target for file restoration?,F7,The recovery objective target duration is not specified in the conversation history.,"[""The file restoration recovery objective target is under 12 hours."", ""The restoration target is to recover files in less than 12 hours."", ""The recovery objective target for file restoration is under 12 hours.""]"
tech_05,hierarchical,1,25,What is the date range of the affected customer uploads?,F4,March 2 through March 5,"[""The affected uploads were between March 2 and March 5."", ""Customer uploads from March 2 through March 5 were affected."", ""The affected systems include customer uploads between March 2 and March 5.""]"
tech_05,hierarchical,2,5,Within how many hours must external customer notifications be delivered after confirmed breach detection?,F1,I don't know,"[""External customer notifications must be delivered within 72 hours of confirmed breach detection."", ""Notifications are required within 72 hours after breach confirmation.""]"
tech_05,hierarchical,2,10,What must outbound communications avoid before forensic confirmation?,F5,Avoid definitive attribution or accusations before forensic confirmation.,"[""Outbound communications must avoid assigning blame before forensic confirmation."", ""Legal requires communications to avoid blame attribution until forensics confirm details."", ""Legal counsel requires all outbound communications to avoid assigning blame before forensic confirmation.""]"
tech_05,hierarchical,2,15,What is the company considering offering to impacted enterprise customers?,F8,Identity monitoring bundled into the remediation package for impacted enterprise customers.,"[""The company was considering one year of identity monitoring for impacted enterprise customers."", ""One year of identity monitoring was being evaluated for affected enterprise customers."", ""The company is considering offering one year of identity monitoring to impacted enterprise customers.""]"
tech_05,hierarchical,2,20,What is the recovery objective target for file restoration?,F7,I don't know,"[""The file restoration recovery objective target is under 12 hours."", ""The restoration target is to recover files in less than 12 hours."", ""The recovery objective target for file restoration is under 12 hours.""]"
tech_05,hierarchical,2,25,What is the date range of the affected customer uploads?,F4,March 2 through March 5,"[""The affected uploads were between March 2 and March 5."", ""Customer uploads from March 2 through March 5 were affected."", ""The affected systems include customer uploads between March 2 and March 5.""]"
tech_05,hierarchical,3,5,Within how many hours must external customer notifications be delivered after confirmed breach detection?,F1,I don't know,"[""External customer notifications must be delivered within 72 hours of confirmed breach detection."", ""Notifications are required within 72 hours after breach confirmation.""]"
tech_05,hierarchical,3,10,What must outbound communications avoid before forensic confirmation?,F5,Avoid attributing blame or making accusatory statements before forensic confirmation.,"[""Outbound communications must avoid assigning blame before forensic confirmation."", ""Legal requires communications to avoid blame attribution until forensics confirm details."", ""Legal counsel requires all outbound communications to avoid assigning blame before forensic confirmation.""]"
tech_05,hierarchical,3,15,What is the company considering offering to impacted enterprise customers?,F8,Identity monitoring is being considered for inclusion in the remediation package for impacted enterprise customers.,"[""The company was considering one year of identity monitoring for impacted enterprise customers."", ""One year of identity monitoring was being evaluated for affected enterprise customers."", ""The company is considering offering one year of identity monitoring to impacted enterprise customers.""]"
tech_05,hierarchical,3,20,What is the recovery objective target for file restoration?,F7,I don't know,"[""The file restoration recovery objective target is under 12 hours."", ""The restoration target is to recover files in less than 12 hours."", ""The recovery objective target for file restoration is under 12 hours.""]"
tech_05,hierarchical,3,25,What is the date range of the affected customer uploads?,F4,March 2 through March 5,"[""The affected uploads were between March 2 and March 5."", ""Customer uploads from March 2 through March 5 were affected."", ""The affected systems include customer uploads between March 2 and March 5.""]"
tech_05,hierarchical,4,5,Within how many hours must external customer notifications be delivered after confirmed breach detection?,F1,I don't know,"[""External customer notifications must be delivered within 72 hours of confirmed breach detection."", ""Notifications are required within 72 hours after breach confirmation.""]"
tech_05,hierarchical,4,10,What must outbound communications avoid before forensic confirmation?,F5,Outbound communications must avoid definitive attribution before forensic confirmation.,"[""Outbound communications must avoid assigning blame before forensic confirmation."", ""Legal requires communications to avoid blame attribution until forensics confirm details."", ""Legal counsel requires all outbound communications to avoid assigning blame before forensic confirmation.""]"
tech_05,hierarchical,4,15,What is the company considering offering to impacted enterprise customers?,F8,Identity monitoring bundled into the remediation package for impacted enterprise customers.,"[""The company was considering one year of identity monitoring for impacted enterprise customers."", ""One year of identity monitoring was being evaluated for affected enterprise customers."", ""The company is considering offering one year of identity monitoring to impacted enterprise customers.""]"
tech_05,hierarchical,4,20,What is the recovery objective target for file restoration?,F7,Current recovery objective target duration is being compared against restoration duration but exact timing not specified.,"[""The file restoration recovery objective target is under 12 hours."", ""The restoration target is to recover files in less than 12 hours."", ""The recovery objective target for file restoration is under 12 hours.""]"
tech_05,hierarchical,4,25,What is the date range of the affected customer uploads?,F4,March 2 through March 5,"[""The affected uploads were between March 2 and March 5."", ""Customer uploads from March 2 through March 5 were affected."", ""The affected systems include customer uploads between March 2 and March 5.""]"
tech_05,rag,0,5,Within how many hours must external customer notifications be delivered after confirmed breach detection?,F1,I don't know,"[""External customer notifications must be delivered within 72 hours of confirmed breach detection."", ""Notifications are required within 72 hours after breach confirmation.""]"
tech_05,rag,0,10,What must outbound communications avoid before forensic confirmation?,F5,Outbound communications must avoid definitive attribution before forensic confirmation.,"[""Outbound communications must avoid assigning blame before forensic confirmation."", ""Legal requires communications to avoid blame attribution until forensics confirm details."", ""Legal counsel requires all outbound communications to avoid assigning blame before forensic confirmation.""]"
tech_05,rag,0,15,What is the company considering offering to impacted enterprise customers?,F8,Identity monitoring bundled into the remediation package for enhanced customer protection and comprehensive remediation efforts.,"[""The company was considering one year of identity monitoring for impacted enterprise customers."", ""One year of identity monitoring was being evaluated for affected enterprise customers."", ""The company is considering offering one year of identity monitoring to impacted enterprise customers.""]"
tech_05,rag,0,20,What is the recovery objective target for file restoration?,F7,I don't know,"[""The file restoration recovery objective target is under 12 hours."", ""The restoration target is to recover files in less than 12 hours."", ""The recovery objective target for file restoration is under 12 hours.""]"
tech_05,rag,0,25,What is the date range of the affected customer uploads?,F4,March 2 through March 5,"[""The affected uploads were between March 2 and March 5."", ""Customer uploads from March 2 through March 5 were affected."", ""The affected systems include customer uploads between March 2 and March 5.""]"
tech_05,rag,1,5,Within how many hours must external customer notifications be delivered after confirmed breach detection?,F1,I don't know,"[""External customer notifications must be delivered within 72 hours of confirmed breach detection."", ""Notifications are required within 72 hours after breach confirmation.""]"
tech_05,rag,1,10,What must outbound communications avoid before forensic confirmation?,F5,Avoid blame or attribution in outbound communications before forensic confirmation.,"[""Outbound communications must avoid assigning blame before forensic confirmation."", ""Legal requires communications to avoid blame attribution until forensics confirm details."", ""Legal counsel requires all outbound communications to avoid assigning blame before forensic confirmation.""]"
tech_05,rag,1,15,What is the company considering offering to impacted enterprise customers?,F8,Identity monitoring bundled into the remediation package for impacted enterprise customers.,"[""The company was considering one year of identity monitoring for impacted enterprise customers."", ""One year of identity monitoring was being evaluated for affected enterprise customers."", ""The company is considering offering one year of identity monitoring to impacted enterprise customers.""]"
tech_05,rag,1,20,What is the recovery objective target for file restoration?,F7,I don't know,"[""The file restoration recovery objective target is under 12 hours."", ""The restoration target is to recover files in less than 12 hours."", ""The recovery objective target for file restoration is under 12 hours.""]"
tech_05,rag,1,25,What is the date range of the affected customer uploads?,F4,March 2 through March 5,"[""The affected uploads were between March 2 and March 5."", ""Customer uploads from March 2 through March 5 were affected."", ""The affected systems include customer uploads between March 2 and March 5.""]"
tech_05,rag,2,5,Within how many hours must external customer notifications be delivered after confirmed breach detection?,F1,I don't know,"[""External customer notifications must be delivered within 72 hours of confirmed breach detection."", ""Notifications are required within 72 hours after breach confirmation.""]"
tech_05,rag,2,10,What must outbound communications avoid before forensic confirmation?,F5,Avoid attributing blame or definitive statements before forensic confirmation of breach details.,"[""Outbound communications must avoid assigning blame before forensic confirmation."", ""Legal requires communications to avoid blame attribution until forensics confirm details."", ""Legal counsel requires all outbound communications to avoid assigning blame before forensic confirmation.""]"
tech_05,rag,2,15,What is the company considering offering to impacted enterprise customers?,F8,Identity monitoring bundled into the remediation package for impacted enterprise customers.,"[""The company was considering one year of identity monitoring for impacted enterprise customers."", ""One year of identity monitoring was being evaluated for affected enterprise customers."", ""The company is considering offering one year of identity monitoring to impacted enterprise customers.""]"
tech_05,rag,2,20,What is the recovery objective target for file restoration?,F7,I don't know,"[""The file restoration recovery objective target is under 12 hours."", ""The restoration target is to recover files in less than 12 hours."", ""The recovery objective target for file restoration is under 12 hours.""]"
tech_05,rag,2,25,What is the date range of the affected customer uploads?,F4,March 2 through March 5,"[""The affected uploads were between March 2 and March 5."", ""Customer uploads from March 2 through March 5 were affected."", ""The affected systems include customer uploads between March 2 and March 5.""]"
tech_05,rag,3,5,Within how many hours must external customer notifications be delivered after confirmed breach detection?,F1,I don't know,"[""External customer notifications must be delivered within 72 hours of confirmed breach detection."", ""Notifications are required within 72 hours after breach confirmation.""]"
tech_05,rag,3,10,What must outbound communications avoid before forensic confirmation?,F5,Outbound communications must avoid definitive attribution before forensic confirmation.,"[""Outbound communications must avoid assigning blame before forensic confirmation."", ""Legal requires communications to avoid blame attribution until forensics confirm details."", ""Legal counsel requires all outbound communications to avoid assigning blame before forensic confirmation.""]"
tech_05,rag,3,15,What is the company considering offering to impacted enterprise customers?,F8,Identity monitoring bundled into the remediation package for impacted enterprise customers.,"[""The company was considering one year of identity monitoring for impacted enterprise customers."", ""One year of identity monitoring was being evaluated for affected enterprise customers."", ""The company is considering offering one year of identity monitoring to impacted enterprise customers.""]"
tech_05,rag,3,20,What is the recovery objective target for file restoration?,F7,I don't know,"[""The file restoration recovery objective target is under 12 hours."", ""The restoration target is to recover files in less than 12 hours."", ""The recovery objective target for file restoration is under 12 hours.""]"
tech_05,rag,3,25,What is the date range of the affected customer uploads?,F4,March 2 through March 5,"[""The affected uploads were between March 2 and March 5."", ""Customer uploads from March 2 through March 5 were affected."", ""The affected systems include customer uploads between March 2 and March 5.""]"
tech_05,rag,4,5,Within how many hours must external customer notifications be delivered after confirmed breach detection?,F1,I don't know,"[""External customer notifications must be delivered within 72 hours of confirmed breach detection."", ""Notifications are required within 72 hours after breach confirmation.""]"
tech_05,rag,4,10,What must outbound communications avoid before forensic confirmation?,F5,Outbound communications must avoid attribution details before forensic confirmation and legal review.,"[""Outbound communications must avoid assigning blame before forensic confirmation."", ""Legal requires communications to avoid blame attribution until forensics confirm details."", ""Legal counsel requires all outbound communications to avoid assigning blame before forensic confirmation.""]"
tech_05,rag,4,15,What is the company considering offering to impacted enterprise customers?,F8,Identity monitoring bundled into the remediation package for impacted enterprise customers.,"[""The company was considering one year of identity monitoring for impacted enterprise customers."", ""One year of identity monitoring was being evaluated for affected enterprise customers."", ""The company is considering offering one year of identity monitoring to impacted enterprise customers.""]"
tech_05,rag,4,20,What is the recovery objective target for file restoration?,F7,I don't know,"[""The file restoration recovery objective target is under 12 hours."", ""The restoration target is to recover files in less than 12 hours."", ""The recovery objective target for file restoration is under 12 hours.""]"
tech_05,rag,4,25,What is the date range of the affected customer uploads?,F4,March 2 through March 5,"[""The affected uploads were between March 2 and March 5."", ""Customer uploads from March 2 through March 5 were affected."", ""The affected systems include customer uploads between March 2 and March 5.""]"
tech_06,baseline,0,5,Within how many hours must customer notifications be delivered after confirmed exposure?,F1,I don't know,"[""Customer notifications are required within 48 hours of confirmed exposure."", ""Affected regions require notification within 48 hours after exposure confirmation."", ""Regulators in affected regions require customer notification within 48 hours of confirmed exposure.""]"
tech_06,baseline,0,10,What must public statements avoid confirming until forensic review is completed?,F5,Public statements must avoid confirming the exact nature or extent of stolen data until forensic review completes.,"[""Public statements must avoid confirming data exfiltration until forensic review is completed."", ""Communications cannot confirm exfiltration before forensics finish the review.""]"
tech_06,baseline,0,15,What service is leadership evaluating for affected customers?,F8,Additional customer remediation services,"[""Leadership was evaluating complimentary credit monitoring for affected customers."", ""Complimentary credit monitoring was under consideration for affected customers."", ""Leadership is evaluating complimentary credit monitoring for affected customers.""]"
tech_06,baseline,0,20,What is the current recovery target for the billing database?,F7,I don't know,"[""The billing database recovery target is six hours."", ""The current recovery objective for the billing database is six hours."", ""The current recovery target for the billing database is six hours.""]"
tech_06,baseline,0,25,Between which dates were the potentially exposed invoice PDFs generated?,F4,January 10 and January 18,"[""The invoice PDFs were generated between January 10 and January 18."", ""Potentially exposed invoice records span January 10 through January 18."", ""Potentially exposed records include invoice PDFs generated between January 10 and January 18.""]"
tech_06,baseline,1,5,Within how many hours must customer notifications be delivered after confirmed exposure?,F1,I don't know,"[""Customer notifications are required within 48 hours of confirmed exposure."", ""Affected regions require notification within 48 hours after exposure confirmation."", ""Regulators in affected regions require customer notification within 48 hours of confirmed exposure.""]"
tech_06,baseline,1,10,What must public statements avoid confirming until forensic review is completed?,F5,Avoid confirming stolen data until forensic review is completed; emphasize confirmed exposure and ongoing investigation.,"[""Public statements must avoid confirming data exfiltration until forensic review is completed."", ""Communications cannot confirm exfiltration before forensics finish the review.""]"
tech_06,baseline,1,15,What service is leadership evaluating for affected customers?,F8,Additional customer remediation services.,"[""Leadership was evaluating complimentary credit monitoring for affected customers."", ""Complimentary credit monitoring was under consideration for affected customers."", ""Leadership is evaluating complimentary credit monitoring for affected customers.""]"
tech_06,baseline,1,20,What is the current recovery target for the billing database?,F7,"The current recovery target is timely restoration of the billing database, with ongoing validation of archived invoice exports.","[""The billing database recovery target is six hours."", ""The current recovery objective for the billing database is six hours."", ""The current recovery target for the billing database is six hours.""]"
tech_06,baseline,1,25,Between which dates were the potentially exposed invoice PDFs generated?,F4,January 10 to January 18,"[""The invoice PDFs were generated between January 10 and January 18."", ""Potentially exposed invoice records span January 10 through January 18."", ""Potentially exposed records include invoice PDFs generated between January 10 and January 18.""]"
tech_06,baseline,2,5,Within how many hours must customer notifications be delivered after confirmed exposure?,F1,I don't know,"[""Customer notifications are required within 48 hours of confirmed exposure."", ""Affected regions require notification within 48 hours after exposure confirmation."", ""Regulators in affected regions require customer notification within 48 hours of confirmed exposure.""]"
tech_06,baseline,2,10,What must public statements avoid confirming until forensic review is completed?,F5,Avoid confirming data was stolen until forensic review is completed.,"[""Public statements must avoid confirming data exfiltration until forensic review is completed."", ""Communications cannot confirm exfiltration before forensics finish the review.""]"
tech_06,baseline,2,15,What service is leadership evaluating for affected customers?,F8,Additional customer remediation services.,"[""Leadership was evaluating complimentary credit monitoring for affected customers."", ""Complimentary credit monitoring was under consideration for affected customers."", ""Leadership is evaluating complimentary credit monitoring for affected customers.""]"
tech_06,baseline,2,20,What is the current recovery target for the billing database?,F7,I don't know,"[""The billing database recovery target is six hours."", ""The current recovery objective for the billing database is six hours."", ""The current recovery target for the billing database is six hours.""]"
tech_06,baseline,2,25,Between which dates were the potentially exposed invoice PDFs generated?,F4,Between January 10 and January 18.,"[""The invoice PDFs were generated between January 10 and January 18."", ""Potentially exposed invoice records span January 10 through January 18."", ""Potentially exposed records include invoice PDFs generated between January 10 and January 18.""]"
tech_06,baseline,3,5,Within how many hours must customer notifications be delivered after confirmed exposure?,F1,I don't know,"[""Customer notifications are required within 48 hours of confirmed exposure."", ""Affected regions require notification within 48 hours after exposure confirmation."", ""Regulators in affected regions require customer notification within 48 hours of confirmed exposure.""]"
tech_06,baseline,3,10,What must public statements avoid confirming until forensic review is completed?,F5,Avoid confirming stolen data until forensic review is completed.,"[""Public statements must avoid confirming data exfiltration until forensic review is completed."", ""Communications cannot confirm exfiltration before forensics finish the review.""]"
tech_06,baseline,3,15,What service is leadership evaluating for affected customers?,F8,Additional customer remediation services for protection and support.,"[""Leadership was evaluating complimentary credit monitoring for affected customers."", ""Complimentary credit monitoring was under consideration for affected customers."", ""Leadership is evaluating complimentary credit monitoring for affected customers.""]"
tech_06,baseline,3,20,What is the current recovery target for the billing database?,F7,Use isolated AWS disaster recovery environment to restore and validate billing database snapshot without impacting production.,"[""The billing database recovery target is six hours."", ""The current recovery objective for the billing database is six hours."", ""The current recovery target for the billing database is six hours.""]"
tech_06,baseline,3,25,Between which dates were the potentially exposed invoice PDFs generated?,F4,January 10 and January 18,"[""The invoice PDFs were generated between January 10 and January 18."", ""Potentially exposed invoice records span January 10 through January 18."", ""Potentially exposed records include invoice PDFs generated between January 10 and January 18.""]"
tech_06,baseline,4,5,Within how many hours must customer notifications be delivered after confirmed exposure?,F1,I don't know,"[""Customer notifications are required within 48 hours of confirmed exposure."", ""Affected regions require notification within 48 hours after exposure confirmation."", ""Regulators in affected regions require customer notification within 48 hours of confirmed exposure.""]"
tech_06,baseline,4,10,What must public statements avoid confirming until forensic review is completed?,F5,Avoid confirming the extent of stolen data until forensic review is completed.,"[""Public statements must avoid confirming data exfiltration until forensic review is completed."", ""Communications cannot confirm exfiltration before forensics finish the review.""]"
tech_06,baseline,4,15,What service is leadership evaluating for affected customers?,F8,Additional customer remediation services,"[""Leadership was evaluating complimentary credit monitoring for affected customers."", ""Complimentary credit monitoring was under consideration for affected customers."", ""Leadership is evaluating complimentary credit monitoring for affected customers.""]"
tech_06,baseline,4,20,What is the current recovery target for the billing database?,F7,"Restore active billing operations first, then validate archived invoice exports before full production synchronization.","[""The billing database recovery target is six hours."", ""The current recovery objective for the billing database is six hours."", ""The current recovery target for the billing database is six hours.""]"
tech_06,baseline,4,25,Between which dates were the potentially exposed invoice PDFs generated?,F4,Between January 10 and January 18.,"[""The invoice PDFs were generated between January 10 and January 18."", ""Potentially exposed invoice records span January 10 through January 18."", ""Potentially exposed records include invoice PDFs generated between January 10 and January 18.""]"
tech_06,rolling_summary,0,5,Within how many hours must customer notifications be delivered after confirmed exposure?,F1,I don't know,"[""Customer notifications are required within 48 hours of confirmed exposure."", ""Affected regions require notification within 48 hours after exposure confirmation."", ""Regulators in affected regions require customer notification within 48 hours of confirmed exposure.""]"
tech_06,rolling_summary,0,10,What must public statements avoid confirming until forensic review is completed?,F5,Avoid confirming stolen data details until forensic review is completed.,"[""Public statements must avoid confirming data exfiltration until forensic review is completed."", ""Communications cannot confirm exfiltration before forensics finish the review.""]"
tech_06,rolling_summary,0,15,What service is leadership evaluating for affected customers?,F8,I don't know,"[""Leadership was evaluating complimentary credit monitoring for affected customers."", ""Complimentary credit monitoring was under consideration for affected customers."", ""Leadership is evaluating complimentary credit monitoring for affected customers.""]"
tech_06,rolling_summary,0,20,What is the current recovery target for the billing database?,F7,Using a disaster recovery account for isolated validation testing without affecting production workloads.,"[""The billing database recovery target is six hours."", ""The current recovery objective for the billing database is six hours."", ""The current recovery target for the billing database is six hours.""]"
tech_06,rolling_summary,0,25,Between which dates were the potentially exposed invoice PDFs generated?,F4,January 10 and January 18.,"[""The invoice PDFs were generated between January 10 and January 18."", ""Potentially exposed invoice records span January 10 through January 18."", ""Potentially exposed records include invoice PDFs generated between January 10 and January 18.""]"
tech_06,rolling_summary,1,5,Within how many hours must customer notifications be delivered after confirmed exposure?,F1,I don't know,"[""Customer notifications are required within 48 hours of confirmed exposure."", ""Affected regions require notification within 48 hours after exposure confirmation."", ""Regulators in affected regions require customer notification within 48 hours of confirmed exposure.""]"
tech_06,rolling_summary,1,10,What must public statements avoid confirming until forensic review is completed?,F5,Public statements must avoid confirming customer payment details were accessed until forensic review is completed.,"[""Public statements must avoid confirming data exfiltration until forensic review is completed."", ""Communications cannot confirm exfiltration before forensics finish the review.""]"
tech_06,rolling_summary,1,15,What service is leadership evaluating for affected customers?,F8,Additional customer remediation services.,"[""Leadership was evaluating complimentary credit monitoring for affected customers."", ""Complimentary credit monitoring was under consideration for affected customers."", ""Leadership is evaluating complimentary credit monitoring for affected customers.""]"
tech_06,rolling_summary,1,20,What is the current recovery target for the billing database?,F7,"Restore replicated billing data, verify invoice consistency, then synchronize after integrity checks before production use.","[""The billing database recovery target is six hours."", ""The current recovery objective for the billing database is six hours."", ""The current recovery target for the billing database is six hours.""]"
tech_06,rolling_summary,1,25,Between which dates were the potentially exposed invoice PDFs generated?,F4,January 10 and January 18,"[""The invoice PDFs were generated between January 10 and January 18."", ""Potentially exposed invoice records span January 10 through January 18."", ""Potentially exposed records include invoice PDFs generated between January 10 and January 18.""]"
tech_06,rolling_summary,2,5,Within how many hours must customer notifications be delivered after confirmed exposure?,F1,I don't know,"[""Customer notifications are required within 48 hours of confirmed exposure."", ""Affected regions require notification within 48 hours after exposure confirmation."", ""Regulators in affected regions require customer notification within 48 hours of confirmed exposure.""]"
tech_06,rolling_summary,2,10,What must public statements avoid confirming until forensic review is completed?,F5,Confirming any misuse of stolen data must be avoided until forensic review is completed.,"[""Public statements must avoid confirming data exfiltration until forensic review is completed."", ""Communications cannot confirm exfiltration before forensics finish the review.""]"
tech_06,rolling_summary,2,15,What service is leadership evaluating for affected customers?,F8,I don't know,"[""Leadership was evaluating complimentary credit monitoring for affected customers."", ""Complimentary credit monitoring was under consideration for affected customers."", ""Leadership is evaluating complimentary credit monitoring for affected customers.""]"
tech_06,rolling_summary,2,20,What is the current recovery target for the billing database?,F7,Restore billing database snapshot successfully; prioritize active billing operations first; archived invoice exports under validation.,"[""The billing database recovery target is six hours."", ""The current recovery objective for the billing database is six hours."", ""The current recovery target for the billing database is six hours.""]"
tech_06,rolling_summary,2,25,Between which dates were the potentially exposed invoice PDFs generated?,F4,Between January 10 and January 18.,"[""The invoice PDFs were generated between January 10 and January 18."", ""Potentially exposed invoice records span January 10 through January 18."", ""Potentially exposed records include invoice PDFs generated between January 10 and January 18.""]"
tech_06,rolling_summary,3,5,Within how many hours must customer notifications be delivered after confirmed exposure?,F1,I don't know,"[""Customer notifications are required within 48 hours of confirmed exposure."", ""Affected regions require notification within 48 hours after exposure confirmation."", ""Regulators in affected regions require customer notification within 48 hours of confirmed exposure.""]"
tech_06,rolling_summary,3,10,What must public statements avoid confirming until forensic review is completed?,F5,Avoid confirming the exact nature or extent of stolen data until forensic review is completed.,"[""Public statements must avoid confirming data exfiltration until forensic review is completed."", ""Communications cannot confirm exfiltration before forensics finish the review.""]"
tech_06,rolling_summary,3,15,What service is leadership evaluating for affected customers?,F8,I don't know,"[""Leadership was evaluating complimentary credit monitoring for affected customers."", ""Complimentary credit monitoring was under consideration for affected customers."", ""Leadership is evaluating complimentary credit monitoring for affected customers.""]"
tech_06,rolling_summary,3,20,What is the current recovery target for the billing database?,F7,I don't know,"[""The billing database recovery target is six hours."", ""The current recovery objective for the billing database is six hours."", ""The current recovery target for the billing database is six hours.""]"
tech_06,rolling_summary,3,25,Between which dates were the potentially exposed invoice PDFs generated?,F4,Between January 10 and January 18.,"[""The invoice PDFs were generated between January 10 and January 18."", ""Potentially exposed invoice records span January 10 through January 18."", ""Potentially exposed records include invoice PDFs generated between January 10 and January 18.""]"
tech_06,rolling_summary,4,5,Within how many hours must customer notifications be delivered after confirmed exposure?,F1,I don't know,"[""Customer notifications are required within 48 hours of confirmed exposure."", ""Affected regions require notification within 48 hours after exposure confirmation."", ""Regulators in affected regions require customer notification within 48 hours of confirmed exposure.""]"
tech_06,rolling_summary,4,10,What must public statements avoid confirming until forensic review is completed?,F5,Avoid confirming financial theft until forensic review is completed.,"[""Public statements must avoid confirming data exfiltration until forensic review is completed."", ""Communications cannot confirm exfiltration before forensics finish the review.""]"
tech_06,rolling_summary,4,15,What service is leadership evaluating for affected customers?,F8,I don't know,"[""Leadership was evaluating complimentary credit monitoring for affected customers."", ""Complimentary credit monitoring was under consideration for affected customers."", ""Leadership is evaluating complimentary credit monitoring for affected customers.""]"
tech_06,rolling_summary,4,20,What is the current recovery target for the billing database?,F7,The recovery target is to restore and validate the billing database snapshot in an isolated disaster recovery environment.,"[""The billing database recovery target is six hours."", ""The current recovery objective for the billing database is six hours."", ""The current recovery target for the billing database is six hours.""]"
tech_06,rolling_summary,4,25,Between which dates were the potentially exposed invoice PDFs generated?,F4,January 10 and January 18,"[""The invoice PDFs were generated between January 10 and January 18."", ""Potentially exposed invoice records span January 10 through January 18."", ""Potentially exposed records include invoice PDFs generated between January 10 and January 18.""]"
tech_06,hierarchical,0,5,Within how many hours must customer notifications be delivered after confirmed exposure?,F1,I don't know,"[""Customer notifications are required within 48 hours of confirmed exposure."", ""Affected regions require notification within 48 hours after exposure confirmation."", ""Regulators in affected regions require customer notification within 48 hours of confirmed exposure.""]"
tech_06,hierarchical,0,10,What must public statements avoid confirming until forensic review is completed?,F5,Avoid confirming any sensitive customer data was stolen until forensic review is completed.,"[""Public statements must avoid confirming data exfiltration until forensic review is completed."", ""Communications cannot confirm exfiltration before forensics finish the review.""]"
tech_06,hierarchical,0,15,What service is leadership evaluating for affected customers?,F8,Additional customer remediation services inclusion in the notification package.,"[""Leadership was evaluating complimentary credit monitoring for affected customers."", ""Complimentary credit monitoring was under consideration for affected customers."", ""Leadership is evaluating complimentary credit monitoring for affected customers.""]"
tech_06,hierarchical,0,20,What is the current recovery target for the billing database?,F7,Restore billing database snapshot to disaster recovery account promptly with staged focus on active billing operations first.,"[""The billing database recovery target is six hours."", ""The current recovery objective for the billing database is six hours."", ""The current recovery target for the billing database is six hours.""]"
tech_06,hierarchical,0,25,Between which dates were the potentially exposed invoice PDFs generated?,F4,January 10 and January 18,"[""The invoice PDFs were generated between January 10 and January 18."", ""Potentially exposed invoice records span January 10 through January 18."", ""Potentially exposed records include invoice PDFs generated between January 10 and January 18.""]"
tech_06,hierarchical,1,5,Within how many hours must customer notifications be delivered after confirmed exposure?,F1,I don't know,"[""Customer notifications are required within 48 hours of confirmed exposure."", ""Affected regions require notification within 48 hours after exposure confirmation."", ""Regulators in affected regions require customer notification within 48 hours of confirmed exposure.""]"
tech_06,hierarchical,1,10,What must public statements avoid confirming until forensic review is completed?,F5,Avoid confirming misuse of stolen data until forensic review and investigations are completed.,"[""Public statements must avoid confirming data exfiltration until forensic review is completed."", ""Communications cannot confirm exfiltration before forensics finish the review.""]"
tech_06,hierarchical,1,15,What service is leadership evaluating for affected customers?,F8,Additional customer remediation services in the notification package.,"[""Leadership was evaluating complimentary credit monitoring for affected customers."", ""Complimentary credit monitoring was under consideration for affected customers."", ""Leadership is evaluating complimentary credit monitoring for affected customers.""]"
tech_06,hierarchical,1,20,What is the current recovery target for the billing database?,F7,I don't know,"[""The billing database recovery target is six hours."", ""The current recovery objective for the billing database is six hours."", ""The current recovery target for the billing database is six hours.""]"
tech_06,hierarchical,1,25,Between which dates were the potentially exposed invoice PDFs generated?,F4,January 10 and January 18,"[""The invoice PDFs were generated between January 10 and January 18."", ""Potentially exposed invoice records span January 10 through January 18."", ""Potentially exposed records include invoice PDFs generated between January 10 and January 18.""]"
tech_06,hierarchical,2,5,Within how many hours must customer notifications be delivered after confirmed exposure?,F1,I don't know,"[""Customer notifications are required within 48 hours of confirmed exposure."", ""Affected regions require notification within 48 hours after exposure confirmation."", ""Regulators in affected regions require customer notification within 48 hours of confirmed exposure.""]"
tech_06,hierarchical,2,10,What must public statements avoid confirming until forensic review is completed?,F5,Public statements must avoid confirming stolen data until forensic review is completed.,"[""Public statements must avoid confirming data exfiltration until forensic review is completed."", ""Communications cannot confirm exfiltration before forensics finish the review.""]"
tech_06,hierarchical,2,15,What service is leadership evaluating for affected customers?,F8,Additional customer remediation services.,"[""Leadership was evaluating complimentary credit monitoring for affected customers."", ""Complimentary credit monitoring was under consideration for affected customers."", ""Leadership is evaluating complimentary credit monitoring for affected customers.""]"
tech_06,hierarchical,2,20,What is the current recovery target for the billing database?,F7,"Prioritize restoration on active billing operations first, with successful billing database snapshot restoration completed.","[""The billing database recovery target is six hours."", ""The current recovery objective for the billing database is six hours."", ""The current recovery target for the billing database is six hours.""]"
tech_06,hierarchical,2,25,Between which dates were the potentially exposed invoice PDFs generated?,F4,January 10 and January 18,"[""The invoice PDFs were generated between January 10 and January 18."", ""Potentially exposed invoice records span January 10 through January 18."", ""Potentially exposed records include invoice PDFs generated between January 10 and January 18.""]"
tech_06,hierarchical,3,5,Within how many hours must customer notifications be delivered after confirmed exposure?,F1,I don't know,"[""Customer notifications are required within 48 hours of confirmed exposure."", ""Affected regions require notification within 48 hours after exposure confirmation."", ""Regulators in affected regions require customer notification within 48 hours of confirmed exposure.""]"
tech_06,hierarchical,3,10,What must public statements avoid confirming until forensic review is completed?,F5,Confirming stolen data must be avoided until forensic review is completed.,"[""Public statements must avoid confirming data exfiltration until forensic review is completed."", ""Communications cannot confirm exfiltration before forensics finish the review.""]"
tech_06,hierarchical,3,15,What service is leadership evaluating for affected customers?,F8,Additional customer remediation services in the notification package.,"[""Leadership was evaluating complimentary credit monitoring for affected customers."", ""Complimentary credit monitoring was under consideration for affected customers."", ""Leadership is evaluating complimentary credit monitoring for affected customers.""]"
tech_06,hierarchical,3,20,What is the current recovery target for the billing database?,F7,Priority is on staged restoration with active billing operations first.,"[""The billing database recovery target is six hours."", ""The current recovery objective for the billing database is six hours."", ""The current recovery target for the billing database is six hours.""]"
tech_06,hierarchical,3,25,Between which dates were the potentially exposed invoice PDFs generated?,F4,January 10 and January 18,"[""The invoice PDFs were generated between January 10 and January 18."", ""Potentially exposed invoice records span January 10 through January 18."", ""Potentially exposed records include invoice PDFs generated between January 10 and January 18.""]"
tech_06,hierarchical,4,5,Within how many hours must customer notifications be delivered after confirmed exposure?,F1,I don't know,"[""Customer notifications are required within 48 hours of confirmed exposure."", ""Affected regions require notification within 48 hours after exposure confirmation."", ""Regulators in affected regions require customer notification within 48 hours of confirmed exposure.""]"
tech_06,hierarchical,4,10,What must public statements avoid confirming until forensic review is completed?,F5,Confirming stolen data must be avoided until the investigation and forensic review complete.,"[""Public statements must avoid confirming data exfiltration until forensic review is completed."", ""Communications cannot confirm exfiltration before forensics finish the review.""]"
tech_06,hierarchical,4,15,What service is leadership evaluating for affected customers?,F8,Additional customer remediation services.,"[""Leadership was evaluating complimentary credit monitoring for affected customers."", ""Complimentary credit monitoring was under consideration for affected customers."", ""Leadership is evaluating complimentary credit monitoring for affected customers.""]"
tech_06,hierarchical,4,20,What is the current recovery target for the billing database?,F7,Priority restoration of active billing operations is the current recovery target for the billing database.,"[""The billing database recovery target is six hours."", ""The current recovery objective for the billing database is six hours."", ""The current recovery target for the billing database is six hours.""]"
tech_06,hierarchical,4,25,Between which dates were the potentially exposed invoice PDFs generated?,F4,January 10 and January 18,"[""The invoice PDFs were generated between January 10 and January 18."", ""Potentially exposed invoice records span January 10 through January 18."", ""Potentially exposed records include invoice PDFs generated between January 10 and January 18.""]"
tech_06,rag,0,5,Within how many hours must customer notifications be delivered after confirmed exposure?,F1,I don't know,"[""Customer notifications are required within 48 hours of confirmed exposure."", ""Affected regions require notification within 48 hours after exposure confirmation."", ""Regulators in affected regions require customer notification within 48 hours of confirmed exposure.""]"
tech_06,rag,0,10,What must public statements avoid confirming until forensic review is completed?,F5,Confirming stolen data must be avoided until forensic review is completed.,"[""Public statements must avoid confirming data exfiltration until forensic review is completed."", ""Communications cannot confirm exfiltration before forensics finish the review.""]"
tech_06,rag,0,15,What service is leadership evaluating for affected customers?,F8,Additional customer remediation services,"[""Leadership was evaluating complimentary credit monitoring for affected customers."", ""Complimentary credit monitoring was under consideration for affected customers."", ""Leadership is evaluating complimentary credit monitoring for affected customers.""]"
tech_06,rag,0,20,What is the current recovery target for the billing database?,F7,The current recovery target is restoring the billing database snapshot successfully and validating archived invoice exports.,"[""The billing database recovery target is six hours."", ""The current recovery objective for the billing database is six hours."", ""The current recovery target for the billing database is six hours.""]"
tech_06,rag,0,25,Between which dates were the potentially exposed invoice PDFs generated?,F4,Between January 10 and January 18.,"[""The invoice PDFs were generated between January 10 and January 18."", ""Potentially exposed invoice records span January 10 through January 18."", ""Potentially exposed records include invoice PDFs generated between January 10 and January 18.""]"
tech_06,rag,1,5,Within how many hours must customer notifications be delivered after confirmed exposure?,F1,I don't know,"[""Customer notifications are required within 48 hours of confirmed exposure."", ""Affected regions require notification within 48 hours after exposure confirmation."", ""Regulators in affected regions require customer notification within 48 hours of confirmed exposure.""]"
tech_06,rag,1,10,What must public statements avoid confirming until forensic review is completed?,F5,Confirming stolen data must be avoided until completion of forensic review.,"[""Public statements must avoid confirming data exfiltration until forensic review is completed."", ""Communications cannot confirm exfiltration before forensics finish the review.""]"
tech_06,rag,1,15,What service is leadership evaluating for affected customers?,F8,Additional customer remediation services,"[""Leadership was evaluating complimentary credit monitoring for affected customers."", ""Complimentary credit monitoring was under consideration for affected customers."", ""Leadership is evaluating complimentary credit monitoring for affected customers.""]"
tech_06,rag,1,20,What is the current recovery target for the billing database?,F7,I don't know,"[""The billing database recovery target is six hours."", ""The current recovery objective for the billing database is six hours."", ""The current recovery target for the billing database is six hours.""]"
tech_06,rag,1,25,Between which dates were the potentially exposed invoice PDFs generated?,F4,Between January 10 and January 18.,"[""The invoice PDFs were generated between January 10 and January 18."", ""Potentially exposed invoice records span January 10 through January 18."", ""Potentially exposed records include invoice PDFs generated between January 10 and January 18.""]"
tech_06,rag,2,5,Within how many hours must customer notifications be delivered after confirmed exposure?,F1,I don't know,"[""Customer notifications are required within 48 hours of confirmed exposure."", ""Affected regions require notification within 48 hours after exposure confirmation."", ""Regulators in affected regions require customer notification within 48 hours of confirmed exposure.""]"
tech_06,rag,2,10,What must public statements avoid confirming until forensic review is completed?,F5,Public statements must avoid confirming stolen data until forensic review is completed.,"[""Public statements must avoid confirming data exfiltration until forensic review is completed."", ""Communications cannot confirm exfiltration before forensics finish the review.""]"
tech_06,rag,2,15,What service is leadership evaluating for affected customers?,F8,Additional customer remediation services,"[""Leadership was evaluating complimentary credit monitoring for affected customers."", ""Complimentary credit monitoring was under consideration for affected customers."", ""Leadership is evaluating complimentary credit monitoring for affected customers.""]"
tech_06,rag,2,20,What is the current recovery target for the billing database?,F7,I don't know,"[""The billing database recovery target is six hours."", ""The current recovery objective for the billing database is six hours."", ""The current recovery target for the billing database is six hours.""]"
tech_06,rag,2,25,Between which dates were the potentially exposed invoice PDFs generated?,F4,January 10 and January 18,"[""The invoice PDFs were generated between January 10 and January 18."", ""Potentially exposed invoice records span January 10 through January 18."", ""Potentially exposed records include invoice PDFs generated between January 10 and January 18.""]"
tech_06,rag,3,5,Within how many hours must customer notifications be delivered after confirmed exposure?,F1,I don't know,"[""Customer notifications are required within 48 hours of confirmed exposure."", ""Affected regions require notification within 48 hours after exposure confirmation."", ""Regulators in affected regions require customer notification within 48 hours of confirmed exposure.""]"
tech_06,rag,3,10,What must public statements avoid confirming until forensic review is completed?,F5,Confirming stolen data must be avoided until forensic review is completed.,"[""Public statements must avoid confirming data exfiltration until forensic review is completed."", ""Communications cannot confirm exfiltration before forensics finish the review.""]"
tech_06,rag,3,15,What service is leadership evaluating for affected customers?,F8,Additional customer remediation services.,"[""Leadership was evaluating complimentary credit monitoring for affected customers."", ""Complimentary credit monitoring was under consideration for affected customers."", ""Leadership is evaluating complimentary credit monitoring for affected customers.""]"
tech_06,rag,3,20,What is the current recovery target for the billing database?,F7,I don't know,"[""The billing database recovery target is six hours."", ""The current recovery objective for the billing database is six hours."", ""The current recovery target for the billing database is six hours.""]"
tech_06,rag,3,25,Between which dates were the potentially exposed invoice PDFs generated?,F4,January 10 and January 18,"[""The invoice PDFs were generated between January 10 and January 18."", ""Potentially exposed invoice records span January 10 through January 18."", ""Potentially exposed records include invoice PDFs generated between January 10 and January 18.""]"
tech_06,rag,4,5,Within how many hours must customer notifications be delivered after confirmed exposure?,F1,I don't know,"[""Customer notifications are required within 48 hours of confirmed exposure."", ""Affected regions require notification within 48 hours after exposure confirmation."", ""Regulators in affected regions require customer notification within 48 hours of confirmed exposure.""]"
tech_06,rag,4,10,What must public statements avoid confirming until forensic review is completed?,F5,Details about stolen data must be avoided until forensic review is completed.,"[""Public statements must avoid confirming data exfiltration until forensic review is completed."", ""Communications cannot confirm exfiltration before forensics finish the review.""]"
tech_06,rag,4,15,What service is leadership evaluating for affected customers?,F8,Additional customer remediation services,"[""Leadership was evaluating complimentary credit monitoring for affected customers."", ""Complimentary credit monitoring was under consideration for affected customers."", ""Leadership is evaluating complimentary credit monitoring for affected customers.""]"
tech_06,rag,4,20,What is the current recovery target for the billing database?,F7,I don't know,"[""The billing database recovery target is six hours."", ""The current recovery objective for the billing database is six hours."", ""The current recovery target for the billing database is six hours.""]"
tech_06,rag,4,25,Between which dates were the potentially exposed invoice PDFs generated?,F4,Between January 10 and January 18.,"[""The invoice PDFs were generated between January 10 and January 18."", ""Potentially exposed invoice records span January 10 through January 18."", ""Potentially exposed records include invoice PDFs generated between January 10 and January 18.""]"
tech_07,baseline,0,5,Which namespace does the Kubernetes migration wave start with?,F5,The migration wave starts with the billing namespace pods.,"[""billing namespace"", ""the billing namespace"", ""The Kubernetes migration wave starts with the billing namespace.""]"
tech_07,baseline,0,10,Where are all rollback packages stored?,F2,I don't know,"[""s3://fin-rollback-artifacts"", ""the s3://fin-rollback-artifacts bucket"", ""All rollback packages are stored in the s3://fin-rollback-artifacts bucket.""]"
tech_07,baseline,0,15,Which support rotation does PagerDuty escalation go to?,F6,I don't know,"[""Phoenix support rotation"", ""the Phoenix support rotation"", ""PagerDuty escalation goes to the Phoenix support rotation.""]"
tech_07,baseline,0,20,What is the primary production region?,F1,I don't know,"[""us-east-1"", ""the us-east-1 region"", ""Primary production region is us-east-1.""]"
tech_07,baseline,0,25,What is the current Redis cache version?,F7,I don't know,"[""Redis 6.2"", ""version 6.2"", ""The current Redis cache version is 6.2.""]"
tech_07,baseline,1,5,Which namespace does the Kubernetes migration wave start with?,F5,Billing namespace.,"[""billing namespace"", ""the billing namespace"", ""The Kubernetes migration wave starts with the billing namespace.""]"
tech_07,baseline,1,10,Where are all rollback packages stored?,F2,I don't know,"[""s3://fin-rollback-artifacts"", ""the s3://fin-rollback-artifacts bucket"", ""All rollback packages are stored in the s3://fin-rollback-artifacts bucket.""]"
tech_07,baseline,1,15,Which support rotation does PagerDuty escalation go to?,F6,I don't know,"[""Phoenix support rotation"", ""the Phoenix support rotation"", ""PagerDuty escalation goes to the Phoenix support rotation.""]"
tech_07,baseline,1,20,What is the primary production region?,F1,I don't know,"[""us-east-1"", ""the us-east-1 region"", ""Primary production region is us-east-1.""]"
tech_07,baseline,1,25,What is the current Redis cache version?,F7,I don't know,"[""Redis 6.2"", ""version 6.2"", ""The current Redis cache version is 6.2.""]"
tech_07,baseline,2,5,Which namespace does the Kubernetes migration wave start with?,F5,The Kubernetes migration wave starts with the billing namespace.,"[""billing namespace"", ""the billing namespace"", ""The Kubernetes migration wave starts with the billing namespace.""]"
tech_07,baseline,2,10,Where are all rollback packages stored?,F2,I don't know,"[""s3://fin-rollback-artifacts"", ""the s3://fin-rollback-artifacts bucket"", ""All rollback packages are stored in the s3://fin-rollback-artifacts bucket.""]"
tech_07,baseline,2,15,Which support rotation does PagerDuty escalation go to?,F6,I don't know,"[""Phoenix support rotation"", ""the Phoenix support rotation"", ""PagerDuty escalation goes to the Phoenix support rotation.""]"
tech_07,baseline,2,20,What is the primary production region?,F1,I don't know,"[""us-east-1"", ""the us-east-1 region"", ""Primary production region is us-east-1.""]"
tech_07,baseline,2,25,What is the current Redis cache version?,F7,I don't know,"[""Redis 6.2"", ""version 6.2"", ""The current Redis cache version is 6.2.""]"
tech_07,baseline,3,5,Which namespace does the Kubernetes migration wave start with?,F5,The Kubernetes migration wave starts with the billing namespace.,"[""billing namespace"", ""the billing namespace"", ""The Kubernetes migration wave starts with the billing namespace.""]"
tech_07,baseline,3,10,Where are all rollback packages stored?,F2,I don't know,"[""s3://fin-rollback-artifacts"", ""the s3://fin-rollback-artifacts bucket"", ""All rollback packages are stored in the s3://fin-rollback-artifacts bucket.""]"
tech_07,baseline,3,15,Which support rotation does PagerDuty escalation go to?,F6,I don't know,"[""Phoenix support rotation"", ""the Phoenix support rotation"", ""PagerDuty escalation goes to the Phoenix support rotation.""]"
tech_07,baseline,3,20,What is the primary production region?,F1,I don't know,"[""us-east-1"", ""the us-east-1 region"", ""Primary production region is us-east-1.""]"
tech_07,baseline,3,25,What is the current Redis cache version?,F7,I don't know,"[""Redis 6.2"", ""version 6.2"", ""The current Redis cache version is 6.2.""]"
tech_07,baseline,4,5,Which namespace does the Kubernetes migration wave start with?,F5,The migration wave starts with the billing namespace.,"[""billing namespace"", ""the billing namespace"", ""The Kubernetes migration wave starts with the billing namespace.""]"
tech_07,baseline,4,10,Where are all rollback packages stored?,F2,I don't know,"[""s3://fin-rollback-artifacts"", ""the s3://fin-rollback-artifacts bucket"", ""All rollback packages are stored in the s3://fin-rollback-artifacts bucket.""]"
tech_07,baseline,4,15,Which support rotation does PagerDuty escalation go to?,F6,I don't know,"[""Phoenix support rotation"", ""the Phoenix support rotation"", ""PagerDuty escalation goes to the Phoenix support rotation.""]"
tech_07,baseline,4,20,What is the primary production region?,F1,I don't know,"[""us-east-1"", ""the us-east-1 region"", ""Primary production region is us-east-1.""]"
tech_07,baseline,4,25,What is the current Redis cache version?,F7,I don't know,"[""Redis 6.2"", ""version 6.2"", ""The current Redis cache version is 6.2.""]"
tech_07,rolling_summary,0,5,Which namespace does the Kubernetes migration wave start with?,F5,The Kubernetes migration wave starts with the billing namespace.,"[""billing namespace"", ""the billing namespace"", ""The Kubernetes migration wave starts with the billing namespace.""]"
tech_07,rolling_summary,0,10,Where are all rollback packages stored?,F2,Rollback packages are stored in the rollback storage location tracked throughout the AWS EKS migration support workflow.,"[""s3://fin-rollback-artifacts"", ""the s3://fin-rollback-artifacts bucket"", ""All rollback packages are stored in the s3://fin-rollback-artifacts bucket.""]"
tech_07,rolling_summary,0,15,Which support rotation does PagerDuty escalation go to?,F6,I don't know,"[""Phoenix support rotation"", ""the Phoenix support rotation"", ""PagerDuty escalation goes to the Phoenix support rotation.""]"
tech_07,rolling_summary,0,20,What is the primary production region?,F1,I don't know,"[""us-east-1"", ""the us-east-1 region"", ""Primary production region is us-east-1.""]"
tech_07,rolling_summary,0,25,What is the current Redis cache version?,F7,I don't know,"[""Redis 6.2"", ""version 6.2"", ""The current Redis cache version is 6.2.""]"
tech_07,rolling_summary,1,5,Which namespace does the Kubernetes migration wave start with?,F5,The Kubernetes migration wave starts with the billing namespace.,"[""billing namespace"", ""the billing namespace"", ""The Kubernetes migration wave starts with the billing namespace.""]"
tech_07,rolling_summary,1,10,Where are all rollback packages stored?,F2,Rollback packages are stored at the rollback storage location tracked throughout the support workflow.,"[""s3://fin-rollback-artifacts"", ""the s3://fin-rollback-artifacts bucket"", ""All rollback packages are stored in the s3://fin-rollback-artifacts bucket.""]"
tech_07,rolling_summary,1,15,Which support rotation does PagerDuty escalation go to?,F6,I don't know,"[""Phoenix support rotation"", ""the Phoenix support rotation"", ""PagerDuty escalation goes to the Phoenix support rotation.""]"
tech_07,rolling_summary,1,20,What is the primary production region?,F1,I don't know,"[""us-east-1"", ""the us-east-1 region"", ""Primary production region is us-east-1.""]"
tech_07,rolling_summary,1,25,What is the current Redis cache version?,F7,The current Redis cache version is not specified in the conversation history.,"[""Redis 6.2"", ""version 6.2"", ""The current Redis cache version is 6.2.""]"
tech_07,rolling_summary,2,5,Which namespace does the Kubernetes migration wave start with?,F5,"Billing namespace pods failed readiness checks, indicating the migration wave starts with the billing namespace.","[""billing namespace"", ""the billing namespace"", ""The Kubernetes migration wave starts with the billing namespace.""]"
tech_07,rolling_summary,2,10,Where are all rollback packages stored?,F2,Rollback packages are stored in the rollback storage location tracked during the support workflow.,"[""s3://fin-rollback-artifacts"", ""the s3://fin-rollback-artifacts bucket"", ""All rollback packages are stored in the s3://fin-rollback-artifacts bucket.""]"
tech_07,rolling_summary,2,15,Which support rotation does PagerDuty escalation go to?,F6,I don't know,"[""Phoenix support rotation"", ""the Phoenix support rotation"", ""PagerDuty escalation goes to the Phoenix support rotation.""]"
tech_07,rolling_summary,2,20,What is the primary production region?,F1,I don't know,"[""us-east-1"", ""the us-east-1 region"", ""Primary production region is us-east-1.""]"
tech_07,rolling_summary,2,25,What is the current Redis cache version?,F7,I don't know,"[""Redis 6.2"", ""version 6.2"", ""The current Redis cache version is 6.2.""]"
tech_07,rolling_summary,3,5,Which namespace does the Kubernetes migration wave start with?,F5,The Kubernetes migration wave starts with the billing namespace.,"[""billing namespace"", ""the billing namespace"", ""The Kubernetes migration wave starts with the billing namespace.""]"
tech_07,rolling_summary,3,10,Where are all rollback packages stored?,F2,Rollback packages are stored in the rollback storage location specified for AWS EKS migration tracking.,"[""s3://fin-rollback-artifacts"", ""the s3://fin-rollback-artifacts bucket"", ""All rollback packages are stored in the s3://fin-rollback-artifacts bucket.""]"
tech_07,rolling_summary,3,15,Which support rotation does PagerDuty escalation go to?,F6,I don't know,"[""Phoenix support rotation"", ""the Phoenix support rotation"", ""PagerDuty escalation goes to the Phoenix support rotation.""]"
tech_07,rolling_summary,3,20,What is the primary production region?,F1,I don't know,"[""us-east-1"", ""the us-east-1 region"", ""Primary production region is us-east-1.""]"
tech_07,rolling_summary,3,25,What is the current Redis cache version?,F7,I don't know,"[""Redis 6.2"", ""version 6.2"", ""The current Redis cache version is 6.2.""]"
tech_07,rolling_summary,4,5,Which namespace does the Kubernetes migration wave start with?,F5,"Migration wave starts with the billing namespace, as pods failed readiness checks after deployment.","[""billing namespace"", ""the billing namespace"", ""The Kubernetes migration wave starts with the billing namespace.""]"
tech_07,rolling_summary,4,10,Where are all rollback packages stored?,F2,Rollback packages are stored at the rollback storage location tracked throughout the AWS EKS migration support workflow.,"[""s3://fin-rollback-artifacts"", ""the s3://fin-rollback-artifacts bucket"", ""All rollback packages are stored in the s3://fin-rollback-artifacts bucket.""]"
tech_07,rolling_summary,4,15,Which support rotation does PagerDuty escalation go to?,F6,I don't know,"[""Phoenix support rotation"", ""the Phoenix support rotation"", ""PagerDuty escalation goes to the Phoenix support rotation.""]"
tech_07,rolling_summary,4,20,What is the primary production region?,F1,I don't know,"[""us-east-1"", ""the us-east-1 region"", ""Primary production region is us-east-1.""]"
tech_07,rolling_summary,4,25,What is the current Redis cache version?,F7,I don't know,"[""Redis 6.2"", ""version 6.2"", ""The current Redis cache version is 6.2.""]"
tech_07,hierarchical,0,5,Which namespace does the Kubernetes migration wave start with?,F5,The Kubernetes migration wave starts with the billing namespace.,"[""billing namespace"", ""the billing namespace"", ""The Kubernetes migration wave starts with the billing namespace.""]"
tech_07,hierarchical,0,10,Where are all rollback packages stored?,F2,I don't know,"[""s3://fin-rollback-artifacts"", ""the s3://fin-rollback-artifacts bucket"", ""All rollback packages are stored in the s3://fin-rollback-artifacts bucket.""]"
tech_07,hierarchical,0,15,Which support rotation does PagerDuty escalation go to?,F6,I don't know,"[""Phoenix support rotation"", ""the Phoenix support rotation"", ""PagerDuty escalation goes to the Phoenix support rotation.""]"
tech_07,hierarchical,0,20,What is the primary production region?,F1,I don't know,"[""us-east-1"", ""the us-east-1 region"", ""Primary production region is us-east-1.""]"
tech_07,hierarchical,0,25,What is the current Redis cache version?,F7,I don't know,"[""Redis 6.2"", ""version 6.2"", ""The current Redis cache version is 6.2.""]"
tech_07,hierarchical,1,5,Which namespace does the Kubernetes migration wave start with?,F5,The Kubernetes migration wave starts with the billing namespace.,"[""billing namespace"", ""the billing namespace"", ""The Kubernetes migration wave starts with the billing namespace.""]"
tech_07,hierarchical,1,10,Where are all rollback packages stored?,F2,I don't know,"[""s3://fin-rollback-artifacts"", ""the s3://fin-rollback-artifacts bucket"", ""All rollback packages are stored in the s3://fin-rollback-artifacts bucket.""]"
tech_07,hierarchical,1,15,Which support rotation does PagerDuty escalation go to?,F6,I don't know,"[""Phoenix support rotation"", ""the Phoenix support rotation"", ""PagerDuty escalation goes to the Phoenix support rotation.""]"
tech_07,hierarchical,1,20,What is the primary production region?,F1,I don't know,"[""us-east-1"", ""the us-east-1 region"", ""Primary production region is us-east-1.""]"
tech_07,hierarchical,1,25,What is the current Redis cache version?,F7,I don't know,"[""Redis 6.2"", ""version 6.2"", ""The current Redis cache version is 6.2.""]"
tech_07,hierarchical,2,5,Which namespace does the Kubernetes migration wave start with?,F5,Billing namespace,"[""billing namespace"", ""the billing namespace"", ""The Kubernetes migration wave starts with the billing namespace.""]"
tech_07,hierarchical,2,10,Where are all rollback packages stored?,F2,I don't know,"[""s3://fin-rollback-artifacts"", ""the s3://fin-rollback-artifacts bucket"", ""All rollback packages are stored in the s3://fin-rollback-artifacts bucket.""]"
tech_07,hierarchical,2,15,Which support rotation does PagerDuty escalation go to?,F6,I don't know,"[""Phoenix support rotation"", ""the Phoenix support rotation"", ""PagerDuty escalation goes to the Phoenix support rotation.""]"
tech_07,hierarchical,2,20,What is the primary production region?,F1,I don't know,"[""us-east-1"", ""the us-east-1 region"", ""Primary production region is us-east-1.""]"
tech_07,hierarchical,2,25,What is the current Redis cache version?,F7,I don't know,"[""Redis 6.2"", ""version 6.2"", ""The current Redis cache version is 6.2.""]"
tech_07,hierarchical,3,5,Which namespace does the Kubernetes migration wave start with?,F5,The Kubernetes migration wave starts with the billing namespace.,"[""billing namespace"", ""the billing namespace"", ""The Kubernetes migration wave starts with the billing namespace.""]"
tech_07,hierarchical,3,10,Where are all rollback packages stored?,F2,I don't know,"[""s3://fin-rollback-artifacts"", ""the s3://fin-rollback-artifacts bucket"", ""All rollback packages are stored in the s3://fin-rollback-artifacts bucket.""]"
tech_07,hierarchical,3,15,Which support rotation does PagerDuty escalation go to?,F6,I don't know,"[""Phoenix support rotation"", ""the Phoenix support rotation"", ""PagerDuty escalation goes to the Phoenix support rotation.""]"
tech_07,hierarchical,3,20,What is the primary production region?,F1,I don't know,"[""us-east-1"", ""the us-east-1 region"", ""Primary production region is us-east-1.""]"
tech_07,hierarchical,3,25,What is the current Redis cache version?,F7,I don't know,"[""Redis 6.2"", ""version 6.2"", ""The current Redis cache version is 6.2.""]"
tech_07,hierarchical,4,5,Which namespace does the Kubernetes migration wave start with?,F5,The Kubernetes migration wave starts with the billing namespace pods.,"[""billing namespace"", ""the billing namespace"", ""The Kubernetes migration wave starts with the billing namespace.""]"
tech_07,hierarchical,4,10,Where are all rollback packages stored?,F2,I don't know,"[""s3://fin-rollback-artifacts"", ""the s3://fin-rollback-artifacts bucket"", ""All rollback packages are stored in the s3://fin-rollback-artifacts bucket.""]"
tech_07,hierarchical,4,15,Which support rotation does PagerDuty escalation go to?,F6,I don't know,"[""Phoenix support rotation"", ""the Phoenix support rotation"", ""PagerDuty escalation goes to the Phoenix support rotation.""]"
tech_07,hierarchical,4,20,What is the primary production region?,F1,I don't know,"[""us-east-1"", ""the us-east-1 region"", ""Primary production region is us-east-1.""]"
tech_07,hierarchical,4,25,What is the current Redis cache version?,F7,I don't know,"[""Redis 6.2"", ""version 6.2"", ""The current Redis cache version is 6.2.""]"
tech_07,rag,0,5,Which namespace does the Kubernetes migration wave start with?,F5,The migration wave starts with the billing namespace.,"[""billing namespace"", ""the billing namespace"", ""The Kubernetes migration wave starts with the billing namespace.""]"
tech_07,rag,0,10,Where are all rollback packages stored?,F2,I don't know,"[""s3://fin-rollback-artifacts"", ""the s3://fin-rollback-artifacts bucket"", ""All rollback packages are stored in the s3://fin-rollback-artifacts bucket.""]"
tech_07,rag,0,15,Which support rotation does PagerDuty escalation go to?,F6,I don't know,"[""Phoenix support rotation"", ""the Phoenix support rotation"", ""PagerDuty escalation goes to the Phoenix support rotation.""]"
tech_07,rag,0,20,What is the primary production region?,F1,I don't know,"[""us-east-1"", ""the us-east-1 region"", ""Primary production region is us-east-1.""]"
tech_07,rag,0,25,What is the current Redis cache version?,F7,I don't know,"[""Redis 6.2"", ""version 6.2"", ""The current Redis cache version is 6.2.""]"
tech_07,rag,1,5,Which namespace does the Kubernetes migration wave start with?,F5,The Kubernetes migration wave starts with the billing namespace.,"[""billing namespace"", ""the billing namespace"", ""The Kubernetes migration wave starts with the billing namespace.""]"
tech_07,rag,1,10,Where are all rollback packages stored?,F2,I don't know,"[""s3://fin-rollback-artifacts"", ""the s3://fin-rollback-artifacts bucket"", ""All rollback packages are stored in the s3://fin-rollback-artifacts bucket.""]"
tech_07,rag,1,15,Which support rotation does PagerDuty escalation go to?,F6,The conversation history does not specify which support rotation PagerDuty escalation goes to.,"[""Phoenix support rotation"", ""the Phoenix support rotation"", ""PagerDuty escalation goes to the Phoenix support rotation.""]"
tech_07,rag,1,20,What is the primary production region?,F1,I don't know,"[""us-east-1"", ""the us-east-1 region"", ""Primary production region is us-east-1.""]"
tech_07,rag,1,25,What is the current Redis cache version?,F7,I don't know,"[""Redis 6.2"", ""version 6.2"", ""The current Redis cache version is 6.2.""]"
tech_07,rag,2,5,Which namespace does the Kubernetes migration wave start with?,F5,The Kubernetes migration wave starts with the billing namespace.,"[""billing namespace"", ""the billing namespace"", ""The Kubernetes migration wave starts with the billing namespace.""]"
tech_07,rag,2,10,Where are all rollback packages stored?,F2,I don't know,"[""s3://fin-rollback-artifacts"", ""the s3://fin-rollback-artifacts bucket"", ""All rollback packages are stored in the s3://fin-rollback-artifacts bucket.""]"
tech_07,rag,2,15,Which support rotation does PagerDuty escalation go to?,F6,I don't know,"[""Phoenix support rotation"", ""the Phoenix support rotation"", ""PagerDuty escalation goes to the Phoenix support rotation.""]"
tech_07,rag,2,20,What is the primary production region?,F1,I don't know,"[""us-east-1"", ""the us-east-1 region"", ""Primary production region is us-east-1.""]"
tech_07,rag,2,25,What is the current Redis cache version?,F7,I don't know,"[""Redis 6.2"", ""version 6.2"", ""The current Redis cache version is 6.2.""]"
tech_07,rag,3,5,Which namespace does the Kubernetes migration wave start with?,F5,The Kubernetes migration wave starts with the billing namespace.,"[""billing namespace"", ""the billing namespace"", ""The Kubernetes migration wave starts with the billing namespace.""]"
tech_07,rag,3,10,Where are all rollback packages stored?,F2,I don't know,"[""s3://fin-rollback-artifacts"", ""the s3://fin-rollback-artifacts bucket"", ""All rollback packages are stored in the s3://fin-rollback-artifacts bucket.""]"
tech_07,rag,3,15,Which support rotation does PagerDuty escalation go to?,F6,I don't know,"[""Phoenix support rotation"", ""the Phoenix support rotation"", ""PagerDuty escalation goes to the Phoenix support rotation.""]"
tech_07,rag,3,20,What is the primary production region?,F1,I don't know,"[""us-east-1"", ""the us-east-1 region"", ""Primary production region is us-east-1.""]"
tech_07,rag,3,25,What is the current Redis cache version?,F7,I don't know,"[""Redis 6.2"", ""version 6.2"", ""The current Redis cache version is 6.2.""]"
tech_07,rag,4,5,Which namespace does the Kubernetes migration wave start with?,F5,The migration wave starts with the billing namespace.,"[""billing namespace"", ""the billing namespace"", ""The Kubernetes migration wave starts with the billing namespace.""]"
tech_07,rag,4,10,Where are all rollback packages stored?,F2,I don't know,"[""s3://fin-rollback-artifacts"", ""the s3://fin-rollback-artifacts bucket"", ""All rollback packages are stored in the s3://fin-rollback-artifacts bucket.""]"
tech_07,rag,4,15,Which support rotation does PagerDuty escalation go to?,F6,"Support rotation indicated is the active support rotation mentioned for incident communications, but exact name not specified.","[""Phoenix support rotation"", ""the Phoenix support rotation"", ""PagerDuty escalation goes to the Phoenix support rotation.""]"
tech_07,rag,4,20,What is the primary production region?,F1,I don't know,"[""us-east-1"", ""the us-east-1 region"", ""Primary production region is us-east-1.""]"
tech_07,rag,4,25,What is the current Redis cache version?,F7,I don't know,"[""Redis 6.2"", ""version 6.2"", ""The current Redis cache version is 6.2.""]"
tech_08,baseline,0,5,Which deployment does the migration begin with?,F5,The migration begins with the ingest-service deployment.,"[""ingest-service deployment"", ""the ingest-service deployment"", ""The migration begins with the ingest-service deployment.""]"
tech_08,baseline,0,10,Where are rollback manifests maintained?,F2,Rollback manifests are maintained in the rollback repository.,"[""gitops-rollback repository"", ""the gitops-rollback repository"", ""Rollback manifests are maintained in the gitops-rollback repository.""]"
tech_08,baseline,0,15,Which team do critical alerts escalate to?,F6,Critical alerts escalate to the escalation team.,"[""Orion infrastructure team"", ""the Orion infrastructure team"", ""Critical alerts escalate to the Orion infrastructure team.""]"
tech_08,baseline,0,20,Which region hosts the primary Kubernetes cluster?,F1,I don't know,"[""europe-west1"", ""the europe-west1 region"", ""The primary Kubernetes cluster is hosted in europe-west1.""]"
tech_08,baseline,0,25,What is the active RabbitMQ version?,F7,I don't know,"[""RabbitMQ 3.11"", ""version 3.11"", ""The active RabbitMQ version is 3.11.""]"
tech_08,baseline,1,5,Which deployment does the migration begin with?,F5,The conversation history does not specify which deployment the migration begins with.,"[""ingest-service deployment"", ""the ingest-service deployment"", ""The migration begins with the ingest-service deployment.""]"
tech_08,baseline,1,10,Where are rollback manifests maintained?,F2,Rollback manifests are maintained in the rollback repository.,"[""gitops-rollback repository"", ""the gitops-rollback repository"", ""Rollback manifests are maintained in the gitops-rollback repository.""]"
tech_08,baseline,1,15,Which team do critical alerts escalate to?,F6,Critical alerts escalate to the escalation team.,"[""Orion infrastructure team"", ""the Orion infrastructure team"", ""Critical alerts escalate to the Orion infrastructure team.""]"
tech_08,baseline,1,20,Which region hosts the primary Kubernetes cluster?,F1,I don't know,"[""europe-west1"", ""the europe-west1 region"", ""The primary Kubernetes cluster is hosted in europe-west1.""]"
tech_08,baseline,1,25,What is the active RabbitMQ version?,F7,I don't know,"[""RabbitMQ 3.11"", ""version 3.11"", ""The active RabbitMQ version is 3.11.""]"
tech_08,baseline,2,5,Which deployment does the migration begin with?,F5,The migration begins with the ingest-service deployment.,"[""ingest-service deployment"", ""the ingest-service deployment"", ""The migration begins with the ingest-service deployment.""]"
tech_08,baseline,2,10,Where are rollback manifests maintained?,F2,Rollback manifests are maintained in the rollback repository.,"[""gitops-rollback repository"", ""the gitops-rollback repository"", ""Rollback manifests are maintained in the gitops-rollback repository.""]"
tech_08,baseline,2,15,Which team do critical alerts escalate to?,F6,Critical alerts escalate to the escalation team.,"[""Orion infrastructure team"", ""the Orion infrastructure team"", ""Critical alerts escalate to the Orion infrastructure team.""]"
tech_08,baseline,2,20,Which region hosts the primary Kubernetes cluster?,F1,I don't know,"[""europe-west1"", ""the europe-west1 region"", ""The primary Kubernetes cluster is hosted in europe-west1.""]"
tech_08,baseline,2,25,What is the active RabbitMQ version?,F7,I don't know,"[""RabbitMQ 3.11"", ""version 3.11"", ""The active RabbitMQ version is 3.11.""]"
tech_08,baseline,3,5,Which deployment does the migration begin with?,F5,The migration begins with the ingest-service deployment.,"[""ingest-service deployment"", ""the ingest-service deployment"", ""The migration begins with the ingest-service deployment.""]"
tech_08,baseline,3,10,Where are rollback manifests maintained?,F2,Rollback manifests are maintained in the rollback repository.,"[""gitops-rollback repository"", ""the gitops-rollback repository"", ""Rollback manifests are maintained in the gitops-rollback repository.""]"
tech_08,baseline,3,15,Which team do critical alerts escalate to?,F6,Escalate critical alerts to the escalation team.,"[""Orion infrastructure team"", ""the Orion infrastructure team"", ""Critical alerts escalate to the Orion infrastructure team.""]"
tech_08,baseline,3,20,Which region hosts the primary Kubernetes cluster?,F1,I don't know,"[""europe-west1"", ""the europe-west1 region"", ""The primary Kubernetes cluster is hosted in europe-west1.""]"
tech_08,baseline,3,25,What is the active RabbitMQ version?,F7,I don't know,"[""RabbitMQ 3.11"", ""version 3.11"", ""The active RabbitMQ version is 3.11.""]"
tech_08,baseline,4,5,Which deployment does the migration begin with?,F5,The migration begins with the ingest-service deployment.,"[""ingest-service deployment"", ""the ingest-service deployment"", ""The migration begins with the ingest-service deployment.""]"
tech_08,baseline,4,10,Where are rollback manifests maintained?,F2,Rollback manifests are maintained in the rollback repository.,"[""gitops-rollback repository"", ""the gitops-rollback repository"", ""Rollback manifests are maintained in the gitops-rollback repository.""]"
tech_08,baseline,4,15,Which team do critical alerts escalate to?,F6,Critical alerts escalate to the escalation team.,"[""Orion infrastructure team"", ""the Orion infrastructure team"", ""Critical alerts escalate to the Orion infrastructure team.""]"
tech_08,baseline,4,20,Which region hosts the primary Kubernetes cluster?,F1,I don't know,"[""europe-west1"", ""the europe-west1 region"", ""The primary Kubernetes cluster is hosted in europe-west1.""]"
tech_08,baseline,4,25,What is the active RabbitMQ version?,F7,I don't know,"[""RabbitMQ 3.11"", ""version 3.11"", ""The active RabbitMQ version is 3.11.""]"
tech_08,hierarchical,0,5,Which deployment does the migration begin with?,F5,I don't know,"[""ingest-service deployment"", ""the ingest-service deployment"", ""The migration begins with the ingest-service deployment.""]"
tech_08,hierarchical,0,10,Where are rollback manifests maintained?,F2,Rollback manifests location is not specified in the conversation history.,"[""gitops-rollback repository"", ""the gitops-rollback repository"", ""Rollback manifests are maintained in the gitops-rollback repository.""]"
tech_08,hierarchical,0,15,Which team do critical alerts escalate to?,F6,The escalation team is notified for immediate support during critical alerts.,"[""Orion infrastructure team"", ""the Orion infrastructure team"", ""Critical alerts escalate to the Orion infrastructure team.""]"
tech_08,hierarchical,0,20,Which region hosts the primary Kubernetes cluster?,F1,The primary Kubernetes cluster region is Europe.,"[""europe-west1"", ""the europe-west1 region"", ""The primary Kubernetes cluster is hosted in europe-west1.""]"
tech_08,hierarchical,0,25,What is the active RabbitMQ version?,F7,I don't know,"[""RabbitMQ 3.11"", ""version 3.11"", ""The active RabbitMQ version is 3.11.""]"
tech_08,hierarchical,1,5,Which deployment does the migration begin with?,F5,The migration begins with the ingest-service deployment.,"[""ingest-service deployment"", ""the ingest-service deployment"", ""The migration begins with the ingest-service deployment.""]"
tech_08,hierarchical,1,10,Where are rollback manifests maintained?,F2,Rollback manifests are maintained in the rollback repository during migration.,"[""gitops-rollback repository"", ""the gitops-rollback repository"", ""Rollback manifests are maintained in the gitops-rollback repository.""]"
tech_08,hierarchical,1,15,Which team do critical alerts escalate to?,F6,Escalation team notified per runbooks for network disruptions and simultaneous RabbitMQ and Kubernetes control plane alerts.,"[""Orion infrastructure team"", ""the Orion infrastructure team"", ""Critical alerts escalate to the Orion infrastructure team.""]"
tech_08,hierarchical,1,20,Which region hosts the primary Kubernetes cluster?,F1,I don't know,"[""europe-west1"", ""the europe-west1 region"", ""The primary Kubernetes cluster is hosted in europe-west1.""]"
tech_08,hierarchical,1,25,What is the active RabbitMQ version?,F7,I don't know,"[""RabbitMQ 3.11"", ""version 3.11"", ""The active RabbitMQ version is 3.11.""]"
tech_08,hierarchical,2,5,Which deployment does the migration begin with?,F5,Migration begins with less critical workloads.,"[""ingest-service deployment"", ""the ingest-service deployment"", ""The migration begins with the ingest-service deployment.""]"
tech_08,hierarchical,2,10,Where are rollback manifests maintained?,F2,I don't know,"[""gitops-rollback repository"", ""the gitops-rollback repository"", ""Rollback manifests are maintained in the gitops-rollback repository.""]"
tech_08,hierarchical,2,15,Which team do critical alerts escalate to?,F6,I don't know,"[""Orion infrastructure team"", ""the Orion infrastructure team"", ""Critical alerts escalate to the Orion infrastructure team.""]"
tech_08,hierarchical,2,20,Which region hosts the primary Kubernetes cluster?,F1,I don't know,"[""europe-west1"", ""the europe-west1 region"", ""The primary Kubernetes cluster is hosted in europe-west1.""]"
tech_08,hierarchical,2,25,What is the active RabbitMQ version?,F7,I don't know,"[""RabbitMQ 3.11"", ""version 3.11"", ""The active RabbitMQ version is 3.11.""]"
tech_08,hierarchical,3,5,Which deployment does the migration begin with?,F5,Migration begins incrementally starting with non-critical components.,"[""ingest-service deployment"", ""the ingest-service deployment"", ""The migration begins with the ingest-service deployment.""]"
tech_08,hierarchical,3,10,Where are rollback manifests maintained?,F2,I don't know,"[""gitops-rollback repository"", ""the gitops-rollback repository"", ""Rollback manifests are maintained in the gitops-rollback repository.""]"
tech_08,hierarchical,3,15,Which team do critical alerts escalate to?,F6,Critical alerts escalate to the escalation team.,"[""Orion infrastructure team"", ""the Orion infrastructure team"", ""Critical alerts escalate to the Orion infrastructure team.""]"
tech_08,hierarchical,3,20,Which region hosts the primary Kubernetes cluster?,F1,I don't know,"[""europe-west1"", ""the europe-west1 region"", ""The primary Kubernetes cluster is hosted in europe-west1.""]"
tech_08,hierarchical,3,25,What is the active RabbitMQ version?,F7,I don't know,"[""RabbitMQ 3.11"", ""version 3.11"", ""The active RabbitMQ version is 3.11.""]"
tech_08,hierarchical,4,5,Which deployment does the migration begin with?,F5,The migration begins with the ingest-service deployment.,"[""ingest-service deployment"", ""the ingest-service deployment"", ""The migration begins with the ingest-service deployment.""]"
tech_08,hierarchical,4,10,Where are rollback manifests maintained?,F2,I don't know,"[""gitops-rollback repository"", ""the gitops-rollback repository"", ""Rollback manifests are maintained in the gitops-rollback repository.""]"
tech_08,hierarchical,4,15,Which team do critical alerts escalate to?,F6,Escalate critical alerts to the escalation team for immediate support.,"[""Orion infrastructure team"", ""the Orion infrastructure team"", ""Critical alerts escalate to the Orion infrastructure team.""]"
tech_08,hierarchical,4,20,Which region hosts the primary Kubernetes cluster?,F1,I don't know,"[""europe-west1"", ""the europe-west1 region"", ""The primary Kubernetes cluster is hosted in europe-west1.""]"
tech_08,hierarchical,4,25,What is the active RabbitMQ version?,F7,I don't know,"[""RabbitMQ 3.11"", ""version 3.11"", ""The active RabbitMQ version is 3.11.""]"
tech_08,rag,0,5,Which deployment does the migration begin with?,F5,The migration begins with the ingest-service deployment.,"[""ingest-service deployment"", ""the ingest-service deployment"", ""The migration begins with the ingest-service deployment.""]"
tech_08,rag,0,10,Where are rollback manifests maintained?,F2,Rollback manifests are maintained in the rollback repository.,"[""gitops-rollback repository"", ""the gitops-rollback repository"", ""Rollback manifests are maintained in the gitops-rollback repository.""]"
tech_08,rag,0,15,Which team do critical alerts escalate to?,F6,Operations team,"[""Orion infrastructure team"", ""the Orion infrastructure team"", ""Critical alerts escalate to the Orion infrastructure team.""]"
tech_08,rag,0,20,Which region hosts the primary Kubernetes cluster?,F1,I don't know,"[""europe-west1"", ""the europe-west1 region"", ""The primary Kubernetes cluster is hosted in europe-west1.""]"
tech_08,rag,0,25,What is the active RabbitMQ version?,F7,I don't know,"[""RabbitMQ 3.11"", ""version 3.11"", ""The active RabbitMQ version is 3.11.""]"
tech_08,rag,1,5,Which deployment does the migration begin with?,F5,The conversation does not specify which deployment the migration begins with.,"[""ingest-service deployment"", ""the ingest-service deployment"", ""The migration begins with the ingest-service deployment.""]"
tech_08,rag,1,10,Where are rollback manifests maintained?,F2,Rollback manifests are maintained in the retained rollback repository.,"[""gitops-rollback repository"", ""the gitops-rollback repository"", ""Rollback manifests are maintained in the gitops-rollback repository.""]"
tech_08,rag,1,15,Which team do critical alerts escalate to?,F6,I don't know,"[""Orion infrastructure team"", ""the Orion infrastructure team"", ""Critical alerts escalate to the Orion infrastructure team.""]"
tech_08,rag,1,20,Which region hosts the primary Kubernetes cluster?,F1,Europe,"[""europe-west1"", ""the europe-west1 region"", ""The primary Kubernetes cluster is hosted in europe-west1.""]"
tech_08,rag,1,25,What is the active RabbitMQ version?,F7,I don't know,"[""RabbitMQ 3.11"", ""version 3.11"", ""The active RabbitMQ version is 3.11.""]"
tech_08,rag,2,5,Which deployment does the migration begin with?,F5,The migration begins with the ingest-service deployment.,"[""ingest-service deployment"", ""the ingest-service deployment"", ""The migration begins with the ingest-service deployment.""]"
tech_08,rag,2,10,Where are rollback manifests maintained?,F2,Rollback manifests are maintained in the rollback repository.,"[""gitops-rollback repository"", ""the gitops-rollback repository"", ""Rollback manifests are maintained in the gitops-rollback repository.""]"
tech_08,rag,2,15,Which team do critical alerts escalate to?,F6,Escalation team,"[""Orion infrastructure team"", ""the Orion infrastructure team"", ""Critical alerts escalate to the Orion infrastructure team.""]"
tech_08,rag,2,20,Which region hosts the primary Kubernetes cluster?,F1,European region hosts the primary Kubernetes cluster.,"[""europe-west1"", ""the europe-west1 region"", ""The primary Kubernetes cluster is hosted in europe-west1.""]"
tech_08,rag,2,25,What is the active RabbitMQ version?,F7,I don't know,"[""RabbitMQ 3.11"", ""version 3.11"", ""The active RabbitMQ version is 3.11.""]"
tech_08,rag,3,5,Which deployment does the migration begin with?,F5,Migration begins with the ingest-service deployment.,"[""ingest-service deployment"", ""the ingest-service deployment"", ""The migration begins with the ingest-service deployment.""]"
tech_08,rag,3,10,Where are rollback manifests maintained?,F2,Rollback manifests are maintained in the rollback repository.,"[""gitops-rollback repository"", ""the gitops-rollback repository"", ""Rollback manifests are maintained in the gitops-rollback repository.""]"
tech_08,rag,3,15,Which team do critical alerts escalate to?,F6,Escalate critical alerts immediately to the escalation team.,"[""Orion infrastructure team"", ""the Orion infrastructure team"", ""Critical alerts escalate to the Orion infrastructure team.""]"
tech_08,rag,3,20,Which region hosts the primary Kubernetes cluster?,F1,I don't know,"[""europe-west1"", ""the europe-west1 region"", ""The primary Kubernetes cluster is hosted in europe-west1.""]"
tech_08,rag,3,25,What is the active RabbitMQ version?,F7,I don't know,"[""RabbitMQ 3.11"", ""version 3.11"", ""The active RabbitMQ version is 3.11.""]"
tech_08,rag,4,5,Which deployment does the migration begin with?,F5,Migration begins with the ingest-service deployment.,"[""ingest-service deployment"", ""the ingest-service deployment"", ""The migration begins with the ingest-service deployment.""]"
tech_08,rag,4,10,Where are rollback manifests maintained?,F2,Rollback manifests are maintained in the rollback repository during the migration support process.,"[""gitops-rollback repository"", ""the gitops-rollback repository"", ""Rollback manifests are maintained in the gitops-rollback repository.""]"
tech_08,rag,4,15,Which team do critical alerts escalate to?,F6,I don't know,"[""Orion infrastructure team"", ""the Orion infrastructure team"", ""Critical alerts escalate to the Orion infrastructure team.""]"
tech_08,rag,4,20,Which region hosts the primary Kubernetes cluster?,F1,I don't know,"[""europe-west1"", ""the europe-west1 region"", ""The primary Kubernetes cluster is hosted in europe-west1.""]"
tech_08,rag,4,25,What is the active RabbitMQ version?,F7,I don't know,"[""RabbitMQ 3.11"", ""version 3.11"", ""The active RabbitMQ version is 3.11.""]"
tech_08,rolling_summary,0,5,Which deployment does the migration begin with?,F5,The migration begins with less critical services.,"[""ingest-service deployment"", ""the ingest-service deployment"", ""The migration begins with the ingest-service deployment.""]"
tech_08,rolling_summary,0,10,Where are rollback manifests maintained?,F2,Rollback manifests are maintained in the rollback repository during the migration support process.,"[""gitops-rollback repository"", ""the gitops-rollback repository"", ""Rollback manifests are maintained in the gitops-rollback repository.""]"
tech_08,rolling_summary,0,15,Which team do critical alerts escalate to?,F6,Critical alerts escalate to the retained escalation team during migration.,"[""Orion infrastructure team"", ""the Orion infrastructure team"", ""Critical alerts escalate to the Orion infrastructure team.""]"
tech_08,rolling_summary,0,20,Which region hosts the primary Kubernetes cluster?,F1,"The cluster region is retained during migration, but the specific region is not mentioned in the conversation history.","[""europe-west1"", ""the europe-west1 region"", ""The primary Kubernetes cluster is hosted in europe-west1.""]"
tech_08,rolling_summary,0,25,What is the active RabbitMQ version?,F7,I don't know,"[""RabbitMQ 3.11"", ""version 3.11"", ""The active RabbitMQ version is 3.11.""]"
tech_08,rolling_summary,1,5,Which deployment does the migration begin with?,F5,Migration begins with the ingest-service deployment.,"[""ingest-service deployment"", ""the ingest-service deployment"", ""The migration begins with the ingest-service deployment.""]"
tech_08,rolling_summary,1,10,Where are rollback manifests maintained?,F2,Rollback manifests are maintained in the rollback repository during migration support process.,"[""gitops-rollback repository"", ""the gitops-rollback repository"", ""Rollback manifests are maintained in the gitops-rollback repository.""]"
tech_08,rolling_summary,1,15,Which team do critical alerts escalate to?,F6,Critical alerts escalate to the escalation team retained during the migration support process.,"[""Orion infrastructure team"", ""the Orion infrastructure team"", ""Critical alerts escalate to the Orion infrastructure team.""]"
tech_08,rolling_summary,1,20,Which region hosts the primary Kubernetes cluster?,F1,I don't know,"[""europe-west1"", ""the europe-west1 region"", ""The primary Kubernetes cluster is hosted in europe-west1.""]"
tech_08,rolling_summary,1,25,What is the active RabbitMQ version?,F7,RabbitMQ version is retained from pre-migration; exact version number not specified.,"[""RabbitMQ 3.11"", ""version 3.11"", ""The active RabbitMQ version is 3.11.""]"
tech_08,rolling_summary,2,5,Which deployment does the migration begin with?,F5,The migration begins with non-critical components to validate processes.,"[""ingest-service deployment"", ""the ingest-service deployment"", ""The migration begins with the ingest-service deployment.""]"
tech_08,rolling_summary,2,10,Where are rollback manifests maintained?,F2,Rollback manifests are maintained in the rollback repository.,"[""gitops-rollback repository"", ""the gitops-rollback repository"", ""Rollback manifests are maintained in the gitops-rollback repository.""]"
tech_08,rolling_summary,2,15,Which team do critical alerts escalate to?,F6,Critical alerts escalate to the escalation team retained during the migration support process.,"[""Orion infrastructure team"", ""the Orion infrastructure team"", ""Critical alerts escalate to the Orion infrastructure team.""]"
tech_08,rolling_summary,2,20,Which region hosts the primary Kubernetes cluster?,F1,I don't know,"[""europe-west1"", ""the europe-west1 region"", ""The primary Kubernetes cluster is hosted in europe-west1.""]"
tech_08,rolling_summary,2,25,What is the active RabbitMQ version?,F7,I don't know,"[""RabbitMQ 3.11"", ""version 3.11"", ""The active RabbitMQ version is 3.11.""]"
tech_08,rolling_summary,3,5,Which deployment does the migration begin with?,F5,The migration begins with the ingest-service deployment.,"[""ingest-service deployment"", ""the ingest-service deployment"", ""The migration begins with the ingest-service deployment.""]"
tech_08,rolling_summary,3,10,Where are rollback manifests maintained?,F2,Rollback manifests are maintained in the rollback repository during the migration support process.,"[""gitops-rollback repository"", ""the gitops-rollback repository"", ""Rollback manifests are maintained in the gitops-rollback repository.""]"
tech_08,rolling_summary,3,15,Which team do critical alerts escalate to?,F6,Critical alerts escalate to the escalation team.,"[""Orion infrastructure team"", ""the Orion infrastructure team"", ""Critical alerts escalate to the Orion infrastructure team.""]"
tech_08,rolling_summary,3,20,Which region hosts the primary Kubernetes cluster?,F1,I don't know,"[""europe-west1"", ""the europe-west1 region"", ""The primary Kubernetes cluster is hosted in europe-west1.""]"
tech_08,rolling_summary,3,25,What is the active RabbitMQ version?,F7,I don't know,"[""RabbitMQ 3.11"", ""version 3.11"", ""The active RabbitMQ version is 3.11.""]"
tech_08,rolling_summary,4,5,Which deployment does the migration begin with?,F5,Migration begins with non-critical workloads deployment in a phased approach.,"[""ingest-service deployment"", ""the ingest-service deployment"", ""The migration begins with the ingest-service deployment.""]"
tech_08,rolling_summary,4,10,Where are rollback manifests maintained?,F2,Rollback manifests are maintained in the rollback repository retained during migration support.,"[""gitops-rollback repository"", ""the gitops-rollback repository"", ""Rollback manifests are maintained in the gitops-rollback repository.""]"
tech_08,rolling_summary,4,15,Which team do critical alerts escalate to?,F6,Critical alerts escalate to the escalation team retained during migration support.,"[""Orion infrastructure team"", ""the Orion infrastructure team"", ""Critical alerts escalate to the Orion infrastructure team.""]"
tech_08,rolling_summary,4,20,Which region hosts the primary Kubernetes cluster?,F1,I don't know,"[""europe-west1"", ""the europe-west1 region"", ""The primary Kubernetes cluster is hosted in europe-west1.""]"
tech_08,rolling_summary,4,25,What is the active RabbitMQ version?,F7,The active RabbitMQ version is retained during migration support; exact version number is not specified.,"[""RabbitMQ 3.11"", ""version 3.11"", ""The active RabbitMQ version is 3.11.""]"
tech_09,baseline,0,5,What are the recovery email and backup phone?,F1,I don't know,"[""recov1@x.com"", ""+92-300-1234567"", ""Recovery email is recov1@x.com and backup phone is +92-300-1234567""]"
tech_09,baseline,0,10,What does password reset require for MFA?,F2,Password reset requires verified recovery channel access and identity verification when MFA cannot be bypassed directly.,"[""authenticator app"", ""SMS verification"", ""Password reset requires MFA via authenticator app or SMS verification""]"
tech_09,baseline,0,15,What is the cooldown after failed recovery attempts?,F3,I don't know,"[""24-hour cooldown"", ""temporary lock on recovery attempts"", ""There is a 24-hour cooldown after failed recovery attempts""]"
tech_09,baseline,0,20,What device and location was the last login from?,F4,I don't know,"[""Windows 10 Chrome"", ""Gujranwala"", ""Last login was from Windows 10 Chrome in Gujranwala""]"
tech_09,baseline,0,25,What authentication app is enabled on the linked iPhone device?,F5,I don't know,"[""Google Authenticator"", ""iPhone device"", ""Google Authenticator is enabled on a linked iPhone device""]"
tech_09,baseline,1,5,What are the recovery email and backup phone?,F1,I don't know,"[""recov1@x.com"", ""+92-300-1234567"", ""Recovery email is recov1@x.com and backup phone is +92-300-1234567""]"
tech_09,baseline,1,10,What does password reset require for MFA?,F2,Password reset requires identity verification and access to recovery options since MFA cannot be bypassed directly.,"[""authenticator app"", ""SMS verification"", ""Password reset requires MFA via authenticator app or SMS verification""]"
tech_09,baseline,1,15,What is the cooldown after failed recovery attempts?,F3,The exact cooldown period after failed recovery attempts is not specified in the conversation history.,"[""24-hour cooldown"", ""temporary lock on recovery attempts"", ""There is a 24-hour cooldown after failed recovery attempts""]"
tech_09,baseline,1,20,What device and location was the last login from?,F4,I don't know,"[""Windows 10 Chrome"", ""Gujranwala"", ""Last login was from Windows 10 Chrome in Gujranwala""]"
tech_09,baseline,1,25,What authentication app is enabled on the linked iPhone device?,F5,I don't know,"[""Google Authenticator"", ""iPhone device"", ""Google Authenticator is enabled on a linked iPhone device""]"
tech_09,baseline,2,5,What are the recovery email and backup phone?,F1,I don't know,"[""recov1@x.com"", ""+92-300-1234567"", ""Recovery email is recov1@x.com and backup phone is +92-300-1234567""]"
tech_09,baseline,2,10,What does password reset require for MFA?,F2,"Password reset requires identity verification through recovery email, backup phone, or customer support to reset MFA.","[""authenticator app"", ""SMS verification"", ""Password reset requires MFA via authenticator app or SMS verification""]"
tech_09,baseline,2,15,What is the cooldown after failed recovery attempts?,F3,The conversation does not specify the exact duration of the cooldown after failed recovery attempts.,"[""24-hour cooldown"", ""temporary lock on recovery attempts"", ""There is a 24-hour cooldown after failed recovery attempts""]"
tech_09,baseline,2,20,What device and location was the last login from?,F4,I don't know,"[""Windows 10 Chrome"", ""Gujranwala"", ""Last login was from Windows 10 Chrome in Gujranwala""]"
tech_09,baseline,2,25,What authentication app is enabled on the linked iPhone device?,F5,I don't know,"[""Google Authenticator"", ""iPhone device"", ""Google Authenticator is enabled on a linked iPhone device""]"
tech_09,baseline,3,5,What are the recovery email and backup phone?,F1,I don't know,"[""recov1@x.com"", ""+92-300-1234567"", ""Recovery email is recov1@x.com and backup phone is +92-300-1234567""]"
tech_09,baseline,3,10,What does password reset require for MFA?,F2,"Password reset requires verifying identity through backup codes, recovery email, or phone since MFA can't be bypassed directly.","[""authenticator app"", ""SMS verification"", ""Password reset requires MFA via authenticator app or SMS verification""]"
tech_09,baseline,3,15,What is the cooldown after failed recovery attempts?,F3,The exact cooldown duration is not specified; you must wait before retrying SMS verification after failed attempts.,"[""24-hour cooldown"", ""temporary lock on recovery attempts"", ""There is a 24-hour cooldown after failed recovery attempts""]"
tech_09,baseline,3,20,What device and location was the last login from?,F4,I don't know,"[""Windows 10 Chrome"", ""Gujranwala"", ""Last login was from Windows 10 Chrome in Gujranwala""]"
tech_09,baseline,3,25,What authentication app is enabled on the linked iPhone device?,F5,I don't know,"[""Google Authenticator"", ""iPhone device"", ""Google Authenticator is enabled on a linked iPhone device""]"
tech_09,baseline,4,5,What are the recovery email and backup phone?,F1,I don't know,"[""recov1@x.com"", ""+92-300-1234567"", ""Recovery email is recov1@x.com and backup phone is +92-300-1234567""]"
tech_09,baseline,4,10,What does password reset require for MFA?,F2,"Password reset with MFA requires access to recovery email, backup phone, or backup recovery codes for verification.","[""authenticator app"", ""SMS verification"", ""Password reset requires MFA via authenticator app or SMS verification""]"
tech_09,baseline,4,15,What is the cooldown after failed recovery attempts?,F3,The conversation mentions waiting for an SMS retry cooldown but does not specify the exact duration.,"[""24-hour cooldown"", ""temporary lock on recovery attempts"", ""There is a 24-hour cooldown after failed recovery attempts""]"
tech_09,baseline,4,20,What device and location was the last login from?,F4,I don't know,"[""Windows 10 Chrome"", ""Gujranwala"", ""Last login was from Windows 10 Chrome in Gujranwala""]"
tech_09,baseline,4,25,What authentication app is enabled on the linked iPhone device?,F5,I don't know,"[""Google Authenticator"", ""iPhone device"", ""Google Authenticator is enabled on a linked iPhone device""]"
tech_09,rolling_summary,0,5,What are the recovery email and backup phone?,F1,The recovery email and backup phone are verified channels used to receive codes for account recovery and MFA reset.,"[""recov1@x.com"", ""+92-300-1234567"", ""Recovery email is recov1@x.com and backup phone is +92-300-1234567""]"
tech_09,rolling_summary,0,10,What does password reset require for MFA?,F2,Password reset requires identity verification via recovery email or backup phone to reset or disable MFA.,"[""authenticator app"", ""SMS verification"", ""Password reset requires MFA via authenticator app or SMS verification""]"
tech_09,rolling_summary,0,15,What is the cooldown after failed recovery attempts?,F3,"I don't know the exact cooldown duration, only that a cooldown period must be waited out before retrying.","[""24-hour cooldown"", ""temporary lock on recovery attempts"", ""There is a 24-hour cooldown after failed recovery attempts""]"
tech_09,rolling_summary,0,20,What device and location was the last login from?,F4,I don't know,"[""Windows 10 Chrome"", ""Gujranwala"", ""Last login was from Windows 10 Chrome in Gujranwala""]"
tech_09,rolling_summary,0,25,What authentication app is enabled on the linked iPhone device?,F5,I don't know,"[""Google Authenticator"", ""iPhone device"", ""Google Authenticator is enabled on a linked iPhone device""]"
tech_09,rolling_summary,1,5,What are the recovery email and backup phone?,F1,I don't know,"[""recov1@x.com"", ""+92-300-1234567"", ""Recovery email is recov1@x.com and backup phone is +92-300-1234567""]"
tech_09,rolling_summary,1,10,What does password reset require for MFA?,F2,"Password reset for MFA requires identity verification using recovery email, backup phone, or backup codes.","[""authenticator app"", ""SMS verification"", ""Password reset requires MFA via authenticator app or SMS verification""]"
tech_09,rolling_summary,1,15,What is the cooldown after failed recovery attempts?,F3,The cooldown period length after failed recovery attempts is not specified in the conversation history.,"[""24-hour cooldown"", ""temporary lock on recovery attempts"", ""There is a 24-hour cooldown after failed recovery attempts""]"
tech_09,rolling_summary,1,20,What device and location was the last login from?,F4,I don't know,"[""Windows 10 Chrome"", ""Gujranwala"", ""Last login was from Windows 10 Chrome in Gujranwala""]"
tech_09,rolling_summary,1,25,What authentication app is enabled on the linked iPhone device?,F5,I don't know,"[""Google Authenticator"", ""iPhone device"", ""Google Authenticator is enabled on a linked iPhone device""]"
tech_09,rolling_summary,2,5,What are the recovery email and backup phone?,F1,I don't know,"[""recov1@x.com"", ""+92-300-1234567"", ""Recovery email is recov1@x.com and backup phone is +92-300-1234567""]"
tech_09,rolling_summary,2,10,What does password reset require for MFA?,F2,"Password reset requires access to MFA via backup codes, recovery email, or phone number verification.","[""authenticator app"", ""SMS verification"", ""Password reset requires MFA via authenticator app or SMS verification""]"
tech_09,rolling_summary,2,15,What is the cooldown after failed recovery attempts?,F3,The cooldown period length is not specified; wait before retrying SMS verification or try alternate recovery methods.,"[""24-hour cooldown"", ""temporary lock on recovery attempts"", ""There is a 24-hour cooldown after failed recovery attempts""]"
tech_09,rolling_summary,2,20,What device and location was the last login from?,F4,I don't know,"[""Windows 10 Chrome"", ""Gujranwala"", ""Last login was from Windows 10 Chrome in Gujranwala""]"
tech_09,rolling_summary,2,25,What authentication app is enabled on the linked iPhone device?,F5,I don't know,"[""Google Authenticator"", ""iPhone device"", ""Google Authenticator is enabled on a linked iPhone device""]"
tech_09,rolling_summary,3,5,What are the recovery email and backup phone?,F1,The recovery email and backup phone are alternate verification methods linked to the user's account.,"[""recov1@x.com"", ""+92-300-1234567"", ""Recovery email is recov1@x.com and backup phone is +92-300-1234567""]"
tech_09,rolling_summary,3,10,What does password reset require for MFA?,F2,"Password reset for MFA requires using recovery email, backup phone, backup codes, or customer support verification.","[""authenticator app"", ""SMS verification"", ""Password reset requires MFA via authenticator app or SMS verification""]"
tech_09,rolling_summary,3,15,What is the cooldown after failed recovery attempts?,F3,The cooldown after failed recovery attempts is a waiting period before retrying recovery methods.,"[""24-hour cooldown"", ""temporary lock on recovery attempts"", ""There is a 24-hour cooldown after failed recovery attempts""]"
tech_09,rolling_summary,3,20,What device and location was the last login from?,F4,I don't know,"[""Windows 10 Chrome"", ""Gujranwala"", ""Last login was from Windows 10 Chrome in Gujranwala""]"
tech_09,rolling_summary,3,25,What authentication app is enabled on the linked iPhone device?,F5,I don't know,"[""Google Authenticator"", ""iPhone device"", ""Google Authenticator is enabled on a linked iPhone device""]"
tech_09,rolling_summary,4,5,What are the recovery email and backup phone?,F1,I don't know,"[""recov1@x.com"", ""+92-300-1234567"", ""Recovery email is recov1@x.com and backup phone is +92-300-1234567""]"
tech_09,rolling_summary,4,10,What does password reset require for MFA?,F2,Password reset for MFA requires verified recovery channel and identity verification using backup codes or service support.,"[""authenticator app"", ""SMS verification"", ""Password reset requires MFA via authenticator app or SMS verification""]"
tech_09,rolling_summary,4,15,What is the cooldown after failed recovery attempts?,F3,The cooldown period is a specified wait time before retrying SMS verification after failed recovery attempts.,"[""24-hour cooldown"", ""temporary lock on recovery attempts"", ""There is a 24-hour cooldown after failed recovery attempts""]"
tech_09,rolling_summary,4,20,What device and location was the last login from?,F4,I don't know,"[""Windows 10 Chrome"", ""Gujranwala"", ""Last login was from Windows 10 Chrome in Gujranwala""]"
tech_09,rolling_summary,4,25,What authentication app is enabled on the linked iPhone device?,F5,I don't know,"[""Google Authenticator"", ""iPhone device"", ""Google Authenticator is enabled on a linked iPhone device""]"
tech_09,hierarchical,0,5,What are the recovery email and backup phone?,F1,I don't know,"[""recov1@x.com"", ""+92-300-1234567"", ""Recovery email is recov1@x.com and backup phone is +92-300-1234567""]"
tech_09,hierarchical,0,10,What does password reset require for MFA?,F2,Password reset requires MFA verification without any direct bypass options.,"[""authenticator app"", ""SMS verification"", ""Password reset requires MFA via authenticator app or SMS verification""]"
tech_09,hierarchical,0,15,What is the cooldown after failed recovery attempts?,F3,The cooldown period duration after failed recovery attempts is not specified in the conversation history.,"[""24-hour cooldown"", ""temporary lock on recovery attempts"", ""There is a 24-hour cooldown after failed recovery attempts""]"
tech_09,hierarchical,0,20,What device and location was the last login from?,F4,I don't know,"[""Windows 10 Chrome"", ""Gujranwala"", ""Last login was from Windows 10 Chrome in Gujranwala""]"
tech_09,hierarchical,0,25,What authentication app is enabled on the linked iPhone device?,F5,I don't know,"[""Google Authenticator"", ""iPhone device"", ""Google Authenticator is enabled on a linked iPhone device""]"
tech_09,hierarchical,1,5,What are the recovery email and backup phone?,F1,The recovery email and backup phone are not specified in the conversation history.,"[""recov1@x.com"", ""+92-300-1234567"", ""Recovery email is recov1@x.com and backup phone is +92-300-1234567""]"
tech_09,hierarchical,1,10,What does password reset require for MFA?,F2,"Password reset requires identity verification via backup codes, recovery email, phone number, or verified recovery channel.","[""authenticator app"", ""SMS verification"", ""Password reset requires MFA via authenticator app or SMS verification""]"
tech_09,hierarchical,1,15,What is the cooldown after failed recovery attempts?,F3,Cooldown period length is not specified; user must wait before retrying SMS verification after failed attempts.,"[""24-hour cooldown"", ""temporary lock on recovery attempts"", ""There is a 24-hour cooldown after failed recovery attempts""]"
tech_09,hierarchical,1,20,What device and location was the last login from?,F4,I don't know,"[""Windows 10 Chrome"", ""Gujranwala"", ""Last login was from Windows 10 Chrome in Gujranwala""]"
tech_09,hierarchical,1,25,What authentication app is enabled on the linked iPhone device?,F5,I don't know,"[""Google Authenticator"", ""iPhone device"", ""Google Authenticator is enabled on a linked iPhone device""]"
tech_09,hierarchical,2,5,What are the recovery email and backup phone?,F1,The recovery email and backup phone details were not provided in the conversation history.,"[""recov1@x.com"", ""+92-300-1234567"", ""Recovery email is recov1@x.com and backup phone is +92-300-1234567""]"
tech_09,hierarchical,2,10,What does password reset require for MFA?,F2,"Identity verification through alternate methods, backup codes, or contacting support is required for MFA password reset.","[""authenticator app"", ""SMS verification"", ""Password reset requires MFA via authenticator app or SMS verification""]"
tech_09,hierarchical,2,15,What is the cooldown after failed recovery attempts?,F3,The exact cooldown period length after failed recovery attempts is not specified in the conversation history.,"[""24-hour cooldown"", ""temporary lock on recovery attempts"", ""There is a 24-hour cooldown after failed recovery attempts""]"
tech_09,hierarchical,2,20,What device and location was the last login from?,F4,I don't know,"[""Windows 10 Chrome"", ""Gujranwala"", ""Last login was from Windows 10 Chrome in Gujranwala""]"
tech_09,hierarchical,2,25,What authentication app is enabled on the linked iPhone device?,F5,I don't know,"[""Google Authenticator"", ""iPhone device"", ""Google Authenticator is enabled on a linked iPhone device""]"
tech_09,hierarchical,3,5,What are the recovery email and backup phone?,F1,I don't know,"[""recov1@x.com"", ""+92-300-1234567"", ""Recovery email is recov1@x.com and backup phone is +92-300-1234567""]"
tech_09,hierarchical,3,10,What does password reset require for MFA?,F2,"Password reset requires multi-factor authentication verification via recovery email, backup phone number, or other alternate methods.","[""authenticator app"", ""SMS verification"", ""Password reset requires MFA via authenticator app or SMS verification""]"
tech_09,hierarchical,3,15,What is the cooldown after failed recovery attempts?,F3,The conversation did not specify the exact cooldown duration after failed recovery attempts.,"[""24-hour cooldown"", ""temporary lock on recovery attempts"", ""There is a 24-hour cooldown after failed recovery attempts""]"
tech_09,hierarchical,3,20,What device and location was the last login from?,F4,I don't know,"[""Windows 10 Chrome"", ""Gujranwala"", ""Last login was from Windows 10 Chrome in Gujranwala""]"
tech_09,hierarchical,3,25,What authentication app is enabled on the linked iPhone device?,F5,I don't know,"[""Google Authenticator"", ""iPhone device"", ""Google Authenticator is enabled on a linked iPhone device""]"
tech_09,hierarchical,4,5,What are the recovery email and backup phone?,F1,I don't know,"[""recov1@x.com"", ""+92-300-1234567"", ""Recovery email is recov1@x.com and backup phone is +92-300-1234567""]"
tech_09,hierarchical,4,10,What does password reset require for MFA?,F2,Password reset with MFA requires identity verification and disabling or resetting MFA after confirmation.,"[""authenticator app"", ""SMS verification"", ""Password reset requires MFA via authenticator app or SMS verification""]"
tech_09,hierarchical,4,15,What is the cooldown after failed recovery attempts?,F3,The exact cooldown period after failed recovery attempts was not specified in the conversation.,"[""24-hour cooldown"", ""temporary lock on recovery attempts"", ""There is a 24-hour cooldown after failed recovery attempts""]"
tech_09,hierarchical,4,20,What device and location was the last login from?,F4,I don't know,"[""Windows 10 Chrome"", ""Gujranwala"", ""Last login was from Windows 10 Chrome in Gujranwala""]"
tech_09,hierarchical,4,25,What authentication app is enabled on the linked iPhone device?,F5,I don't know,"[""Google Authenticator"", ""iPhone device"", ""Google Authenticator is enabled on a linked iPhone device""]"
tech_09,rag,0,5,What are the recovery email and backup phone?,F1,I don't know,"[""recov1@x.com"", ""+92-300-1234567"", ""Recovery email is recov1@x.com and backup phone is +92-300-1234567""]"
tech_09,rag,0,10,What does password reset require for MFA?,F2,Password reset for MFA requires backup codes or verification via recovery email or backup phone number.,"[""authenticator app"", ""SMS verification"", ""Password reset requires MFA via authenticator app or SMS verification""]"
tech_09,rag,0,15,What is the cooldown after failed recovery attempts?,F3,I don't know,"[""24-hour cooldown"", ""temporary lock on recovery attempts"", ""There is a 24-hour cooldown after failed recovery attempts""]"
tech_09,rag,0,20,What device and location was the last login from?,F4,I don't know,"[""Windows 10 Chrome"", ""Gujranwala"", ""Last login was from Windows 10 Chrome in Gujranwala""]"
tech_09,rag,0,25,What authentication app is enabled on the linked iPhone device?,F5,I don't know,"[""Google Authenticator"", ""iPhone device"", ""Google Authenticator is enabled on a linked iPhone device""]"
tech_09,rag,1,5,What are the recovery email and backup phone?,F1,I don't know,"[""recov1@x.com"", ""+92-300-1234567"", ""Recovery email is recov1@x.com and backup phone is +92-300-1234567""]"
tech_09,rag,1,10,What does password reset require for MFA?,F2,"Password reset requires verification via recovery email, backup phone number, or backup codes due to MFA.","[""authenticator app"", ""SMS verification"", ""Password reset requires MFA via authenticator app or SMS verification""]"
tech_09,rag,1,15,What is the cooldown after failed recovery attempts?,F3,The cooldown period is required but its length is not specified in the conversation history.,"[""24-hour cooldown"", ""temporary lock on recovery attempts"", ""There is a 24-hour cooldown after failed recovery attempts""]"
tech_09,rag,1,20,What device and location was the last login from?,F4,I don't know,"[""Windows 10 Chrome"", ""Gujranwala"", ""Last login was from Windows 10 Chrome in Gujranwala""]"
tech_09,rag,1,25,What authentication app is enabled on the linked iPhone device?,F5,I don't know,"[""Google Authenticator"", ""iPhone device"", ""Google Authenticator is enabled on a linked iPhone device""]"
tech_09,rag,2,5,What are the recovery email and backup phone?,F1,I don't know,"[""recov1@x.com"", ""+92-300-1234567"", ""Recovery email is recov1@x.com and backup phone is +92-300-1234567""]"
tech_09,rag,2,10,What does password reset require for MFA?,F2,"Password reset requires verification through MFA methods like recovery email, SMS, or backup codes.","[""authenticator app"", ""SMS verification"", ""Password reset requires MFA via authenticator app or SMS verification""]"
tech_09,rag,2,15,What is the cooldown after failed recovery attempts?,F3,I don't know the exact cooldown duration after failed recovery attempts from the conversation history.,"[""24-hour cooldown"", ""temporary lock on recovery attempts"", ""There is a 24-hour cooldown after failed recovery attempts""]"
tech_09,rag,2,20,What device and location was the last login from?,F4,I don't know,"[""Windows 10 Chrome"", ""Gujranwala"", ""Last login was from Windows 10 Chrome in Gujranwala""]"
tech_09,rag,2,25,What authentication app is enabled on the linked iPhone device?,F5,I don't know,"[""Google Authenticator"", ""iPhone device"", ""Google Authenticator is enabled on a linked iPhone device""]"
tech_09,rag,3,5,What are the recovery email and backup phone?,F1,I don't know,"[""recov1@x.com"", ""+92-300-1234567"", ""Recovery email is recov1@x.com and backup phone is +92-300-1234567""]"
tech_09,rag,3,10,What does password reset require for MFA?,F2,Password reset requires identity confirmation before support disables MFA temporarily or resets account access.,"[""authenticator app"", ""SMS verification"", ""Password reset requires MFA via authenticator app or SMS verification""]"
tech_09,rag,3,15,What is the cooldown after failed recovery attempts?,F3,"The cooldown period is unspecified, but you must wait before retrying recovery attempts.","[""24-hour cooldown"", ""temporary lock on recovery attempts"", ""There is a 24-hour cooldown after failed recovery attempts""]"
tech_09,rag,3,20,What device and location was the last login from?,F4,I don't know,"[""Windows 10 Chrome"", ""Gujranwala"", ""Last login was from Windows 10 Chrome in Gujranwala""]"
tech_09,rag,3,25,What authentication app is enabled on the linked iPhone device?,F5,I don't know,"[""Google Authenticator"", ""iPhone device"", ""Google Authenticator is enabled on a linked iPhone device""]"
tech_09,rag,4,5,What are the recovery email and backup phone?,F1,I don't know,"[""recov1@x.com"", ""+92-300-1234567"", ""Recovery email is recov1@x.com and backup phone is +92-300-1234567""]"
tech_09,rag,4,10,What does password reset require for MFA?,F2,"Password reset with MFA requires identity verification through recovery email, backup codes, or approved recovery channels.","[""authenticator app"", ""SMS verification"", ""Password reset requires MFA via authenticator app or SMS verification""]"
tech_09,rag,4,15,What is the cooldown after failed recovery attempts?,F3,The cooldown period length is not specified in the conversation history.,"[""24-hour cooldown"", ""temporary lock on recovery attempts"", ""There is a 24-hour cooldown after failed recovery attempts""]"
tech_09,rag,4,20,What device and location was the last login from?,F4,I don't know,"[""Windows 10 Chrome"", ""Gujranwala"", ""Last login was from Windows 10 Chrome in Gujranwala""]"
tech_09,rag,4,25,What authentication app is enabled on the linked iPhone device?,F5,I don't know,"[""Google Authenticator"", ""iPhone device"", ""Google Authenticator is enabled on a linked iPhone device""]"
tech_10,baseline,0,5,What are the recovery email and backup phone?,F1,I don't know,"[""admin.recover@cloudmail.com"", ""+92-333-5558899"", ""Recovery email is admin.recover@cloudmail.com and backup phone is +92-333-5558899""]"
tech_10,baseline,0,10,What MFA methods are required for login resets?,F2,"Backup MFA methods, hardware token, recovery email, or backup phone are required for login resets.","[""hardware token"", ""authenticator app"", ""Account requires MFA via hardware token or authenticator app for login resets""]"
tech_10,baseline,0,15,What does the security policy enforce after 5 failed login attempts?,F3,Temporary account access restriction (security lock) is enforced after repeated failed login attempts.,"[""30-minute lock"", ""temporary access restriction"", ""Security policy enforces 30-minute lock after 5 failed login attempts""]"
tech_10,baseline,0,20,What device and location was the last login recorded from?,F4,I don't know,"[""macOS Safari"", ""Lahore office network"", ""Last login occurred from macOS Safari in Lahore office network""]"
tech_10,baseline,0,25,What is the primary MFA method registered for this account?,F5,Hardware token is the primary MFA method registered for this account.,"[""hardware security key"", ""primary MFA method"", ""Hardware security key is registered for this account as primary MFA method""]"
tech_10,baseline,1,5,What are the recovery email and backup phone?,F1,I don't know,"[""admin.recover@cloudmail.com"", ""+92-333-5558899"", ""Recovery email is admin.recover@cloudmail.com and backup phone is +92-333-5558899""]"
tech_10,baseline,1,10,What MFA methods are required for login resets?,F2,"Recovery codes, registered recovery email, backup phone, or admin approval are required for MFA login resets.","[""hardware token"", ""authenticator app"", ""Account requires MFA via hardware token or authenticator app for login resets""]"
tech_10,baseline,1,15,What does the security policy enforce after 5 failed login attempts?,F3,It enforces a temporary access restriction (security lock) after repeated failed login attempts.,"[""30-minute lock"", ""temporary access restriction"", ""Security policy enforces 30-minute lock after 5 failed login attempts""]"
tech_10,baseline,1,20,What device and location was the last login recorded from?,F4,I don't know,"[""macOS Safari"", ""Lahore office network"", ""Last login occurred from macOS Safari in Lahore office network""]"
tech_10,baseline,1,25,What is the primary MFA method registered for this account?,F5,"Recovery codes, registered email, backup phone, or hardware token are primary MFA methods mentioned.","[""hardware security key"", ""primary MFA method"", ""Hardware security key is registered for this account as primary MFA method""]"
tech_10,baseline,2,5,What are the recovery email and backup phone?,F1,I don't know,"[""admin.recover@cloudmail.com"", ""+92-333-5558899"", ""Recovery email is admin.recover@cloudmail.com and backup phone is +92-333-5558899""]"
tech_10,baseline,2,10,What MFA methods are required for login resets?,F2,The conversation history does not specify which MFA methods are required for login resets.,"[""hardware token"", ""authenticator app"", ""Account requires MFA via hardware token or authenticator app for login resets""]"
tech_10,baseline,2,15,What does the security policy enforce after 5 failed login attempts?,F3,Security policy enforces a temporary access restriction (security lock) after repeated failed login attempts.,"[""30-minute lock"", ""temporary access restriction"", ""Security policy enforces 30-minute lock after 5 failed login attempts""]"
tech_10,baseline,2,20,What device and location was the last login recorded from?,F4,I don't know,"[""macOS Safari"", ""Lahore office network"", ""Last login occurred from macOS Safari in Lahore office network""]"
tech_10,baseline,2,25,What is the primary MFA method registered for this account?,F5,The primary MFA method involves a hardware token or an authenticator application.,"[""hardware security key"", ""primary MFA method"", ""Hardware security key is registered for this account as primary MFA method""]"
tech_10,baseline,3,5,What are the recovery email and backup phone?,F1,I don't know,"[""admin.recover@cloudmail.com"", ""+92-333-5558899"", ""Recovery email is admin.recover@cloudmail.com and backup phone is +92-333-5558899""]"
tech_10,baseline,3,10,What MFA methods are required for login resets?,F2,"Backup codes, alternate email, phone number, and hardware token bypass (if IT allows) are possible MFA reset methods.","[""hardware token"", ""authenticator app"", ""Account requires MFA via hardware token or authenticator app for login resets""]"
tech_10,baseline,3,15,What does the security policy enforce after 5 failed login attempts?,F3,It enforces a temporary security lock restricting access after repeated failed login attempts.,"[""30-minute lock"", ""temporary access restriction"", ""Security policy enforces 30-minute lock after 5 failed login attempts""]"
tech_10,baseline,3,20,What device and location was the last login recorded from?,F4,I don't know,"[""macOS Safari"", ""Lahore office network"", ""Last login occurred from macOS Safari in Lahore office network""]"
tech_10,baseline,3,25,What is the primary MFA method registered for this account?,F5,Hardware token or authenticator application is the primary MFA method registered for login resets.,"[""hardware security key"", ""primary MFA method"", ""Hardware security key is registered for this account as primary MFA method""]"
tech_10,baseline,4,5,What are the recovery email and backup phone?,F1,I don't know,"[""admin.recover@cloudmail.com"", ""+92-333-5558899"", ""Recovery email is admin.recover@cloudmail.com and backup phone is +92-333-5558899""]"
tech_10,baseline,4,10,What MFA methods are required for login resets?,F2,MFA reset requires ownership proof and use of registered recovery methods like recovery email or backup phone.,"[""hardware token"", ""authenticator app"", ""Account requires MFA via hardware token or authenticator app for login resets""]"
tech_10,baseline,4,15,What does the security policy enforce after 5 failed login attempts?,F3,The security policy enforces a temporary account restriction (security lock) after repeated failed login attempts.,"[""30-minute lock"", ""temporary access restriction"", ""Security policy enforces 30-minute lock after 5 failed login attempts""]"
tech_10,baseline,4,20,What device and location was the last login recorded from?,F4,I don't know,"[""macOS Safari"", ""Lahore office network"", ""Last login occurred from macOS Safari in Lahore office network""]"
tech_10,baseline,4,25,What is the primary MFA method registered for this account?,F5,Hardware token and authenticator application are primary MFA methods registered for login resets.,"[""hardware security key"", ""primary MFA method"", ""Hardware security key is registered for this account as primary MFA method""]"
tech_10,rolling_summary,0,5,What are the recovery email and backup phone?,F1,I don't know,"[""admin.recover@cloudmail.com"", ""+92-333-5558899"", ""Recovery email is admin.recover@cloudmail.com and backup phone is +92-333-5558899""]"
tech_10,rolling_summary,0,10,What MFA methods are required for login resets?,F2,Identity proof verification and support intervention are required for MFA resets; backup recovery methods may be used.,"[""hardware token"", ""authenticator app"", ""Account requires MFA via hardware token or authenticator app for login resets""]"
tech_10,rolling_summary,0,15,What does the security policy enforce after 5 failed login attempts?,F3,The security policy enforces a temporary access restriction (security lock) after repeated failed login attempts.,"[""30-minute lock"", ""temporary access restriction"", ""Security policy enforces 30-minute lock after 5 failed login attempts""]"
tech_10,rolling_summary,0,20,What device and location was the last login recorded from?,F4,I don't know,"[""macOS Safari"", ""Lahore office network"", ""Last login occurred from macOS Safari in Lahore office network""]"
tech_10,rolling_summary,0,25,What is the primary MFA method registered for this account?,F5,The primary MFA method is not specified; only recovery email and backup phone are mentioned.,"[""hardware security key"", ""primary MFA method"", ""Hardware security key is registered for this account as primary MFA method""]"
tech_10,rolling_summary,1,5,What are the recovery email and backup phone?,F1,I don't know,"[""admin.recover@cloudmail.com"", ""+92-333-5558899"", ""Recovery email is admin.recover@cloudmail.com and backup phone is +92-333-5558899""]"
tech_10,rolling_summary,1,10,What MFA methods are required for login resets?,F2,"Backup codes, recovery email, backup phone, and support contact with identity proof are required for MFA resets.","[""hardware token"", ""authenticator app"", ""Account requires MFA via hardware token or authenticator app for login resets""]"
tech_10,rolling_summary,1,15,What does the security policy enforce after 5 failed login attempts?,F3,Temporary access restriction triggered by a security lock after repeated failed login attempts.,"[""30-minute lock"", ""temporary access restriction"", ""Security policy enforces 30-minute lock after 5 failed login attempts""]"
tech_10,rolling_summary,1,20,What device and location was the last login recorded from?,F4,I don't know,"[""macOS Safari"", ""Lahore office network"", ""Last login occurred from macOS Safari in Lahore office network""]"
tech_10,rolling_summary,1,25,What is the primary MFA method registered for this account?,F5,"Backup codes, recovery email, and backup phone are registered recovery MFA methods; primary MFA method not specified.","[""hardware security key"", ""primary MFA method"", ""Hardware security key is registered for this account as primary MFA method""]"
tech_10,rolling_summary,2,5,What are the recovery email and backup phone?,F1,I don't know,"[""admin.recover@cloudmail.com"", ""+92-333-5558899"", ""Recovery email is admin.recover@cloudmail.com and backup phone is +92-333-5558899""]"
tech_10,rolling_summary,2,10,What MFA methods are required for login resets?,F2,"Registered recovery methods like backup recovery codes, recovery email, backup phone, or admin-approved override are required.","[""hardware token"", ""authenticator app"", ""Account requires MFA via hardware token or authenticator app for login resets""]"
tech_10,rolling_summary,2,15,What does the security policy enforce after 5 failed login attempts?,F3,Temporary access restriction via security lock after 5 failed login attempts as part of the security policy.,"[""30-minute lock"", ""temporary access restriction"", ""Security policy enforces 30-minute lock after 5 failed login attempts""]"
tech_10,rolling_summary,2,20,What device and location was the last login recorded from?,F4,I don't know,"[""macOS Safari"", ""Lahore office network"", ""Last login occurred from macOS Safari in Lahore office network""]"
tech_10,rolling_summary,2,25,What is the primary MFA method registered for this account?,F5,I don't know,"[""hardware security key"", ""primary MFA method"", ""Hardware security key is registered for this account as primary MFA method""]"
tech_10,rolling_summary,3,5,What are the recovery email and backup phone?,F1,I don't know,"[""admin.recover@cloudmail.com"", ""+92-333-5558899"", ""Recovery email is admin.recover@cloudmail.com and backup phone is +92-333-5558899""]"
tech_10,rolling_summary,3,10,What MFA methods are required for login resets?,F2,Recovery codes or support disabling/reconfiguring MFA after confirming identity are required for login resets.,"[""hardware token"", ""authenticator app"", ""Account requires MFA via hardware token or authenticator app for login resets""]"
tech_10,rolling_summary,3,15,What does the security policy enforce after 5 failed login attempts?,F3,Temporary access restriction triggered by security lock after 5 failed login attempts.,"[""30-minute lock"", ""temporary access restriction"", ""Security policy enforces 30-minute lock after 5 failed login attempts""]"
tech_10,rolling_summary,3,20,What device and location was the last login recorded from?,F4,I don't know,"[""macOS Safari"", ""Lahore office network"", ""Last login occurred from macOS Safari in Lahore office network""]"
tech_10,rolling_summary,3,25,What is the primary MFA method registered for this account?,F5,I don't know,"[""hardware security key"", ""primary MFA method"", ""Hardware security key is registered for this account as primary MFA method""]"
tech_10,rolling_summary,4,5,What are the recovery email and backup phone?,F1,I don't know,"[""admin.recover@cloudmail.com"", ""+92-333-5558899"", ""Recovery email is admin.recover@cloudmail.com and backup phone is +92-333-5558899""]"
tech_10,rolling_summary,4,10,What MFA methods are required for login resets?,F2,"Backup codes, alternate verification methods, or security questions are required for MFA login resets.","[""hardware token"", ""authenticator app"", ""Account requires MFA via hardware token or authenticator app for login resets""]"
tech_10,rolling_summary,4,15,What does the security policy enforce after 5 failed login attempts?,F3,It enforces a temporary access restriction (security lock) after repeated failed MFA login attempts.,"[""30-minute lock"", ""temporary access restriction"", ""Security policy enforces 30-minute lock after 5 failed login attempts""]"
tech_10,rolling_summary,4,20,What device and location was the last login recorded from?,F4,I don't know,"[""macOS Safari"", ""Lahore office network"", ""Last login occurred from macOS Safari in Lahore office network""]"
tech_10,rolling_summary,4,25,What is the primary MFA method registered for this account?,F5,I don't know,"[""hardware security key"", ""primary MFA method"", ""Hardware security key is registered for this account as primary MFA method""]"
tech_10,hierarchical,0,5,What are the recovery email and backup phone?,F1,I don't know,"[""admin.recover@cloudmail.com"", ""+92-333-5558899"", ""Recovery email is admin.recover@cloudmail.com and backup phone is +92-333-5558899""]"
tech_10,hierarchical,0,10,What MFA methods are required for login resets?,F2,"Verification via recovery email, backup phone, backup codes, or alternative verification methods is required for login resets.","[""hardware token"", ""authenticator app"", ""Account requires MFA via hardware token or authenticator app for login resets""]"
tech_10,hierarchical,0,15,What does the security policy enforce after 5 failed login attempts?,F3,Security policy enforces temporary access restriction after multiple failed login attempts.,"[""30-minute lock"", ""temporary access restriction"", ""Security policy enforces 30-minute lock after 5 failed login attempts""]"
tech_10,hierarchical,0,20,What device and location was the last login recorded from?,F4,I don't know,"[""macOS Safari"", ""Lahore office network"", ""Last login occurred from macOS Safari in Lahore office network""]"
tech_10,hierarchical,0,25,What is the primary MFA method registered for this account?,F5,Hardware token or authenticator application is the primary MFA method registered for this account.,"[""hardware security key"", ""primary MFA method"", ""Hardware security key is registered for this account as primary MFA method""]"
tech_10,hierarchical,1,5,What are the recovery email and backup phone?,F1,I don't know,"[""admin.recover@cloudmail.com"", ""+92-333-5558899"", ""Recovery email is admin.recover@cloudmail.com and backup phone is +92-333-5558899""]"
tech_10,hierarchical,1,10,What MFA methods are required for login resets?,F2,"Backup codes, alternative apps, SMS/email verification, hardware tokens, or corporate identification are required for login resets.","[""hardware token"", ""authenticator app"", ""Account requires MFA via hardware token or authenticator app for login resets""]"
tech_10,hierarchical,1,15,What does the security policy enforce after 5 failed login attempts?,F3,Security policy enforces a temporary access restriction or lock after repeated failed login attempts.,"[""30-minute lock"", ""temporary access restriction"", ""Security policy enforces 30-minute lock after 5 failed login attempts""]"
tech_10,hierarchical,1,20,What device and location was the last login recorded from?,F4,I don't know,"[""macOS Safari"", ""Lahore office network"", ""Last login occurred from macOS Safari in Lahore office network""]"
tech_10,hierarchical,1,25,What is the primary MFA method registered for this account?,F5,"Primary MFA methods are hardware tokens, alternative apps, SMS/email verification, or corporate identification; no single primary method specified.","[""hardware security key"", ""primary MFA method"", ""Hardware security key is registered for this account as primary MFA method""]"
tech_10,hierarchical,2,5,What are the recovery email and backup phone?,F1,I don't know,"[""admin.recover@cloudmail.com"", ""+92-333-5558899"", ""Recovery email is admin.recover@cloudmail.com and backup phone is +92-333-5558899""]"
tech_10,hierarchical,2,10,What MFA methods are required for login resets?,F2,"Verification with employee ID, official email, authorized manager contact, backup codes, secondary email, or phone number is required.","[""hardware token"", ""authenticator app"", ""Account requires MFA via hardware token or authenticator app for login resets""]"
tech_10,hierarchical,2,15,What does the security policy enforce after 5 failed login attempts?,F3,Security policy enforces temporary access restriction after repeated failed login attempts.,"[""30-minute lock"", ""temporary access restriction"", ""Security policy enforces 30-minute lock after 5 failed login attempts""]"
tech_10,hierarchical,2,20,What device and location was the last login recorded from?,F4,I don't know,"[""macOS Safari"", ""Lahore office network"", ""Last login occurred from macOS Safari in Lahore office network""]"
tech_10,hierarchical,2,25,What is the primary MFA method registered for this account?,F5,Hardware token or authenticator application is the primary MFA method registered for this account.,"[""hardware security key"", ""primary MFA method"", ""Hardware security key is registered for this account as primary MFA method""]"
tech_10,hierarchical,3,5,What are the recovery email and backup phone?,F1,I don't know,"[""admin.recover@cloudmail.com"", ""+92-333-5558899"", ""Recovery email is admin.recover@cloudmail.com and backup phone is +92-333-5558899""]"
tech_10,hierarchical,3,10,What MFA methods are required for login resets?,F2,"Backup codes, alternate email/phone, or authenticator app on secondary device are required MFA methods for login resets.","[""hardware token"", ""authenticator app"", ""Account requires MFA via hardware token or authenticator app for login resets""]"
tech_10,hierarchical,3,15,What does the security policy enforce after 5 failed login attempts?,F3,It enforces a temporary access restriction as a security lock after multiple failed login attempts.,"[""30-minute lock"", ""temporary access restriction"", ""Security policy enforces 30-minute lock after 5 failed login attempts""]"
tech_10,hierarchical,3,20,What device and location was the last login recorded from?,F4,I don't know,"[""macOS Safari"", ""Lahore office network"", ""Last login occurred from macOS Safari in Lahore office network""]"
tech_10,hierarchical,3,25,What is the primary MFA method registered for this account?,F5,"Hardware token is an MFA method but was not available; primary MFA likely backup codes, recovery email, or phone.","[""hardware security key"", ""primary MFA method"", ""Hardware security key is registered for this account as primary MFA method""]"
tech_10,hierarchical,4,5,What are the recovery email and backup phone?,F1,I don't know,"[""admin.recover@cloudmail.com"", ""+92-333-5558899"", ""Recovery email is admin.recover@cloudmail.com and backup phone is +92-333-5558899""]"
tech_10,hierarchical,4,10,What MFA methods are required for login resets?,F2,"Registered recovery methods like backup codes, secondary email/phone are required for login resets.","[""hardware token"", ""authenticator app"", ""Account requires MFA via hardware token or authenticator app for login resets""]"
tech_10,hierarchical,4,15,What does the security policy enforce after 5 failed login attempts?,F3,"It enforces a temporary account lockout after repeated failed login attempts, including after 5 attempts.","[""30-minute lock"", ""temporary access restriction"", ""Security policy enforces 30-minute lock after 5 failed login attempts""]"
tech_10,hierarchical,4,20,What device and location was the last login recorded from?,F4,I don't know,"[""macOS Safari"", ""Lahore office network"", ""Last login occurred from macOS Safari in Lahore office network""]"
tech_10,hierarchical,4,25,What is the primary MFA method registered for this account?,F5,Hardware token or authenticator application is the primary MFA method registered for this account.,"[""hardware security key"", ""primary MFA method"", ""Hardware security key is registered for this account as primary MFA method""]"
tech_10,rag,0,5,What are the recovery email and backup phone?,F1,I don't know,"[""admin.recover@cloudmail.com"", ""+92-333-5558899"", ""Recovery email is admin.recover@cloudmail.com and backup phone is +92-333-5558899""]"
tech_10,rag,0,10,What MFA methods are required for login resets?,F2,"Backup codes, recovery codes, verification via recovery email or backup phone number are required for login resets.","[""hardware token"", ""authenticator app"", ""Account requires MFA via hardware token or authenticator app for login resets""]"
tech_10,rag,0,15,What does the security policy enforce after 5 failed login attempts?,F3,Temporary account access restriction triggered after repeated failed login attempts.,"[""30-minute lock"", ""temporary access restriction"", ""Security policy enforces 30-minute lock after 5 failed login attempts""]"
tech_10,rag,0,20,What device and location was the last login recorded from?,F4,I don't know,"[""macOS Safari"", ""Lahore office network"", ""Last login occurred from macOS Safari in Lahore office network""]"
tech_10,rag,0,25,What is the primary MFA method registered for this account?,F5,I don't know,"[""hardware security key"", ""primary MFA method"", ""Hardware security key is registered for this account as primary MFA method""]"
tech_10,rag,1,5,What are the recovery email and backup phone?,F1,I don't know,"[""admin.recover@cloudmail.com"", ""+92-333-5558899"", ""Recovery email is admin.recover@cloudmail.com and backup phone is +92-333-5558899""]"
tech_10,rag,1,10,What MFA methods are required for login resets?,F2,Backup codes or verification via recovery email or phone number are required for login resets.,"[""hardware token"", ""authenticator app"", ""Account requires MFA via hardware token or authenticator app for login resets""]"
tech_10,rag,1,15,What does the security policy enforce after 5 failed login attempts?,F3,Temporary access restriction triggered by security lock after 5 failed login attempts to protect the account.,"[""30-minute lock"", ""temporary access restriction"", ""Security policy enforces 30-minute lock after 5 failed login attempts""]"
tech_10,rag,1,20,What device and location was the last login recorded from?,F4,I don't know,"[""macOS Safari"", ""Lahore office network"", ""Last login occurred from macOS Safari in Lahore office network""]"
tech_10,rag,1,25,What is the primary MFA method registered for this account?,F5,I don't know,"[""hardware security key"", ""primary MFA method"", ""Hardware security key is registered for this account as primary MFA method""]"
tech_10,rag,2,5,What are the recovery email and backup phone?,F1,I don't know,"[""admin.recover@cloudmail.com"", ""+92-333-5558899"", ""Recovery email is admin.recover@cloudmail.com and backup phone is +92-333-5558899""]"
tech_10,rag,2,10,What MFA methods are required for login resets?,F2,Recovery email and backup phone number verification are required for login resets.,"[""hardware token"", ""authenticator app"", ""Account requires MFA via hardware token or authenticator app for login resets""]"
tech_10,rag,2,15,What does the security policy enforce after 5 failed login attempts?,F3,Temporary access restriction with a security lock activating after repeated failed login attempts.,"[""30-minute lock"", ""temporary access restriction"", ""Security policy enforces 30-minute lock after 5 failed login attempts""]"
tech_10,rag,2,20,What device and location was the last login recorded from?,F4,I don't know,"[""macOS Safari"", ""Lahore office network"", ""Last login occurred from macOS Safari in Lahore office network""]"
tech_10,rag,2,25,What is the primary MFA method registered for this account?,F5,I don't know,"[""hardware security key"", ""primary MFA method"", ""Hardware security key is registered for this account as primary MFA method""]"
tech_10,rag,3,5,What are the recovery email and backup phone?,F1,I don't know,"[""admin.recover@cloudmail.com"", ""+92-333-5558899"", ""Recovery email is admin.recover@cloudmail.com and backup phone is +92-333-5558899""]"
tech_10,rag,3,10,What MFA methods are required for login resets?,F2,The conversation history does not specify which MFA methods are required for login resets.,"[""hardware token"", ""authenticator app"", ""Account requires MFA via hardware token or authenticator app for login resets""]"
tech_10,rag,3,15,What does the security policy enforce after 5 failed login attempts?,F3,Temporary access restriction via security lock after repeated failed login attempts.,"[""30-minute lock"", ""temporary access restriction"", ""Security policy enforces 30-minute lock after 5 failed login attempts""]"
tech_10,rag,3,20,What device and location was the last login recorded from?,F4,I don't know,"[""macOS Safari"", ""Lahore office network"", ""Last login occurred from macOS Safari in Lahore office network""]"
tech_10,rag,3,25,What is the primary MFA method registered for this account?,F5,I don't know,"[""hardware security key"", ""primary MFA method"", ""Hardware security key is registered for this account as primary MFA method""]"
tech_10,rag,4,5,What are the recovery email and backup phone?,F1,I don't know,"[""admin.recover@cloudmail.com"", ""+92-333-5558899"", ""Recovery email is admin.recover@cloudmail.com and backup phone is +92-333-5558899""]"
tech_10,rag,4,10,What MFA methods are required for login resets?,F2,Identity confirmation followed by MFA reset with new authentication devices or methods is required for login resets.,"[""hardware token"", ""authenticator app"", ""Account requires MFA via hardware token or authenticator app for login resets""]"
tech_10,rag,4,15,What does the security policy enforce after 5 failed login attempts?,F3,Temporary access restriction triggered by repeated failed login attempts to protect against unauthorized access.,"[""30-minute lock"", ""temporary access restriction"", ""Security policy enforces 30-minute lock after 5 failed login attempts""]"
tech_10,rag,4,20,What device and location was the last login recorded from?,F4,I don't know,"[""macOS Safari"", ""Lahore office network"", ""Last login occurred from macOS Safari in Lahore office network""]"
tech_10,rag,4,25,What is the primary MFA method registered for this account?,F5,I don't know,"[""hardware security key"", ""primary MFA method"", ""Hardware security key is registered for this account as primary MFA method""]"
