script_id,strategy,repetition,turn,question,target_fact_id,agent_response,ground_truth
travel_01,baseline,0,5,What is the reservation code ending in Q7LM?,F1,I don't know,"[""Reservation code ending in Q7LM"", ""Booking reference Q7LM"", ""The traveler booked all flights under one reservation code ending in Q7LM.""]"
travel_01,baseline,0,10,Through which company did the traveler purchase travel insurance?,F6,I don't know,"[""Allianz Global Assistance"", ""The policy was through Allianz Global Assistance"", ""The traveler purchased travel insurance through Allianz Global Assistance.""]"
travel_01,baseline,0,15,On what date did the traveler originally plan to attend a conference in Rome?,F7,I don't know,"[""September 18"", ""The conference in Rome was on September 18"", ""The traveler originally planned to attend a conference in Rome on September 18.""]"
travel_01,baseline,0,20,Through which city is the traveler considering rerouting if seats open up?,F8,The traveler is considering rerouting through Amsterdam if seats open up.,"[""Amsterdam"", ""Rerouting through Amsterdam"", ""The traveler is considering rerouting through Amsterdam if seats open up.""]"
travel_01,baseline,0,25,Which airline operated the Paris-Rome leg?,F2,Air France operated the Paris-Rome leg.,"[""Air France"", ""The Paris-Rome leg was operated by Air France"", ""The itinerary was New York to Paris to Rome with the Paris-Rome leg operated by Air France.""]"
travel_01,baseline,1,5,What is the reservation code ending in Q7LM?,F1,I don't know,"[""Reservation code ending in Q7LM"", ""Booking reference Q7LM"", ""The traveler booked all flights under one reservation code ending in Q7LM.""]"
travel_01,baseline,1,10,Through which company did the traveler purchase travel insurance?,F6,I don't know,"[""Allianz Global Assistance"", ""The policy was through Allianz Global Assistance"", ""The traveler purchased travel insurance through Allianz Global Assistance.""]"
travel_01,baseline,1,15,On what date did the traveler originally plan to attend a conference in Rome?,F7,I don't know,"[""September 18"", ""The conference in Rome was on September 18"", ""The traveler originally planned to attend a conference in Rome on September 18.""]"
travel_01,baseline,1,20,Through which city is the traveler considering rerouting if seats open up?,F8,Amsterdam,"[""Amsterdam"", ""Rerouting through Amsterdam"", ""The traveler is considering rerouting through Amsterdam if seats open up.""]"
travel_01,baseline,1,25,Which airline operated the Paris-Rome leg?,F2,Air France operated the Paris-Rome leg.,"[""Air France"", ""The Paris-Rome leg was operated by Air France"", ""The itinerary was New York to Paris to Rome with the Paris-Rome leg operated by Air France.""]"
travel_01,baseline,2,5,What is the reservation code ending in Q7LM?,F1,I don't know,"[""Reservation code ending in Q7LM"", ""Booking reference Q7LM"", ""The traveler booked all flights under one reservation code ending in Q7LM.""]"
travel_01,baseline,2,10,Through which company did the traveler purchase travel insurance?,F6,I don't know,"[""Allianz Global Assistance"", ""The policy was through Allianz Global Assistance"", ""The traveler purchased travel insurance through Allianz Global Assistance.""]"
travel_01,baseline,2,15,On what date did the traveler originally plan to attend a conference in Rome?,F7,I don't know,"[""September 18"", ""The conference in Rome was on September 18"", ""The traveler originally planned to attend a conference in Rome on September 18.""]"
travel_01,baseline,2,20,Through which city is the traveler considering rerouting if seats open up?,F8,Amsterdam,"[""Amsterdam"", ""Rerouting through Amsterdam"", ""The traveler is considering rerouting through Amsterdam if seats open up.""]"
travel_01,baseline,2,25,Which airline operated the Paris-Rome leg?,F2,Air France operated the Paris-Rome leg.,"[""Air France"", ""The Paris-Rome leg was operated by Air France"", ""The itinerary was New York to Paris to Rome with the Paris-Rome leg operated by Air France.""]"
travel_01,baseline,3,5,What is the reservation code ending in Q7LM?,F1,I don't know,"[""Reservation code ending in Q7LM"", ""Booking reference Q7LM"", ""The traveler booked all flights under one reservation code ending in Q7LM.""]"
travel_01,baseline,3,10,Through which company did the traveler purchase travel insurance?,F6,I don't know,"[""Allianz Global Assistance"", ""The policy was through Allianz Global Assistance"", ""The traveler purchased travel insurance through Allianz Global Assistance.""]"
travel_01,baseline,3,15,On what date did the traveler originally plan to attend a conference in Rome?,F7,I don't know,"[""September 18"", ""The conference in Rome was on September 18"", ""The traveler originally planned to attend a conference in Rome on September 18.""]"
travel_01,baseline,3,20,Through which city is the traveler considering rerouting if seats open up?,F8,Amsterdam,"[""Amsterdam"", ""Rerouting through Amsterdam"", ""The traveler is considering rerouting through Amsterdam if seats open up.""]"
travel_01,baseline,3,25,Which airline operated the Paris-Rome leg?,F2,Air France operated the Paris-Rome leg.,"[""Air France"", ""The Paris-Rome leg was operated by Air France"", ""The itinerary was New York to Paris to Rome with the Paris-Rome leg operated by Air France.""]"
travel_01,baseline,4,5,What is the reservation code ending in Q7LM?,F1,I don't know,"[""Reservation code ending in Q7LM"", ""Booking reference Q7LM"", ""The traveler booked all flights under one reservation code ending in Q7LM.""]"
travel_01,baseline,4,10,Through which company did the traveler purchase travel insurance?,F6,I don't know,"[""Allianz Global Assistance"", ""The policy was through Allianz Global Assistance"", ""The traveler purchased travel insurance through Allianz Global Assistance.""]"
travel_01,baseline,4,15,On what date did the traveler originally plan to attend a conference in Rome?,F7,I don't know,"[""September 18"", ""The conference in Rome was on September 18"", ""The traveler originally planned to attend a conference in Rome on September 18.""]"
travel_01,baseline,4,20,Through which city is the traveler considering rerouting if seats open up?,F8,Amsterdam,"[""Amsterdam"", ""Rerouting through Amsterdam"", ""The traveler is considering rerouting through Amsterdam if seats open up.""]"
travel_01,baseline,4,25,Which airline operated the Paris-Rome leg?,F2,Air France operated the Paris-Rome leg.,"[""Air France"", ""The Paris-Rome leg was operated by Air France"", ""The itinerary was New York to Paris to Rome with the Paris-Rome leg operated by Air France.""]"
travel_01,rolling_summary,0,5,What is the reservation code ending in Q7LM?,F1,I don't know,"[""Reservation code ending in Q7LM"", ""Booking reference Q7LM"", ""The traveler booked all flights under one reservation code ending in Q7LM.""]"
travel_01,rolling_summary,0,10,Through which company did the traveler purchase travel insurance?,F6,I don't know,"[""Allianz Global Assistance"", ""The policy was through Allianz Global Assistance"", ""The traveler purchased travel insurance through Allianz Global Assistance.""]"
travel_01,rolling_summary,0,15,On what date did the traveler originally plan to attend a conference in Rome?,F7,I don't know,"[""September 18"", ""The conference in Rome was on September 18"", ""The traveler originally planned to attend a conference in Rome on September 18.""]"
travel_01,rolling_summary,0,20,Through which city is the traveler considering rerouting if seats open up?,F8,The traveler is considering rerouting through Rome if seats open up.,"[""Amsterdam"", ""Rerouting through Amsterdam"", ""The traveler is considering rerouting through Amsterdam if seats open up.""]"
travel_01,rolling_summary,0,25,Which airline operated the Paris-Rome leg?,F2,Air France operated the Paris-Rome leg.,"[""Air France"", ""The Paris-Rome leg was operated by Air France"", ""The itinerary was New York to Paris to Rome with the Paris-Rome leg operated by Air France.""]"
travel_01,rolling_summary,1,5,What is the reservation code ending in Q7LM?,F1,I don't know,"[""Reservation code ending in Q7LM"", ""Booking reference Q7LM"", ""The traveler booked all flights under one reservation code ending in Q7LM.""]"
travel_01,rolling_summary,1,10,Through which company did the traveler purchase travel insurance?,F6,I don't know,"[""Allianz Global Assistance"", ""The policy was through Allianz Global Assistance"", ""The traveler purchased travel insurance through Allianz Global Assistance.""]"
travel_01,rolling_summary,1,15,On what date did the traveler originally plan to attend a conference in Rome?,F7,I don't know,"[""September 18"", ""The conference in Rome was on September 18"", ""The traveler originally planned to attend a conference in Rome on September 18.""]"
travel_01,rolling_summary,1,20,Through which city is the traveler considering rerouting if seats open up?,F8,Rome,"[""Amsterdam"", ""Rerouting through Amsterdam"", ""The traveler is considering rerouting through Amsterdam if seats open up.""]"
travel_01,rolling_summary,1,25,Which airline operated the Paris-Rome leg?,F2,Air France operated the Paris-Rome leg.,"[""Air France"", ""The Paris-Rome leg was operated by Air France"", ""The itinerary was New York to Paris to Rome with the Paris-Rome leg operated by Air France.""]"
travel_01,rolling_summary,2,5,What is the reservation code ending in Q7LM?,F1,I don't know,"[""Reservation code ending in Q7LM"", ""Booking reference Q7LM"", ""The traveler booked all flights under one reservation code ending in Q7LM.""]"
travel_01,rolling_summary,2,10,Through which company did the traveler purchase travel insurance?,F6,I don't know,"[""Allianz Global Assistance"", ""The policy was through Allianz Global Assistance"", ""The traveler purchased travel insurance through Allianz Global Assistance.""]"
travel_01,rolling_summary,2,15,On what date did the traveler originally plan to attend a conference in Rome?,F7,I don't know,"[""September 18"", ""The conference in Rome was on September 18"", ""The traveler originally planned to attend a conference in Rome on September 18.""]"
travel_01,rolling_summary,2,20,Through which city is the traveler considering rerouting if seats open up?,F8,The traveler is considering rerouting through Rome if seats open up.,"[""Amsterdam"", ""Rerouting through Amsterdam"", ""The traveler is considering rerouting through Amsterdam if seats open up.""]"
travel_01,rolling_summary,2,25,Which airline operated the Paris-Rome leg?,F2,Air France operated the Paris-Rome leg.,"[""Air France"", ""The Paris-Rome leg was operated by Air France"", ""The itinerary was New York to Paris to Rome with the Paris-Rome leg operated by Air France.""]"
travel_01,rolling_summary,3,5,What is the reservation code ending in Q7LM?,F1,I don't know,"[""Reservation code ending in Q7LM"", ""Booking reference Q7LM"", ""The traveler booked all flights under one reservation code ending in Q7LM.""]"
travel_01,rolling_summary,3,10,Through which company did the traveler purchase travel insurance?,F6,I don't know,"[""Allianz Global Assistance"", ""The policy was through Allianz Global Assistance"", ""The traveler purchased travel insurance through Allianz Global Assistance.""]"
travel_01,rolling_summary,3,15,On what date did the traveler originally plan to attend a conference in Rome?,F7,I don't know,"[""September 18"", ""The conference in Rome was on September 18"", ""The traveler originally planned to attend a conference in Rome on September 18.""]"
travel_01,rolling_summary,3,20,Through which city is the traveler considering rerouting if seats open up?,F8,Rome,"[""Amsterdam"", ""Rerouting through Amsterdam"", ""The traveler is considering rerouting through Amsterdam if seats open up.""]"
travel_01,rolling_summary,3,25,Which airline operated the Paris-Rome leg?,F2,I don't know,"[""Air France"", ""The Paris-Rome leg was operated by Air France"", ""The itinerary was New York to Paris to Rome with the Paris-Rome leg operated by Air France.""]"
travel_01,rolling_summary,4,5,What is the reservation code ending in Q7LM?,F1,I don't know,"[""Reservation code ending in Q7LM"", ""Booking reference Q7LM"", ""The traveler booked all flights under one reservation code ending in Q7LM.""]"
travel_01,rolling_summary,4,10,Through which company did the traveler purchase travel insurance?,F6,I don't know,"[""Allianz Global Assistance"", ""The policy was through Allianz Global Assistance"", ""The traveler purchased travel insurance through Allianz Global Assistance.""]"
travel_01,rolling_summary,4,15,On what date did the traveler originally plan to attend a conference in Rome?,F7,I don't know,"[""September 18"", ""The conference in Rome was on September 18"", ""The traveler originally planned to attend a conference in Rome on September 18.""]"
travel_01,rolling_summary,4,20,Through which city is the traveler considering rerouting if seats open up?,F8,The traveler is considering rerouting through Rome if seats open up.,"[""Amsterdam"", ""Rerouting through Amsterdam"", ""The traveler is considering rerouting through Amsterdam if seats open up.""]"
travel_01,rolling_summary,4,25,Which airline operated the Paris-Rome leg?,F2,I don't know,"[""Air France"", ""The Paris-Rome leg was operated by Air France"", ""The itinerary was New York to Paris to Rome with the Paris-Rome leg operated by Air France.""]"
travel_01,hierarchical,0,5,What is the reservation code ending in Q7LM?,F1,I don't know,"[""Reservation code ending in Q7LM"", ""Booking reference Q7LM"", ""The traveler booked all flights under one reservation code ending in Q7LM.""]"
travel_01,hierarchical,0,10,Through which company did the traveler purchase travel insurance?,F6,I don't know,"[""Allianz Global Assistance"", ""The policy was through Allianz Global Assistance"", ""The traveler purchased travel insurance through Allianz Global Assistance.""]"
travel_01,hierarchical,0,15,On what date did the traveler originally plan to attend a conference in Rome?,F7,I don't know,"[""September 18"", ""The conference in Rome was on September 18"", ""The traveler originally planned to attend a conference in Rome on September 18.""]"
travel_01,hierarchical,0,20,Through which city is the traveler considering rerouting if seats open up?,F8,Amsterdam,"[""Amsterdam"", ""Rerouting through Amsterdam"", ""The traveler is considering rerouting through Amsterdam if seats open up.""]"
travel_01,hierarchical,0,25,Which airline operated the Paris-Rome leg?,F2,Air France operated the Paris-Rome leg.,"[""Air France"", ""The Paris-Rome leg was operated by Air France"", ""The itinerary was New York to Paris to Rome with the Paris-Rome leg operated by Air France.""]"
travel_01,hierarchical,1,5,What is the reservation code ending in Q7LM?,F1,I don't know,"[""Reservation code ending in Q7LM"", ""Booking reference Q7LM"", ""The traveler booked all flights under one reservation code ending in Q7LM.""]"
travel_01,hierarchical,1,10,Through which company did the traveler purchase travel insurance?,F6,I don't know,"[""Allianz Global Assistance"", ""The policy was through Allianz Global Assistance"", ""The traveler purchased travel insurance through Allianz Global Assistance.""]"
travel_01,hierarchical,1,15,On what date did the traveler originally plan to attend a conference in Rome?,F7,I don't know,"[""September 18"", ""The conference in Rome was on September 18"", ""The traveler originally planned to attend a conference in Rome on September 18.""]"
travel_01,hierarchical,1,20,Through which city is the traveler considering rerouting if seats open up?,F8,Amsterdam,"[""Amsterdam"", ""Rerouting through Amsterdam"", ""The traveler is considering rerouting through Amsterdam if seats open up.""]"
travel_01,hierarchical,1,25,Which airline operated the Paris-Rome leg?,F2,Air France operated the Paris-Rome flight leg.,"[""Air France"", ""The Paris-Rome leg was operated by Air France"", ""The itinerary was New York to Paris to Rome with the Paris-Rome leg operated by Air France.""]"
travel_01,hierarchical,2,5,What is the reservation code ending in Q7LM?,F1,I don't know,"[""Reservation code ending in Q7LM"", ""Booking reference Q7LM"", ""The traveler booked all flights under one reservation code ending in Q7LM.""]"
travel_01,hierarchical,2,10,Through which company did the traveler purchase travel insurance?,F6,I don't know,"[""Allianz Global Assistance"", ""The policy was through Allianz Global Assistance"", ""The traveler purchased travel insurance through Allianz Global Assistance.""]"
travel_01,hierarchical,2,15,On what date did the traveler originally plan to attend a conference in Rome?,F7,I don't know,"[""September 18"", ""The conference in Rome was on September 18"", ""The traveler originally planned to attend a conference in Rome on September 18.""]"
travel_01,hierarchical,2,20,Through which city is the traveler considering rerouting if seats open up?,F8,Amsterdam,"[""Amsterdam"", ""Rerouting through Amsterdam"", ""The traveler is considering rerouting through Amsterdam if seats open up.""]"
travel_01,hierarchical,2,25,Which airline operated the Paris-Rome leg?,F2,Air France operated the Paris-Rome leg of the disrupted flight.,"[""Air France"", ""The Paris-Rome leg was operated by Air France"", ""The itinerary was New York to Paris to Rome with the Paris-Rome leg operated by Air France.""]"
travel_01,hierarchical,3,5,What is the reservation code ending in Q7LM?,F1,I don't know,"[""Reservation code ending in Q7LM"", ""Booking reference Q7LM"", ""The traveler booked all flights under one reservation code ending in Q7LM.""]"
travel_01,hierarchical,3,10,Through which company did the traveler purchase travel insurance?,F6,I don't know,"[""Allianz Global Assistance"", ""The policy was through Allianz Global Assistance"", ""The traveler purchased travel insurance through Allianz Global Assistance.""]"
travel_01,hierarchical,3,15,On what date did the traveler originally plan to attend a conference in Rome?,F7,The original conference date in Rome is not mentioned in the conversation history.,"[""September 18"", ""The conference in Rome was on September 18"", ""The traveler originally planned to attend a conference in Rome on September 18.""]"
travel_01,hierarchical,3,20,Through which city is the traveler considering rerouting if seats open up?,F8,Amsterdam,"[""Amsterdam"", ""Rerouting through Amsterdam"", ""The traveler is considering rerouting through Amsterdam if seats open up.""]"
travel_01,hierarchical,3,25,Which airline operated the Paris-Rome leg?,F2,Air France operated the Paris-Rome leg.,"[""Air France"", ""The Paris-Rome leg was operated by Air France"", ""The itinerary was New York to Paris to Rome with the Paris-Rome leg operated by Air France.""]"
travel_01,hierarchical,4,5,What is the reservation code ending in Q7LM?,F1,I don't know,"[""Reservation code ending in Q7LM"", ""Booking reference Q7LM"", ""The traveler booked all flights under one reservation code ending in Q7LM.""]"
travel_01,hierarchical,4,10,Through which company did the traveler purchase travel insurance?,F6,I don't know,"[""Allianz Global Assistance"", ""The policy was through Allianz Global Assistance"", ""The traveler purchased travel insurance through Allianz Global Assistance.""]"
travel_01,hierarchical,4,15,On what date did the traveler originally plan to attend a conference in Rome?,F7,I don't know,"[""September 18"", ""The conference in Rome was on September 18"", ""The traveler originally planned to attend a conference in Rome on September 18.""]"
travel_01,hierarchical,4,20,Through which city is the traveler considering rerouting if seats open up?,F8,Amsterdam,"[""Amsterdam"", ""Rerouting through Amsterdam"", ""The traveler is considering rerouting through Amsterdam if seats open up.""]"
travel_01,hierarchical,4,25,Which airline operated the Paris-Rome leg?,F2,Air France operated the Paris-Rome leg.,"[""Air France"", ""The Paris-Rome leg was operated by Air France"", ""The itinerary was New York to Paris to Rome with the Paris-Rome leg operated by Air France.""]"
travel_01,rag,0,5,What is the reservation code ending in Q7LM?,F1,I don't know,"[""Reservation code ending in Q7LM"", ""Booking reference Q7LM"", ""The traveler booked all flights under one reservation code ending in Q7LM.""]"
travel_01,rag,0,10,Through which company did the traveler purchase travel insurance?,F6,I don't know,"[""Allianz Global Assistance"", ""The policy was through Allianz Global Assistance"", ""The traveler purchased travel insurance through Allianz Global Assistance.""]"
travel_01,rag,0,15,On what date did the traveler originally plan to attend a conference in Rome?,F7,I don't know,"[""September 18"", ""The conference in Rome was on September 18"", ""The traveler originally planned to attend a conference in Rome on September 18.""]"
travel_01,rag,0,20,Through which city is the traveler considering rerouting if seats open up?,F8,Amsterdam,"[""Amsterdam"", ""Rerouting through Amsterdam"", ""The traveler is considering rerouting through Amsterdam if seats open up.""]"
travel_01,rag,0,25,Which airline operated the Paris-Rome leg?,F2,Air France operated the Paris-Rome leg.,"[""Air France"", ""The Paris-Rome leg was operated by Air France"", ""The itinerary was New York to Paris to Rome with the Paris-Rome leg operated by Air France.""]"
travel_01,rag,1,5,What is the reservation code ending in Q7LM?,F1,I don't know,"[""Reservation code ending in Q7LM"", ""Booking reference Q7LM"", ""The traveler booked all flights under one reservation code ending in Q7LM.""]"
travel_01,rag,1,10,Through which company did the traveler purchase travel insurance?,F6,I don't know,"[""Allianz Global Assistance"", ""The policy was through Allianz Global Assistance"", ""The traveler purchased travel insurance through Allianz Global Assistance.""]"
travel_01,rag,1,15,On what date did the traveler originally plan to attend a conference in Rome?,F7,I don't know,"[""September 18"", ""The conference in Rome was on September 18"", ""The traveler originally planned to attend a conference in Rome on September 18.""]"
travel_01,rag,1,20,Through which city is the traveler considering rerouting if seats open up?,F8,Amsterdam,"[""Amsterdam"", ""Rerouting through Amsterdam"", ""The traveler is considering rerouting through Amsterdam if seats open up.""]"
travel_01,rag,1,25,Which airline operated the Paris-Rome leg?,F2,Air France operated the Paris-Rome leg.,"[""Air France"", ""The Paris-Rome leg was operated by Air France"", ""The itinerary was New York to Paris to Rome with the Paris-Rome leg operated by Air France.""]"
travel_01,rag,2,5,What is the reservation code ending in Q7LM?,F1,I don't know,"[""Reservation code ending in Q7LM"", ""Booking reference Q7LM"", ""The traveler booked all flights under one reservation code ending in Q7LM.""]"
travel_01,rag,2,10,Through which company did the traveler purchase travel insurance?,F6,I don't know,"[""Allianz Global Assistance"", ""The policy was through Allianz Global Assistance"", ""The traveler purchased travel insurance through Allianz Global Assistance.""]"
travel_01,rag,2,15,On what date did the traveler originally plan to attend a conference in Rome?,F7,I don't know,"[""September 18"", ""The conference in Rome was on September 18"", ""The traveler originally planned to attend a conference in Rome on September 18.""]"
travel_01,rag,2,20,Through which city is the traveler considering rerouting if seats open up?,F8,Amsterdam,"[""Amsterdam"", ""Rerouting through Amsterdam"", ""The traveler is considering rerouting through Amsterdam if seats open up.""]"
travel_01,rag,2,25,Which airline operated the Paris-Rome leg?,F2,Air France operated the Paris-Rome leg.,"[""Air France"", ""The Paris-Rome leg was operated by Air France"", ""The itinerary was New York to Paris to Rome with the Paris-Rome leg operated by Air France.""]"
travel_01,rag,3,5,What is the reservation code ending in Q7LM?,F1,I don't know,"[""Reservation code ending in Q7LM"", ""Booking reference Q7LM"", ""The traveler booked all flights under one reservation code ending in Q7LM.""]"
travel_01,rag,3,10,Through which company did the traveler purchase travel insurance?,F6,I don't know,"[""Allianz Global Assistance"", ""The policy was through Allianz Global Assistance"", ""The traveler purchased travel insurance through Allianz Global Assistance.""]"
travel_01,rag,3,15,On what date did the traveler originally plan to attend a conference in Rome?,F7,I don't know,"[""September 18"", ""The conference in Rome was on September 18"", ""The traveler originally planned to attend a conference in Rome on September 18.""]"
travel_01,rag,3,20,Through which city is the traveler considering rerouting if seats open up?,F8,Amsterdam,"[""Amsterdam"", ""Rerouting through Amsterdam"", ""The traveler is considering rerouting through Amsterdam if seats open up.""]"
travel_01,rag,3,25,Which airline operated the Paris-Rome leg?,F2,I don't know,"[""Air France"", ""The Paris-Rome leg was operated by Air France"", ""The itinerary was New York to Paris to Rome with the Paris-Rome leg operated by Air France.""]"
travel_01,rag,4,5,What is the reservation code ending in Q7LM?,F1,I don't know,"[""Reservation code ending in Q7LM"", ""Booking reference Q7LM"", ""The traveler booked all flights under one reservation code ending in Q7LM.""]"
travel_01,rag,4,10,Through which company did the traveler purchase travel insurance?,F6,I don't know,"[""Allianz Global Assistance"", ""The policy was through Allianz Global Assistance"", ""The traveler purchased travel insurance through Allianz Global Assistance.""]"
travel_01,rag,4,15,On what date did the traveler originally plan to attend a conference in Rome?,F7,I don't know,"[""September 18"", ""The conference in Rome was on September 18"", ""The traveler originally planned to attend a conference in Rome on September 18.""]"
travel_01,rag,4,20,Through which city is the traveler considering rerouting if seats open up?,F8,Amsterdam,"[""Amsterdam"", ""Rerouting through Amsterdam"", ""The traveler is considering rerouting through Amsterdam if seats open up.""]"
travel_01,rag,4,25,Which airline operated the Paris-Rome leg?,F2,Air France operated the Paris-Rome leg.,"[""Air France"", ""The Paris-Rome leg was operated by Air France"", ""The itinerary was New York to Paris to Rome with the Paris-Rome leg operated by Air France.""]"
travel_02,baseline,0,5,Through which carrier did the traveler book the flights?,F1,I don't know,"[""Lufthansa"", ""The flights were booked through Lufthansa"", ""The traveler booked the flights through Lufthansa using a multi-city reservation.""]"
travel_02,baseline,0,10,Where did the traveler store all boarding passes?,F6,The traveler did not store paper boarding passes but saved screenshots of the cancellation notice.,"[""Dropbox"", ""A Dropbox folder shared with a spouse"", ""The traveler stored all boarding passes in a Dropbox folder shared with a spouse.""]"
travel_02,baseline,0,15,By how many days earlier may the traveler fly back?,F7,Almost a full day earlier.,"[""Two days earlier"", ""Fly back two days earlier than planned"", ""The traveler may shorten the trip and fly back two days earlier than planned.""]"
travel_02,baseline,0,20,In which currency does the traveler only want compensation estimates expressed?,F3,The traveler only wants compensation estimates expressed in one currency but the currency type is not specified.,"[""Euros"", ""Compensation estimates expressed in euros"", ""The traveler only wants compensation estimates expressed in euros.""]"
travel_02,baseline,0,25,Which segment of the affected routing was canceled?,F2,The exact canceled long-haul segment was not specified in the conversation history.,"[""Frankfurt"", ""The canceled segment was Frankfurt to Chicago"", ""The affected routing was Lisbon to Frankfurt to Chicago, with the Frankfurt-Chicago segment canceled.""]"
travel_02,baseline,1,5,Through which carrier did the traveler book the flights?,F1,I don't know,"[""Lufthansa"", ""The flights were booked through Lufthansa"", ""The traveler booked the flights through Lufthansa using a multi-city reservation.""]"
travel_02,baseline,1,10,Where did the traveler store all boarding passes?,F6,The traveler did not store paper boarding passes; only screenshots of the cancellation notice were saved.,"[""Dropbox"", ""A Dropbox folder shared with a spouse"", ""The traveler stored all boarding passes in a Dropbox folder shared with a spouse.""]"
travel_02,baseline,1,15,By how many days earlier may the traveler fly back?,F7,Almost a full day earlier.,"[""Two days earlier"", ""Fly back two days earlier than planned"", ""The traveler may shorten the trip and fly back two days earlier than planned.""]"
travel_02,baseline,1,20,In which currency does the traveler only want compensation estimates expressed?,F3,"The traveler only wants compensation estimates expressed in one currency, but the specific currency is not mentioned.","[""Euros"", ""Compensation estimates expressed in euros"", ""The traveler only wants compensation estimates expressed in euros.""]"
travel_02,baseline,1,25,Which segment of the affected routing was canceled?,F2,The conversation does not specify which segment of the affected routing was canceled.,"[""Frankfurt"", ""The canceled segment was Frankfurt to Chicago"", ""The affected routing was Lisbon to Frankfurt to Chicago, with the Frankfurt-Chicago segment canceled.""]"
travel_02,baseline,2,5,Through which carrier did the traveler book the flights?,F1,I don't know,"[""Lufthansa"", ""The flights were booked through Lufthansa"", ""The traveler booked the flights through Lufthansa using a multi-city reservation.""]"
travel_02,baseline,2,10,Where did the traveler store all boarding passes?,F6,The traveler did not store paper boarding passes but saved screenshots of the cancellation notice.,"[""Dropbox"", ""A Dropbox folder shared with a spouse"", ""The traveler stored all boarding passes in a Dropbox folder shared with a spouse.""]"
travel_02,baseline,2,15,By how many days earlier may the traveler fly back?,F7,Almost a full day earlier.,"[""Two days earlier"", ""Fly back two days earlier than planned"", ""The traveler may shorten the trip and fly back two days earlier than planned.""]"
travel_02,baseline,2,20,In which currency does the traveler only want compensation estimates expressed?,F3,The traveler only wants compensation estimates expressed in euros.,"[""Euros"", ""Compensation estimates expressed in euros"", ""The traveler only wants compensation estimates expressed in euros.""]"
travel_02,baseline,2,25,Which segment of the affected routing was canceled?,F2,I don't know,"[""Frankfurt"", ""The canceled segment was Frankfurt to Chicago"", ""The affected routing was Lisbon to Frankfurt to Chicago, with the Frankfurt-Chicago segment canceled.""]"
travel_02,baseline,3,5,Through which carrier did the traveler book the flights?,F1,I don't know,"[""Lufthansa"", ""The flights were booked through Lufthansa"", ""The traveler booked the flights through Lufthansa using a multi-city reservation.""]"
travel_02,baseline,3,10,Where did the traveler store all boarding passes?,F6,"The traveler did not store paper boarding passes, only screenshots of the cancellation notice.","[""Dropbox"", ""A Dropbox folder shared with a spouse"", ""The traveler stored all boarding passes in a Dropbox folder shared with a spouse.""]"
travel_02,baseline,3,15,By how many days earlier may the traveler fly back?,F7,The traveler may fly back almost one full day earlier.,"[""Two days earlier"", ""Fly back two days earlier than planned"", ""The traveler may shorten the trip and fly back two days earlier than planned.""]"
travel_02,baseline,3,20,In which currency does the traveler only want compensation estimates expressed?,F3,The traveler only wants compensation estimates expressed in euros.,"[""Euros"", ""Compensation estimates expressed in euros"", ""The traveler only wants compensation estimates expressed in euros.""]"
travel_02,baseline,3,25,Which segment of the affected routing was canceled?,F2,The canceled segment was an intra-Europe connection before the rebooking through Zurich.,"[""Frankfurt"", ""The canceled segment was Frankfurt to Chicago"", ""The affected routing was Lisbon to Frankfurt to Chicago, with the Frankfurt-Chicago segment canceled.""]"
travel_02,baseline,4,5,Through which carrier did the traveler book the flights?,F1,I don't know,"[""Lufthansa"", ""The flights were booked through Lufthansa"", ""The traveler booked the flights through Lufthansa using a multi-city reservation.""]"
travel_02,baseline,4,10,Where did the traveler store all boarding passes?,F6,The traveler did not store paper boarding passes; they saved screenshots of the cancellation notice instead.,"[""Dropbox"", ""A Dropbox folder shared with a spouse"", ""The traveler stored all boarding passes in a Dropbox folder shared with a spouse.""]"
travel_02,baseline,4,15,By how many days earlier may the traveler fly back?,F7,"Almost one full day earlier, since the rebooking through Zurich delays arrival by nearly a full day.","[""Two days earlier"", ""Fly back two days earlier than planned"", ""The traveler may shorten the trip and fly back two days earlier than planned.""]"
travel_02,baseline,4,20,In which currency does the traveler only want compensation estimates expressed?,F3,"The traveler only wants compensation estimates expressed in one currency, not dollars.","[""Euros"", ""Compensation estimates expressed in euros"", ""The traveler only wants compensation estimates expressed in euros.""]"
travel_02,baseline,4,25,Which segment of the affected routing was canceled?,F2,The exact canceled long-haul segment was not specified in the conversation history.,"[""Frankfurt"", ""The canceled segment was Frankfurt to Chicago"", ""The affected routing was Lisbon to Frankfurt to Chicago, with the Frankfurt-Chicago segment canceled.""]"
travel_02,rolling_summary,0,5,Through which carrier did the traveler book the flights?,F1,I don't know,"[""Lufthansa"", ""The flights were booked through Lufthansa"", ""The traveler booked the flights through Lufthansa using a multi-city reservation.""]"
travel_02,rolling_summary,0,10,Where did the traveler store all boarding passes?,F6,The traveler did not keep paper boarding passes but saved screenshots of the cancellation notice.,"[""Dropbox"", ""A Dropbox folder shared with a spouse"", ""The traveler stored all boarding passes in a Dropbox folder shared with a spouse.""]"
travel_02,rolling_summary,0,15,By how many days earlier may the traveler fly back?,F7,The traveler may fly back up to almost one full day earlier.,"[""Two days earlier"", ""Fly back two days earlier than planned"", ""The traveler may shorten the trip and fly back two days earlier than planned.""]"
travel_02,rolling_summary,0,20,In which currency does the traveler only want compensation estimates expressed?,F3,Euros (EUR),"[""Euros"", ""Compensation estimates expressed in euros"", ""The traveler only wants compensation estimates expressed in euros.""]"
travel_02,rolling_summary,0,25,Which segment of the affected routing was canceled?,F2,The intra-Europe connection flight segment was canceled.,"[""Frankfurt"", ""The canceled segment was Frankfurt to Chicago"", ""The affected routing was Lisbon to Frankfurt to Chicago, with the Frankfurt-Chicago segment canceled.""]"
travel_02,rolling_summary,1,5,Through which carrier did the traveler book the flights?,F1,I don't know,"[""Lufthansa"", ""The flights were booked through Lufthansa"", ""The traveler booked the flights through Lufthansa using a multi-city reservation.""]"
travel_02,rolling_summary,1,10,Where did the traveler store all boarding passes?,F6,The traveler did not save the paper boarding passes.,"[""Dropbox"", ""A Dropbox folder shared with a spouse"", ""The traveler stored all boarding passes in a Dropbox folder shared with a spouse.""]"
travel_02,rolling_summary,1,15,By how many days earlier may the traveler fly back?,F7,"The traveler may fly back at the earliest opportunity under comparable transport conditions, likely sooner than original arrival.","[""Two days earlier"", ""Fly back two days earlier than planned"", ""The traveler may shorten the trip and fly back two days earlier than planned.""]"
travel_02,rolling_summary,1,20,In which currency does the traveler only want compensation estimates expressed?,F3,Euros (EUR),"[""Euros"", ""Compensation estimates expressed in euros"", ""The traveler only wants compensation estimates expressed in euros.""]"
travel_02,rolling_summary,1,25,Which segment of the affected routing was canceled?,F2,I don't know,"[""Frankfurt"", ""The canceled segment was Frankfurt to Chicago"", ""The affected routing was Lisbon to Frankfurt to Chicago, with the Frankfurt-Chicago segment canceled.""]"
travel_02,rolling_summary,2,5,Through which carrier did the traveler book the flights?,F1,I don't know,"[""Lufthansa"", ""The flights were booked through Lufthansa"", ""The traveler booked the flights through Lufthansa using a multi-city reservation.""]"
travel_02,rolling_summary,2,10,Where did the traveler store all boarding passes?,F6,The traveler does not have paper boarding passes; no storage location mentioned.,"[""Dropbox"", ""A Dropbox folder shared with a spouse"", ""The traveler stored all boarding passes in a Dropbox folder shared with a spouse.""]"
travel_02,rolling_summary,2,15,By how many days earlier may the traveler fly back?,F7,The traveler may fly back at the earliest opportunity on a practical alternative itinerary.,"[""Two days earlier"", ""Fly back two days earlier than planned"", ""The traveler may shorten the trip and fly back two days earlier than planned.""]"
travel_02,rolling_summary,2,20,In which currency does the traveler only want compensation estimates expressed?,F3,The traveler wants compensation estimates expressed only in euros.,"[""Euros"", ""Compensation estimates expressed in euros"", ""The traveler only wants compensation estimates expressed in euros.""]"
travel_02,rolling_summary,2,25,Which segment of the affected routing was canceled?,F2,The intra-Europe connection segment of the return trip was canceled.,"[""Frankfurt"", ""The canceled segment was Frankfurt to Chicago"", ""The affected routing was Lisbon to Frankfurt to Chicago, with the Frankfurt-Chicago segment canceled.""]"
travel_02,rolling_summary,3,5,Through which carrier did the traveler book the flights?,F1,I don't know,"[""Lufthansa"", ""The flights were booked through Lufthansa"", ""The traveler booked the flights through Lufthansa using a multi-city reservation.""]"
travel_02,rolling_summary,3,10,Where did the traveler store all boarding passes?,F6,The traveler did not save the paper boarding passes.,"[""Dropbox"", ""A Dropbox folder shared with a spouse"", ""The traveler stored all boarding passes in a Dropbox folder shared with a spouse.""]"
travel_02,rolling_summary,3,15,By how many days earlier may the traveler fly back?,F7,"The traveler may request rerouting at the earliest opportunity, potentially flying back up to one day earlier.","[""Two days earlier"", ""Fly back two days earlier than planned"", ""The traveler may shorten the trip and fly back two days earlier than planned.""]"
travel_02,rolling_summary,3,20,In which currency does the traveler only want compensation estimates expressed?,F3,I don't know,"[""Euros"", ""Compensation estimates expressed in euros"", ""The traveler only wants compensation estimates expressed in euros.""]"
travel_02,rolling_summary,3,25,Which segment of the affected routing was canceled?,F2,I don't know,"[""Frankfurt"", ""The canceled segment was Frankfurt to Chicago"", ""The affected routing was Lisbon to Frankfurt to Chicago, with the Frankfurt-Chicago segment canceled.""]"
travel_02,rolling_summary,4,5,Through which carrier did the traveler book the flights?,F1,I don't know,"[""Lufthansa"", ""The flights were booked through Lufthansa"", ""The traveler booked the flights through Lufthansa using a multi-city reservation.""]"
travel_02,rolling_summary,4,10,Where did the traveler store all boarding passes?,F6,The traveler did not save the paper boarding passes.,"[""Dropbox"", ""A Dropbox folder shared with a spouse"", ""The traveler stored all boarding passes in a Dropbox folder shared with a spouse.""]"
travel_02,rolling_summary,4,15,By how many days earlier may the traveler fly back?,F7,The traveler may fly back up to one day earlier than the delayed arrival.,"[""Two days earlier"", ""Fly back two days earlier than planned"", ""The traveler may shorten the trip and fly back two days earlier than planned.""]"
travel_02,rolling_summary,4,20,In which currency does the traveler only want compensation estimates expressed?,F3,The traveler wants compensation estimates expressed only in euros.,"[""Euros"", ""Compensation estimates expressed in euros"", ""The traveler only wants compensation estimates expressed in euros.""]"
travel_02,rolling_summary,4,25,Which segment of the affected routing was canceled?,F2,The intra-Europe connection segment of the routing was canceled.,"[""Frankfurt"", ""The canceled segment was Frankfurt to Chicago"", ""The affected routing was Lisbon to Frankfurt to Chicago, with the Frankfurt-Chicago segment canceled.""]"
travel_02,hierarchical,0,5,Through which carrier did the traveler book the flights?,F1,I don't know,"[""Lufthansa"", ""The flights were booked through Lufthansa"", ""The traveler booked the flights through Lufthansa using a multi-city reservation.""]"
travel_02,hierarchical,0,10,Where did the traveler store all boarding passes?,F6,The traveler did not save paper boarding passes but has screenshots of the cancellation notice.,"[""Dropbox"", ""A Dropbox folder shared with a spouse"", ""The traveler stored all boarding passes in a Dropbox folder shared with a spouse.""]"
travel_02,hierarchical,0,15,By how many days earlier may the traveler fly back?,F7,Almost a full day earlier by rebooking through Zurich as per the disruption details.,"[""Two days earlier"", ""Fly back two days earlier than planned"", ""The traveler may shorten the trip and fly back two days earlier than planned.""]"
travel_02,hierarchical,0,20,In which currency does the traveler only want compensation estimates expressed?,F3,"The traveler only wants compensation estimates expressed in one currency, but the specific currency is not stated.","[""Euros"", ""Compensation estimates expressed in euros"", ""The traveler only wants compensation estimates expressed in euros.""]"
travel_02,hierarchical,0,25,Which segment of the affected routing was canceled?,F2,The intra-Europe connection segment before the return trip was canceled.,"[""Frankfurt"", ""The canceled segment was Frankfurt to Chicago"", ""The affected routing was Lisbon to Frankfurt to Chicago, with the Frankfurt-Chicago segment canceled.""]"
travel_02,hierarchical,1,5,Through which carrier did the traveler book the flights?,F1,I don't know,"[""Lufthansa"", ""The flights were booked through Lufthansa"", ""The traveler booked the flights through Lufthansa using a multi-city reservation.""]"
travel_02,hierarchical,1,10,Where did the traveler store all boarding passes?,F6,"The traveler did not save paper boarding passes, only screenshots of cancellation notices.","[""Dropbox"", ""A Dropbox folder shared with a spouse"", ""The traveler stored all boarding passes in a Dropbox folder shared with a spouse.""]"
travel_02,hierarchical,1,15,By how many days earlier may the traveler fly back?,F7,The traveler may fly back almost one full day earlier due to rebooking through Zurich.,"[""Two days earlier"", ""Fly back two days earlier than planned"", ""The traveler may shorten the trip and fly back two days earlier than planned.""]"
travel_02,hierarchical,1,20,In which currency does the traveler only want compensation estimates expressed?,F3,"The traveler only wants compensation estimates expressed in one currency, not dollars.","[""Euros"", ""Compensation estimates expressed in euros"", ""The traveler only wants compensation estimates expressed in euros.""]"
travel_02,hierarchical,1,25,Which segment of the affected routing was canceled?,F2,The canceled segment was the intra-Europe connection before the long-haul return flight.,"[""Frankfurt"", ""The canceled segment was Frankfurt to Chicago"", ""The affected routing was Lisbon to Frankfurt to Chicago, with the Frankfurt-Chicago segment canceled.""]"
travel_02,hierarchical,2,5,Through which carrier did the traveler book the flights?,F1,I don't know,"[""Lufthansa"", ""The flights were booked through Lufthansa"", ""The traveler booked the flights through Lufthansa using a multi-city reservation.""]"
travel_02,hierarchical,2,10,Where did the traveler store all boarding passes?,F6,The traveler did not store paper boarding passes; only screenshots of the cancellation notice were saved.,"[""Dropbox"", ""A Dropbox folder shared with a spouse"", ""The traveler stored all boarding passes in a Dropbox folder shared with a spouse.""]"
travel_02,hierarchical,2,15,By how many days earlier may the traveler fly back?,F7,"Almost a full day earlier, reflecting the delay caused by the airline's rebooking through Zurich.","[""Two days earlier"", ""Fly back two days earlier than planned"", ""The traveler may shorten the trip and fly back two days earlier than planned.""]"
travel_02,hierarchical,2,20,In which currency does the traveler only want compensation estimates expressed?,F3,Euros,"[""Euros"", ""Compensation estimates expressed in euros"", ""The traveler only wants compensation estimates expressed in euros.""]"
travel_02,hierarchical,2,25,Which segment of the affected routing was canceled?,F2,The intra-Europe connection segment before rebooking through Zurich was canceled.,"[""Frankfurt"", ""The canceled segment was Frankfurt to Chicago"", ""The affected routing was Lisbon to Frankfurt to Chicago, with the Frankfurt-Chicago segment canceled.""]"
travel_02,hierarchical,3,5,Through which carrier did the traveler book the flights?,F1,I don't know,"[""Lufthansa"", ""The flights were booked through Lufthansa"", ""The traveler booked the flights through Lufthansa using a multi-city reservation.""]"
travel_02,hierarchical,3,10,Where did the traveler store all boarding passes?,F6,The traveler did not save paper boarding passes but has screenshots of the cancellation notice.,"[""Dropbox"", ""A Dropbox folder shared with a spouse"", ""The traveler stored all boarding passes in a Dropbox folder shared with a spouse.""]"
travel_02,hierarchical,3,15,By how many days earlier may the traveler fly back?,F7,"Almost a full day earlier, as the re-routing caused arrival nearly a full day later.","[""Two days earlier"", ""Fly back two days earlier than planned"", ""The traveler may shorten the trip and fly back two days earlier than planned.""]"
travel_02,hierarchical,3,20,In which currency does the traveler only want compensation estimates expressed?,F3,"The traveler wants compensation estimates expressed in only one currency, but the currency is not specified.","[""Euros"", ""Compensation estimates expressed in euros"", ""The traveler only wants compensation estimates expressed in euros.""]"
travel_02,hierarchical,3,25,Which segment of the affected routing was canceled?,F2,The canceled segment was an intra-Europe connection.,"[""Frankfurt"", ""The canceled segment was Frankfurt to Chicago"", ""The affected routing was Lisbon to Frankfurt to Chicago, with the Frankfurt-Chicago segment canceled.""]"
travel_02,hierarchical,4,5,Through which carrier did the traveler book the flights?,F1,I don't know,"[""Lufthansa"", ""The flights were booked through Lufthansa"", ""The traveler booked the flights through Lufthansa using a multi-city reservation.""]"
travel_02,hierarchical,4,10,Where did the traveler store all boarding passes?,F6,The traveler did not save paper boarding passes; only screenshots of the cancellation notice were saved.,"[""Dropbox"", ""A Dropbox folder shared with a spouse"", ""The traveler stored all boarding passes in a Dropbox folder shared with a spouse.""]"
travel_02,hierarchical,4,15,By how many days earlier may the traveler fly back?,F7,Almost a full day earlier.,"[""Two days earlier"", ""Fly back two days earlier than planned"", ""The traveler may shorten the trip and fly back two days earlier than planned.""]"
travel_02,hierarchical,4,20,In which currency does the traveler only want compensation estimates expressed?,F3,Euros,"[""Euros"", ""Compensation estimates expressed in euros"", ""The traveler only wants compensation estimates expressed in euros.""]"
travel_02,hierarchical,4,25,Which segment of the affected routing was canceled?,F2,The original intra-Europe connection segment before rerouting via Zurich was canceled.,"[""Frankfurt"", ""The canceled segment was Frankfurt to Chicago"", ""The affected routing was Lisbon to Frankfurt to Chicago, with the Frankfurt-Chicago segment canceled.""]"
travel_02,rag,0,5,Through which carrier did the traveler book the flights?,F1,I don't know,"[""Lufthansa"", ""The flights were booked through Lufthansa"", ""The traveler booked the flights through Lufthansa using a multi-city reservation.""]"
travel_02,rag,0,10,Where did the traveler store all boarding passes?,F6,The traveler did not store paper boarding passes; only screenshots of the cancellation notice were saved.,"[""Dropbox"", ""A Dropbox folder shared with a spouse"", ""The traveler stored all boarding passes in a Dropbox folder shared with a spouse.""]"
travel_02,rag,0,15,By how many days earlier may the traveler fly back?,F7,Almost a full day earlier.,"[""Two days earlier"", ""Fly back two days earlier than planned"", ""The traveler may shorten the trip and fly back two days earlier than planned.""]"
travel_02,rag,0,20,In which currency does the traveler only want compensation estimates expressed?,F3,"The traveler only wants compensation estimates expressed in one currency, not dollars.","[""Euros"", ""Compensation estimates expressed in euros"", ""The traveler only wants compensation estimates expressed in euros.""]"
travel_02,rag,0,25,Which segment of the affected routing was canceled?,F2,The canceled segment was the long-haul portion of the trip within the affected routing.,"[""Frankfurt"", ""The canceled segment was Frankfurt to Chicago"", ""The affected routing was Lisbon to Frankfurt to Chicago, with the Frankfurt-Chicago segment canceled.""]"
travel_02,rag,1,5,Through which carrier did the traveler book the flights?,F1,I don't know,"[""Lufthansa"", ""The flights were booked through Lufthansa"", ""The traveler booked the flights through Lufthansa using a multi-city reservation.""]"
travel_02,rag,1,10,Where did the traveler store all boarding passes?,F6,I don't know,"[""Dropbox"", ""A Dropbox folder shared with a spouse"", ""The traveler stored all boarding passes in a Dropbox folder shared with a spouse.""]"
travel_02,rag,1,15,By how many days earlier may the traveler fly back?,F7,Almost a full day earlier.,"[""Two days earlier"", ""Fly back two days earlier than planned"", ""The traveler may shorten the trip and fly back two days earlier than planned.""]"
travel_02,rag,1,20,In which currency does the traveler only want compensation estimates expressed?,F3,"The traveler only wants compensation estimates expressed in one currency, but the specific currency is not stated.","[""Euros"", ""Compensation estimates expressed in euros"", ""The traveler only wants compensation estimates expressed in euros.""]"
travel_02,rag,1,25,Which segment of the affected routing was canceled?,F2,The long-haul segment of the affected routing was canceled.,"[""Frankfurt"", ""The canceled segment was Frankfurt to Chicago"", ""The affected routing was Lisbon to Frankfurt to Chicago, with the Frankfurt-Chicago segment canceled.""]"
travel_02,rag,2,5,Through which carrier did the traveler book the flights?,F1,I don't know,"[""Lufthansa"", ""The flights were booked through Lufthansa"", ""The traveler booked the flights through Lufthansa using a multi-city reservation.""]"
travel_02,rag,2,10,Where did the traveler store all boarding passes?,F6,The traveler did not save paper boarding passes but has screenshots of the cancellation notice.,"[""Dropbox"", ""A Dropbox folder shared with a spouse"", ""The traveler stored all boarding passes in a Dropbox folder shared with a spouse.""]"
travel_02,rag,2,15,By how many days earlier may the traveler fly back?,F7,Almost a full day earlier.,"[""Two days earlier"", ""Fly back two days earlier than planned"", ""The traveler may shorten the trip and fly back two days earlier than planned.""]"
travel_02,rag,2,20,In which currency does the traveler only want compensation estimates expressed?,F3,The traveler only wants compensation estimates expressed in euros.,"[""Euros"", ""Compensation estimates expressed in euros"", ""The traveler only wants compensation estimates expressed in euros.""]"
travel_02,rag,2,25,Which segment of the affected routing was canceled?,F2,The exact canceled long-haul segment was not specified in the conversation history.,"[""Frankfurt"", ""The canceled segment was Frankfurt to Chicago"", ""The affected routing was Lisbon to Frankfurt to Chicago, with the Frankfurt-Chicago segment canceled.""]"
travel_02,rag,3,5,Through which carrier did the traveler book the flights?,F1,I don't know,"[""Lufthansa"", ""The flights were booked through Lufthansa"", ""The traveler booked the flights through Lufthansa using a multi-city reservation.""]"
travel_02,rag,3,10,Where did the traveler store all boarding passes?,F6,The traveler did not save paper boarding passes but has screenshots of the cancellation notice.,"[""Dropbox"", ""A Dropbox folder shared with a spouse"", ""The traveler stored all boarding passes in a Dropbox folder shared with a spouse.""]"
travel_02,rag,3,15,By how many days earlier may the traveler fly back?,F7,Almost a full day earlier.,"[""Two days earlier"", ""Fly back two days earlier than planned"", ""The traveler may shorten the trip and fly back two days earlier than planned.""]"
travel_02,rag,3,20,In which currency does the traveler only want compensation estimates expressed?,F3,"One currency (not specified, but implied not dollars).","[""Euros"", ""Compensation estimates expressed in euros"", ""The traveler only wants compensation estimates expressed in euros.""]"
travel_02,rag,3,25,Which segment of the affected routing was canceled?,F2,The canceled segment was the long-haul flight part of the intra-Europe connection return trip.,"[""Frankfurt"", ""The canceled segment was Frankfurt to Chicago"", ""The affected routing was Lisbon to Frankfurt to Chicago, with the Frankfurt-Chicago segment canceled.""]"
travel_02,rag,4,5,Through which carrier did the traveler book the flights?,F1,I don't know,"[""Lufthansa"", ""The flights were booked through Lufthansa"", ""The traveler booked the flights through Lufthansa using a multi-city reservation.""]"
travel_02,rag,4,10,Where did the traveler store all boarding passes?,F6,The traveler did not save paper boarding passes but has screenshots of the cancellation notice.,"[""Dropbox"", ""A Dropbox folder shared with a spouse"", ""The traveler stored all boarding passes in a Dropbox folder shared with a spouse.""]"
travel_02,rag,4,15,By how many days earlier may the traveler fly back?,F7,Almost one full day earlier.,"[""Two days earlier"", ""Fly back two days earlier than planned"", ""The traveler may shorten the trip and fly back two days earlier than planned.""]"
travel_02,rag,4,20,In which currency does the traveler only want compensation estimates expressed?,F3,"The traveler only wants compensation estimates expressed in one currency, but the exact currency is not specified.","[""Euros"", ""Compensation estimates expressed in euros"", ""The traveler only wants compensation estimates expressed in euros.""]"
travel_02,rag,4,25,Which segment of the affected routing was canceled?,F2,The exact canceled long-haul segment has not been specified in the conversation history.,"[""Frankfurt"", ""The canceled segment was Frankfurt to Chicago"", ""The affected routing was Lisbon to Frankfurt to Chicago, with the Frankfurt-Chicago segment canceled.""]"
travel_03,baseline,0,5,When does the traveler's passport expire?,F1,I don't know,"[""March 14, 2027"", ""It expires on March 14, 2027"", ""The traveler\u2019s passport expires on March 14, 2027.""]"
travel_03,baseline,0,10,On which weekday can the traveler not attend embassy appointments?,F3,I don't know,"[""Fridays"", ""The traveler cannot attend embassy appointments on Fridays"", ""The traveler cannot attend embassy appointments on Fridays.""]"
travel_03,baseline,0,15,On which date did the traveler renew their bank statement package?,F7,I don't know,"[""May 2, 2026"", ""The bank statement package was renewed on May 2, 2026"", ""The traveler renewed their bank statement package on May 2, 2026.""]"
travel_03,baseline,0,20,When and where does the conference the traveler must attend start?,F2,I don't know,"[""Berlin on September 18, 2026"", ""The conference starts in Berlin on September 18, 2026"", ""The traveler must attend a conference in Berlin starting September 18, 2026.""]"
travel_03,baseline,0,25,By what date does the traveler need the visa issued?,F4,"By August 30, 2026.","[""August 30, 2026"", ""The visa must be issued no later than August 30, 2026"", ""The traveler needs the visa issued no later than August 30, 2026.""]"
travel_03,baseline,1,5,When does the traveler's passport expire?,F1,I don't know,"[""March 14, 2027"", ""It expires on March 14, 2027"", ""The traveler\u2019s passport expires on March 14, 2027.""]"
travel_03,baseline,1,10,On which weekday can the traveler not attend embassy appointments?,F3,Saturday and Sunday; only Friday slots mentioned as available for earliest appointment.,"[""Fridays"", ""The traveler cannot attend embassy appointments on Fridays"", ""The traveler cannot attend embassy appointments on Fridays.""]"
travel_03,baseline,1,15,On which date did the traveler renew their bank statement package?,F7,I don't know,"[""May 2, 2026"", ""The bank statement package was renewed on May 2, 2026"", ""The traveler renewed their bank statement package on May 2, 2026.""]"
travel_03,baseline,1,20,When and where does the conference the traveler must attend start?,F2,I don't know,"[""Berlin on September 18, 2026"", ""The conference starts in Berlin on September 18, 2026"", ""The traveler must attend a conference in Berlin starting September 18, 2026.""]"
travel_03,baseline,1,25,By what date does the traveler need the visa issued?,F4,"By August 30, 2026, the visa must be issued.","[""August 30, 2026"", ""The visa must be issued no later than August 30, 2026"", ""The traveler needs the visa issued no later than August 30, 2026.""]"
travel_03,baseline,2,5,When does the traveler's passport expire?,F1,I don't know,"[""March 14, 2027"", ""It expires on March 14, 2027"", ""The traveler\u2019s passport expires on March 14, 2027.""]"
travel_03,baseline,2,10,On which weekday can the traveler not attend embassy appointments?,F3,I don't know,"[""Fridays"", ""The traveler cannot attend embassy appointments on Fridays"", ""The traveler cannot attend embassy appointments on Fridays.""]"
travel_03,baseline,2,15,On which date did the traveler renew their bank statement package?,F7,I don't know,"[""May 2, 2026"", ""The bank statement package was renewed on May 2, 2026"", ""The traveler renewed their bank statement package on May 2, 2026.""]"
travel_03,baseline,2,20,When and where does the conference the traveler must attend start?,F2,I don't know,"[""Berlin on September 18, 2026"", ""The conference starts in Berlin on September 18, 2026"", ""The traveler must attend a conference in Berlin starting September 18, 2026.""]"
travel_03,baseline,2,25,By what date does the traveler need the visa issued?,F4,"The visa must be issued by August 30, 2026.","[""August 30, 2026"", ""The visa must be issued no later than August 30, 2026"", ""The traveler needs the visa issued no later than August 30, 2026.""]"
travel_03,baseline,3,5,When does the traveler's passport expire?,F1,I don't know,"[""March 14, 2027"", ""It expires on March 14, 2027"", ""The traveler\u2019s passport expires on March 14, 2027.""]"
travel_03,baseline,3,10,On which weekday can the traveler not attend embassy appointments?,F3,I don't know,"[""Fridays"", ""The traveler cannot attend embassy appointments on Fridays"", ""The traveler cannot attend embassy appointments on Fridays.""]"
travel_03,baseline,3,15,On which date did the traveler renew their bank statement package?,F7,I don't know,"[""May 2, 2026"", ""The bank statement package was renewed on May 2, 2026"", ""The traveler renewed their bank statement package on May 2, 2026.""]"
travel_03,baseline,3,20,When and where does the conference the traveler must attend start?,F2,I don't know,"[""Berlin on September 18, 2026"", ""The conference starts in Berlin on September 18, 2026"", ""The traveler must attend a conference in Berlin starting September 18, 2026.""]"
travel_03,baseline,3,25,By what date does the traveler need the visa issued?,F4,"By August 30, 2026, the visa should be issued.","[""August 30, 2026"", ""The visa must be issued no later than August 30, 2026"", ""The traveler needs the visa issued no later than August 30, 2026.""]"
travel_03,baseline,4,5,When does the traveler's passport expire?,F1,I don't know,"[""March 14, 2027"", ""It expires on March 14, 2027"", ""The traveler\u2019s passport expires on March 14, 2027.""]"
travel_03,baseline,4,10,On which weekday can the traveler not attend embassy appointments?,F3,I don't know,"[""Fridays"", ""The traveler cannot attend embassy appointments on Fridays"", ""The traveler cannot attend embassy appointments on Fridays.""]"
travel_03,baseline,4,15,On which date did the traveler renew their bank statement package?,F7,I don't know,"[""May 2, 2026"", ""The bank statement package was renewed on May 2, 2026"", ""The traveler renewed their bank statement package on May 2, 2026.""]"
travel_03,baseline,4,20,When and where does the conference the traveler must attend start?,F2,I don't know,"[""Berlin on September 18, 2026"", ""The conference starts in Berlin on September 18, 2026"", ""The traveler must attend a conference in Berlin starting September 18, 2026.""]"
travel_03,baseline,4,25,By what date does the traveler need the visa issued?,F4,"The visa must be issued by August 30, 2026.","[""August 30, 2026"", ""The visa must be issued no later than August 30, 2026"", ""The traveler needs the visa issued no later than August 30, 2026.""]"
travel_03,rolling_summary,0,5,When does the traveler's passport expire?,F1,I don't know,"[""March 14, 2027"", ""It expires on March 14, 2027"", ""The traveler\u2019s passport expires on March 14, 2027.""]"
travel_03,rolling_summary,0,10,On which weekday can the traveler not attend embassy appointments?,F3,I don't know,"[""Fridays"", ""The traveler cannot attend embassy appointments on Fridays"", ""The traveler cannot attend embassy appointments on Fridays.""]"
travel_03,rolling_summary,0,15,On which date did the traveler renew their bank statement package?,F7,I don't know,"[""May 2, 2026"", ""The bank statement package was renewed on May 2, 2026"", ""The traveler renewed their bank statement package on May 2, 2026.""]"
travel_03,rolling_summary,0,20,When and where does the conference the traveler must attend start?,F2,I don't know,"[""Berlin on September 18, 2026"", ""The conference starts in Berlin on September 18, 2026"", ""The traveler must attend a conference in Berlin starting September 18, 2026.""]"
travel_03,rolling_summary,0,25,By what date does the traveler need the visa issued?,F4,August 30,"[""August 30, 2026"", ""The visa must be issued no later than August 30, 2026"", ""The traveler needs the visa issued no later than August 30, 2026.""]"
travel_03,rolling_summary,1,5,When does the traveler's passport expire?,F1,The traveler's passport must have at least 6 months validity beyond the trip.,"[""March 14, 2027"", ""It expires on March 14, 2027"", ""The traveler\u2019s passport expires on March 14, 2027.""]"
travel_03,rolling_summary,1,10,On which weekday can the traveler not attend embassy appointments?,F3,I don't know,"[""Fridays"", ""The traveler cannot attend embassy appointments on Fridays"", ""The traveler cannot attend embassy appointments on Fridays.""]"
travel_03,rolling_summary,1,15,On which date did the traveler renew their bank statement package?,F7,I don't know,"[""May 2, 2026"", ""The bank statement package was renewed on May 2, 2026"", ""The traveler renewed their bank statement package on May 2, 2026.""]"
travel_03,rolling_summary,1,20,When and where does the conference the traveler must attend start?,F2,I don't know,"[""Berlin on September 18, 2026"", ""The conference starts in Berlin on September 18, 2026"", ""The traveler must attend a conference in Berlin starting September 18, 2026.""]"
travel_03,rolling_summary,1,25,By what date does the traveler need the visa issued?,F4,The visa must be issued by August 30.,"[""August 30, 2026"", ""The visa must be issued no later than August 30, 2026"", ""The traveler needs the visa issued no later than August 30, 2026.""]"
travel_03,rolling_summary,2,5,When does the traveler's passport expire?,F1,I don't know the traveler's passport expiration date from the conversation history.,"[""March 14, 2027"", ""It expires on March 14, 2027"", ""The traveler\u2019s passport expires on March 14, 2027.""]"
travel_03,rolling_summary,2,10,On which weekday can the traveler not attend embassy appointments?,F3,The traveler cannot attend embassy appointments on weekdays other than Friday.,"[""Fridays"", ""The traveler cannot attend embassy appointments on Fridays"", ""The traveler cannot attend embassy appointments on Fridays.""]"
travel_03,rolling_summary,2,15,On which date did the traveler renew their bank statement package?,F7,I don't know,"[""May 2, 2026"", ""The bank statement package was renewed on May 2, 2026"", ""The traveler renewed their bank statement package on May 2, 2026.""]"
travel_03,rolling_summary,2,20,When and where does the conference the traveler must attend start?,F2,I don't know,"[""Berlin on September 18, 2026"", ""The conference starts in Berlin on September 18, 2026"", ""The traveler must attend a conference in Berlin starting September 18, 2026.""]"
travel_03,rolling_summary,2,25,By what date does the traveler need the visa issued?,F4,August 30,"[""August 30, 2026"", ""The visa must be issued no later than August 30, 2026"", ""The traveler needs the visa issued no later than August 30, 2026.""]"
travel_03,rolling_summary,3,5,When does the traveler's passport expire?,F1,The passport must be valid at least 6 months post-return; exact expiration date not provided.,"[""March 14, 2027"", ""It expires on March 14, 2027"", ""The traveler\u2019s passport expires on March 14, 2027.""]"
travel_03,rolling_summary,3,10,On which weekday can the traveler not attend embassy appointments?,F3,No information about unavailable weekdays for embassy appointments is provided.,"[""Fridays"", ""The traveler cannot attend embassy appointments on Fridays"", ""The traveler cannot attend embassy appointments on Fridays.""]"
travel_03,rolling_summary,3,15,On which date did the traveler renew their bank statement package?,F7,I don't know,"[""May 2, 2026"", ""The bank statement package was renewed on May 2, 2026"", ""The traveler renewed their bank statement package on May 2, 2026.""]"
travel_03,rolling_summary,3,20,When and where does the conference the traveler must attend start?,F2,The conference starts before August 30 in Germany; exact start date not specified.,"[""Berlin on September 18, 2026"", ""The conference starts in Berlin on September 18, 2026"", ""The traveler must attend a conference in Berlin starting September 18, 2026.""]"
travel_03,rolling_summary,3,25,By what date does the traveler need the visa issued?,F4,Visa must be issued by August 30.,"[""August 30, 2026"", ""The visa must be issued no later than August 30, 2026"", ""The traveler needs the visa issued no later than August 30, 2026.""]"
travel_03,rolling_summary,4,5,When does the traveler's passport expire?,F1,I don't know,"[""March 14, 2027"", ""It expires on March 14, 2027"", ""The traveler\u2019s passport expires on March 14, 2027.""]"
travel_03,rolling_summary,4,10,On which weekday can the traveler not attend embassy appointments?,F3,The traveler cannot attend embassy appointments on weekdays other than Friday.,"[""Fridays"", ""The traveler cannot attend embassy appointments on Fridays"", ""The traveler cannot attend embassy appointments on Fridays.""]"
travel_03,rolling_summary,4,15,On which date did the traveler renew their bank statement package?,F7,I don't know,"[""May 2, 2026"", ""The bank statement package was renewed on May 2, 2026"", ""The traveler renewed their bank statement package on May 2, 2026.""]"
travel_03,rolling_summary,4,20,When and where does the conference the traveler must attend start?,F2,I don't know,"[""Berlin on September 18, 2026"", ""The conference starts in Berlin on September 18, 2026"", ""The traveler must attend a conference in Berlin starting September 18, 2026.""]"
travel_03,rolling_summary,4,25,By what date does the traveler need the visa issued?,F4,"Before September 18, 2026, the conference start date in Berlin, Germany.","[""August 30, 2026"", ""The visa must be issued no later than August 30, 2026"", ""The traveler needs the visa issued no later than August 30, 2026.""]"
travel_03,hierarchical,0,5,When does the traveler's passport expire?,F1,The passport must be valid at least 6 months beyond travel dates; exact expiration date not mentioned.,"[""March 14, 2027"", ""It expires on March 14, 2027"", ""The traveler\u2019s passport expires on March 14, 2027.""]"
travel_03,hierarchical,0,10,On which weekday can the traveler not attend embassy appointments?,F3,I don't know,"[""Fridays"", ""The traveler cannot attend embassy appointments on Fridays"", ""The traveler cannot attend embassy appointments on Fridays.""]"
travel_03,hierarchical,0,15,On which date did the traveler renew their bank statement package?,F7,I don't know,"[""May 2, 2026"", ""The bank statement package was renewed on May 2, 2026"", ""The traveler renewed their bank statement package on May 2, 2026.""]"
travel_03,hierarchical,0,20,When and where does the conference the traveler must attend start?,F2,I don't know,"[""Berlin on September 18, 2026"", ""The conference starts in Berlin on September 18, 2026"", ""The traveler must attend a conference in Berlin starting September 18, 2026.""]"
travel_03,hierarchical,0,25,By what date does the traveler need the visa issued?,F4,The visa must be issued by August 30.,"[""August 30, 2026"", ""The visa must be issued no later than August 30, 2026"", ""The traveler needs the visa issued no later than August 30, 2026.""]"
travel_03,hierarchical,1,5,When does the traveler's passport expire?,F1,I don't know,"[""March 14, 2027"", ""It expires on March 14, 2027"", ""The traveler\u2019s passport expires on March 14, 2027.""]"
travel_03,hierarchical,1,10,On which weekday can the traveler not attend embassy appointments?,F3,I don't know,"[""Fridays"", ""The traveler cannot attend embassy appointments on Fridays"", ""The traveler cannot attend embassy appointments on Fridays.""]"
travel_03,hierarchical,1,15,On which date did the traveler renew their bank statement package?,F7,I don't know,"[""May 2, 2026"", ""The bank statement package was renewed on May 2, 2026"", ""The traveler renewed their bank statement package on May 2, 2026.""]"
travel_03,hierarchical,1,20,When and where does the conference the traveler must attend start?,F2,The conference is in Germany; exact start date not specified in the conversation history.,"[""Berlin on September 18, 2026"", ""The conference starts in Berlin on September 18, 2026"", ""The traveler must attend a conference in Berlin starting September 18, 2026.""]"
travel_03,hierarchical,1,25,By what date does the traveler need the visa issued?,F4,"August 30, 2026","[""August 30, 2026"", ""The visa must be issued no later than August 30, 2026"", ""The traveler needs the visa issued no later than August 30, 2026.""]"
travel_03,hierarchical,2,5,When does the traveler's passport expire?,F1,The passport must be valid at least 6 months after the planned return date.,"[""March 14, 2027"", ""It expires on March 14, 2027"", ""The traveler\u2019s passport expires on March 14, 2027.""]"
travel_03,hierarchical,2,10,On which weekday can the traveler not attend embassy appointments?,F3,I don't know,"[""Fridays"", ""The traveler cannot attend embassy appointments on Fridays"", ""The traveler cannot attend embassy appointments on Fridays.""]"
travel_03,hierarchical,2,15,On which date did the traveler renew their bank statement package?,F7,I don't know,"[""May 2, 2026"", ""The bank statement package was renewed on May 2, 2026"", ""The traveler renewed their bank statement package on May 2, 2026.""]"
travel_03,hierarchical,2,20,When and where does the conference the traveler must attend start?,F2,"The conference starts before August 30, and the traveler must attend in Germany.","[""Berlin on September 18, 2026"", ""The conference starts in Berlin on September 18, 2026"", ""The traveler must attend a conference in Berlin starting September 18, 2026.""]"
travel_03,hierarchical,2,25,By what date does the traveler need the visa issued?,F4,Visa must be issued by August 30.,"[""August 30, 2026"", ""The visa must be issued no later than August 30, 2026"", ""The traveler needs the visa issued no later than August 30, 2026.""]"
travel_03,hierarchical,3,5,When does the traveler's passport expire?,F1,The passport must be valid at least 6 months beyond the stay; exact expiration date not provided.,"[""March 14, 2027"", ""It expires on March 14, 2027"", ""The traveler\u2019s passport expires on March 14, 2027.""]"
travel_03,hierarchical,3,10,On which weekday can the traveler not attend embassy appointments?,F3,No specific weekday restrictions mentioned; traveler can attend embassy appointments on any weekday.,"[""Fridays"", ""The traveler cannot attend embassy appointments on Fridays"", ""The traveler cannot attend embassy appointments on Fridays.""]"
travel_03,hierarchical,3,15,On which date did the traveler renew their bank statement package?,F7,I don't know,"[""May 2, 2026"", ""The bank statement package was renewed on May 2, 2026"", ""The traveler renewed their bank statement package on May 2, 2026.""]"
travel_03,hierarchical,3,20,When and where does the conference the traveler must attend start?,F2,"The conference is in Germany, starting after August 30 (visa issuance deadline).","[""Berlin on September 18, 2026"", ""The conference starts in Berlin on September 18, 2026"", ""The traveler must attend a conference in Berlin starting September 18, 2026.""]"
travel_03,hierarchical,3,25,By what date does the traveler need the visa issued?,F4,"August 30, 2026","[""August 30, 2026"", ""The visa must be issued no later than August 30, 2026"", ""The traveler needs the visa issued no later than August 30, 2026.""]"
travel_03,hierarchical,4,5,When does the traveler's passport expire?,F1,The conversation states the passport must have at least 6 months validity beyond stay; exact expiry date unknown.,"[""March 14, 2027"", ""It expires on March 14, 2027"", ""The traveler\u2019s passport expires on March 14, 2027.""]"
travel_03,hierarchical,4,10,On which weekday can the traveler not attend embassy appointments?,F3,I don't know,"[""Fridays"", ""The traveler cannot attend embassy appointments on Fridays"", ""The traveler cannot attend embassy appointments on Fridays.""]"
travel_03,hierarchical,4,15,On which date did the traveler renew their bank statement package?,F7,I don't know,"[""May 2, 2026"", ""The bank statement package was renewed on May 2, 2026"", ""The traveler renewed their bank statement package on May 2, 2026.""]"
travel_03,hierarchical,4,20,When and where does the conference the traveler must attend start?,F2,I don't know,"[""Berlin on September 18, 2026"", ""The conference starts in Berlin on September 18, 2026"", ""The traveler must attend a conference in Berlin starting September 18, 2026.""]"
travel_03,hierarchical,4,25,By what date does the traveler need the visa issued?,F4,"Visa must be issued by August 30, 2026.","[""August 30, 2026"", ""The visa must be issued no later than August 30, 2026"", ""The traveler needs the visa issued no later than August 30, 2026.""]"
travel_03,rag,0,5,When does the traveler's passport expire?,F1,I don't know,"[""March 14, 2027"", ""It expires on March 14, 2027"", ""The traveler\u2019s passport expires on March 14, 2027.""]"
travel_03,rag,0,10,On which weekday can the traveler not attend embassy appointments?,F3,I don't know,"[""Fridays"", ""The traveler cannot attend embassy appointments on Fridays"", ""The traveler cannot attend embassy appointments on Fridays.""]"
travel_03,rag,0,15,On which date did the traveler renew their bank statement package?,F7,I don't know,"[""May 2, 2026"", ""The bank statement package was renewed on May 2, 2026"", ""The traveler renewed their bank statement package on May 2, 2026.""]"
travel_03,rag,0,20,When and where does the conference the traveler must attend start?,F2,I don't know,"[""Berlin on September 18, 2026"", ""The conference starts in Berlin on September 18, 2026"", ""The traveler must attend a conference in Berlin starting September 18, 2026.""]"
travel_03,rag,0,25,By what date does the traveler need the visa issued?,F4,"August 30, 2026","[""August 30, 2026"", ""The visa must be issued no later than August 30, 2026"", ""The traveler needs the visa issued no later than August 30, 2026.""]"
travel_03,rag,1,5,When does the traveler's passport expire?,F1,I don't know,"[""March 14, 2027"", ""It expires on March 14, 2027"", ""The traveler\u2019s passport expires on March 14, 2027.""]"
travel_03,rag,1,10,On which weekday can the traveler not attend embassy appointments?,F3,I don't know,"[""Fridays"", ""The traveler cannot attend embassy appointments on Fridays"", ""The traveler cannot attend embassy appointments on Fridays.""]"
travel_03,rag,1,15,On which date did the traveler renew their bank statement package?,F7,I don't know,"[""May 2, 2026"", ""The bank statement package was renewed on May 2, 2026"", ""The traveler renewed their bank statement package on May 2, 2026.""]"
travel_03,rag,1,20,When and where does the conference the traveler must attend start?,F2,I don't know,"[""Berlin on September 18, 2026"", ""The conference starts in Berlin on September 18, 2026"", ""The traveler must attend a conference in Berlin starting September 18, 2026.""]"
travel_03,rag,1,25,By what date does the traveler need the visa issued?,F4,"The traveler needs the visa issued by August 30, 2026.","[""August 30, 2026"", ""The visa must be issued no later than August 30, 2026"", ""The traveler needs the visa issued no later than August 30, 2026.""]"
travel_03,rag,2,5,When does the traveler's passport expire?,F1,I don't know,"[""March 14, 2027"", ""It expires on March 14, 2027"", ""The traveler\u2019s passport expires on March 14, 2027.""]"
travel_03,rag,2,10,On which weekday can the traveler not attend embassy appointments?,F3,I don't know,"[""Fridays"", ""The traveler cannot attend embassy appointments on Fridays"", ""The traveler cannot attend embassy appointments on Fridays.""]"
travel_03,rag,2,15,On which date did the traveler renew their bank statement package?,F7,I don't know,"[""May 2, 2026"", ""The bank statement package was renewed on May 2, 2026"", ""The traveler renewed their bank statement package on May 2, 2026.""]"
travel_03,rag,2,20,When and where does the conference the traveler must attend start?,F2,The conference start date and location are not mentioned in the conversation history.,"[""Berlin on September 18, 2026"", ""The conference starts in Berlin on September 18, 2026"", ""The traveler must attend a conference in Berlin starting September 18, 2026.""]"
travel_03,rag,2,25,By what date does the traveler need the visa issued?,F4,"By August 30, 2026, the visa must be issued.","[""August 30, 2026"", ""The visa must be issued no later than August 30, 2026"", ""The traveler needs the visa issued no later than August 30, 2026.""]"
travel_03,rag,3,5,When does the traveler's passport expire?,F1,I don't know,"[""March 14, 2027"", ""It expires on March 14, 2027"", ""The traveler\u2019s passport expires on March 14, 2027.""]"
travel_03,rag,3,10,On which weekday can the traveler not attend embassy appointments?,F3,The traveler cannot attend embassy appointments on weekdays other than Friday.,"[""Fridays"", ""The traveler cannot attend embassy appointments on Fridays"", ""The traveler cannot attend embassy appointments on Fridays.""]"
travel_03,rag,3,15,On which date did the traveler renew their bank statement package?,F7,I don't know,"[""May 2, 2026"", ""The bank statement package was renewed on May 2, 2026"", ""The traveler renewed their bank statement package on May 2, 2026.""]"
travel_03,rag,3,20,When and where does the conference the traveler must attend start?,F2,Early July at the conference venue; exact date and location not provided in the conversation history.,"[""Berlin on September 18, 2026"", ""The conference starts in Berlin on September 18, 2026"", ""The traveler must attend a conference in Berlin starting September 18, 2026.""]"
travel_03,rag,3,25,By what date does the traveler need the visa issued?,F4,"By August 30, 2026.","[""August 30, 2026"", ""The visa must be issued no later than August 30, 2026"", ""The traveler needs the visa issued no later than August 30, 2026.""]"
travel_03,rag,4,5,When does the traveler's passport expire?,F1,The passport must have at least 6 months validity beyond the planned stay.,"[""March 14, 2027"", ""It expires on March 14, 2027"", ""The traveler\u2019s passport expires on March 14, 2027.""]"
travel_03,rag,4,10,On which weekday can the traveler not attend embassy appointments?,F3,I don't know,"[""Fridays"", ""The traveler cannot attend embassy appointments on Fridays"", ""The traveler cannot attend embassy appointments on Fridays.""]"
travel_03,rag,4,15,On which date did the traveler renew their bank statement package?,F7,I don't know,"[""May 2, 2026"", ""The bank statement package was renewed on May 2, 2026"", ""The traveler renewed their bank statement package on May 2, 2026.""]"
travel_03,rag,4,20,When and where does the conference the traveler must attend start?,F2,I don't know,"[""Berlin on September 18, 2026"", ""The conference starts in Berlin on September 18, 2026"", ""The traveler must attend a conference in Berlin starting September 18, 2026.""]"
travel_03,rag,4,25,By what date does the traveler need the visa issued?,F4,"August 30, 2026","[""August 30, 2026"", ""The visa must be issued no later than August 30, 2026"", ""The traveler needs the visa issued no later than August 30, 2026.""]"
travel_04,baseline,0,5,When does the traveler's current passport expire?,F1,I don't know,"[""2028"", ""It expires on January 9, 2028"", ""The traveler\u2019s current passport expires on January 9, 2028.""]"
travel_04,baseline,0,10,During which week can the traveler not travel to Islamabad for biometric appointments?,F3,The traveler cannot travel during weeks without available biometric slots; no unavailable weeks mentioned.,"[""The first week of July"", ""The traveler cannot travel to Islamabad during the first week of July"", ""The traveler cannot travel to Islamabad for biometric appointments during the first week of July.""]"
travel_04,baseline,0,15,On which date did the traveler update employment verification documents?,F7,"This week, as the traveler is gathering updated employment records from HR.","[""April 28, 2026"", ""The employment verification documents were updated on April 28, 2026"", ""The traveler updated employment verification documents on April 28, 2026.""]"
travel_04,baseline,0,20,When does the traveler plan to fly to London for the training program?,F2,The traveler plans to fly to London by October for the training program.,"[""London on November 3, 2026"", ""The traveler plans to fly to London on November 3, 2026"", ""The traveler plans to fly to London on November 3, 2026 for a training program.""]"
travel_04,baseline,0,25,By when must the traveler receive the visa decision?,F4,"By early October, before the planned flight to London and training program.","[""Before October 1, 2026"", ""The visa decision must arrive before October 1, 2026"", ""The traveler must receive the visa decision before October 1, 2026.""]"
travel_04,baseline,1,5,When does the traveler's current passport expire?,F1,I don't know,"[""2028"", ""It expires on January 9, 2028"", ""The traveler\u2019s current passport expires on January 9, 2028.""]"
travel_04,baseline,1,10,During which week can the traveler not travel to Islamabad for biometric appointments?,F3,I don't know,"[""The first week of July"", ""The traveler cannot travel to Islamabad during the first week of July"", ""The traveler cannot travel to Islamabad for biometric appointments during the first week of July.""]"
travel_04,baseline,1,15,On which date did the traveler update employment verification documents?,F7,This week.,"[""April 28, 2026"", ""The employment verification documents were updated on April 28, 2026"", ""The traveler updated employment verification documents on April 28, 2026.""]"
travel_04,baseline,1,20,When does the traveler plan to fly to London for the training program?,F2,The traveler plans to fly before October for the training program.,"[""London on November 3, 2026"", ""The traveler plans to fly to London on November 3, 2026"", ""The traveler plans to fly to London on November 3, 2026 for a training program.""]"
travel_04,baseline,1,25,By when must the traveler receive the visa decision?,F4,"The traveler should receive the visa decision before their planned London trip on November 3, 2026.","[""Before October 1, 2026"", ""The visa decision must arrive before October 1, 2026"", ""The traveler must receive the visa decision before October 1, 2026.""]"
travel_04,baseline,2,5,When does the traveler's current passport expire?,F1,The current passport is expiring soon.,"[""2028"", ""It expires on January 9, 2028"", ""The traveler\u2019s current passport expires on January 9, 2028.""]"
travel_04,baseline,2,10,During which week can the traveler not travel to Islamabad for biometric appointments?,F3,No specific week was mentioned as unavailable for Islamabad biometric appointments.,"[""The first week of July"", ""The traveler cannot travel to Islamabad during the first week of July"", ""The traveler cannot travel to Islamabad for biometric appointments during the first week of July.""]"
travel_04,baseline,2,15,On which date did the traveler update employment verification documents?,F7,The traveler is gathering updated employment records from HR this week.,"[""April 28, 2026"", ""The employment verification documents were updated on April 28, 2026"", ""The traveler updated employment verification documents on April 28, 2026.""]"
travel_04,baseline,2,20,When does the traveler plan to fly to London for the training program?,F2,The traveler plans to fly to London before October for the training program.,"[""London on November 3, 2026"", ""The traveler plans to fly to London on November 3, 2026"", ""The traveler plans to fly to London on November 3, 2026 for a training program.""]"
travel_04,baseline,2,25,By when must the traveler receive the visa decision?,F4,"The traveler should receive the visa decision before November 3, 2026, the planned London travel date.","[""Before October 1, 2026"", ""The visa decision must arrive before October 1, 2026"", ""The traveler must receive the visa decision before October 1, 2026.""]"
travel_04,baseline,3,5,When does the traveler's current passport expire?,F1,I don't know,"[""2028"", ""It expires on January 9, 2028"", ""The traveler\u2019s current passport expires on January 9, 2028.""]"
travel_04,baseline,3,10,During which week can the traveler not travel to Islamabad for biometric appointments?,F3,The traveler cannot travel during weeks earlier than early July for biometric appointments in Islamabad.,"[""The first week of July"", ""The traveler cannot travel to Islamabad during the first week of July"", ""The traveler cannot travel to Islamabad for biometric appointments during the first week of July.""]"
travel_04,baseline,3,15,On which date did the traveler update employment verification documents?,F7,"The traveler updated employment verification documents within the current month, specifically this week.","[""April 28, 2026"", ""The employment verification documents were updated on April 28, 2026"", ""The traveler updated employment verification documents on April 28, 2026.""]"
travel_04,baseline,3,20,When does the traveler plan to fly to London for the training program?,F2,The traveler plans to fly to London by October.,"[""London on November 3, 2026"", ""The traveler plans to fly to London on November 3, 2026"", ""The traveler plans to fly to London on November 3, 2026 for a training program.""]"
travel_04,baseline,3,25,By when must the traveler receive the visa decision?,F4,"The traveler should receive the visa decision well before November 3, 2026.","[""Before October 1, 2026"", ""The visa decision must arrive before October 1, 2026"", ""The traveler must receive the visa decision before October 1, 2026.""]"
travel_04,baseline,4,5,When does the traveler's current passport expire?,F1,I don't know,"[""2028"", ""It expires on January 9, 2028"", ""The traveler\u2019s current passport expires on January 9, 2028.""]"
travel_04,baseline,4,10,During which week can the traveler not travel to Islamabad for biometric appointments?,F3,I don't know,"[""The first week of July"", ""The traveler cannot travel to Islamabad during the first week of July"", ""The traveler cannot travel to Islamabad for biometric appointments during the first week of July.""]"
travel_04,baseline,4,15,On which date did the traveler update employment verification documents?,F7,The traveler is gathering updated employment records from HR during this week.,"[""April 28, 2026"", ""The employment verification documents were updated on April 28, 2026"", ""The traveler updated employment verification documents on April 28, 2026.""]"
travel_04,baseline,4,20,When does the traveler plan to fly to London for the training program?,F2,The traveler plans to fly to London by October for the training program.,"[""London on November 3, 2026"", ""The traveler plans to fly to London on November 3, 2026"", ""The traveler plans to fly to London on November 3, 2026 for a training program.""]"
travel_04,baseline,4,25,By when must the traveler receive the visa decision?,F4,"By October, before the planned travel to London for the training program.","[""Before October 1, 2026"", ""The visa decision must arrive before October 1, 2026"", ""The traveler must receive the visa decision before October 1, 2026.""]"
travel_04,rolling_summary,0,5,When does the traveler's current passport expire?,F1,I don't know,"[""2028"", ""It expires on January 9, 2028"", ""The traveler\u2019s current passport expires on January 9, 2028.""]"
travel_04,rolling_summary,0,10,During which week can the traveler not travel to Islamabad for biometric appointments?,F3,I don't know,"[""The first week of July"", ""The traveler cannot travel to Islamabad during the first week of July"", ""The traveler cannot travel to Islamabad for biometric appointments during the first week of July.""]"
travel_04,rolling_summary,0,15,On which date did the traveler update employment verification documents?,F7,I don't know,"[""April 28, 2026"", ""The employment verification documents were updated on April 28, 2026"", ""The traveler updated employment verification documents on April 28, 2026.""]"
travel_04,rolling_summary,0,20,When does the traveler plan to fly to London for the training program?,F2,I don't know,"[""London on November 3, 2026"", ""The traveler plans to fly to London on November 3, 2026"", ""The traveler plans to fly to London on November 3, 2026 for a training program.""]"
travel_04,rolling_summary,0,25,By when must the traveler receive the visa decision?,F4,"By October, to ensure timely travel plans after completing biometrics by August.","[""Before October 1, 2026"", ""The visa decision must arrive before October 1, 2026"", ""The traveler must receive the visa decision before October 1, 2026.""]"
travel_04,rolling_summary,1,5,When does the traveler's current passport expire?,F1,I don't know,"[""2028"", ""It expires on January 9, 2028"", ""The traveler\u2019s current passport expires on January 9, 2028.""]"
travel_04,rolling_summary,1,10,During which week can the traveler not travel to Islamabad for biometric appointments?,F3,I don't know,"[""The first week of July"", ""The traveler cannot travel to Islamabad during the first week of July"", ""The traveler cannot travel to Islamabad for biometric appointments during the first week of July.""]"
travel_04,rolling_summary,1,15,On which date did the traveler update employment verification documents?,F7,The traveler can collect salary certificates and sponsor letters within the current month (no specific date given).,"[""April 28, 2026"", ""The employment verification documents were updated on April 28, 2026"", ""The traveler updated employment verification documents on April 28, 2026.""]"
travel_04,rolling_summary,1,20,When does the traveler plan to fly to London for the training program?,F2,The traveler plans to fly to London for the training program in October.,"[""London on November 3, 2026"", ""The traveler plans to fly to London on November 3, 2026"", ""The traveler plans to fly to London on November 3, 2026 for a training program.""]"
travel_04,rolling_summary,1,25,By when must the traveler receive the visa decision?,F4,"By October, to allow enough time after completing biometrics by August for UK visa processing.","[""Before October 1, 2026"", ""The visa decision must arrive before October 1, 2026"", ""The traveler must receive the visa decision before October 1, 2026.""]"
travel_04,rolling_summary,2,5,When does the traveler's current passport expire?,F1,I don't know,"[""2028"", ""It expires on January 9, 2028"", ""The traveler\u2019s current passport expires on January 9, 2028.""]"
travel_04,rolling_summary,2,10,During which week can the traveler not travel to Islamabad for biometric appointments?,F3,I don't know,"[""The first week of July"", ""The traveler cannot travel to Islamabad during the first week of July"", ""The traveler cannot travel to Islamabad for biometric appointments during the first week of July.""]"
travel_04,rolling_summary,2,15,On which date did the traveler update employment verification documents?,F7,This week in the current month.,"[""April 28, 2026"", ""The employment verification documents were updated on April 28, 2026"", ""The traveler updated employment verification documents on April 28, 2026.""]"
travel_04,rolling_summary,2,20,When does the traveler plan to fly to London for the training program?,F2,The traveler plans to attend training in London by October.,"[""London on November 3, 2026"", ""The traveler plans to fly to London on November 3, 2026"", ""The traveler plans to fly to London on November 3, 2026 for a training program.""]"
travel_04,rolling_summary,2,25,By when must the traveler receive the visa decision?,F4,Before October to allow enough processing time for the UK visa.,"[""Before October 1, 2026"", ""The visa decision must arrive before October 1, 2026"", ""The traveler must receive the visa decision before October 1, 2026.""]"
travel_04,rolling_summary,3,5,When does the traveler's current passport expire?,F1,I don't know,"[""2028"", ""It expires on January 9, 2028"", ""The traveler\u2019s current passport expires on January 9, 2028.""]"
travel_04,rolling_summary,3,10,During which week can the traveler not travel to Islamabad for biometric appointments?,F3,The traveler cannot attend biometric appointments in Islamabad during any week before early July.,"[""The first week of July"", ""The traveler cannot travel to Islamabad during the first week of July"", ""The traveler cannot travel to Islamabad for biometric appointments during the first week of July.""]"
travel_04,rolling_summary,3,15,On which date did the traveler update employment verification documents?,F7,The traveler is gathering updated employment records from HR this week (current week).,"[""April 28, 2026"", ""The employment verification documents were updated on April 28, 2026"", ""The traveler updated employment verification documents on April 28, 2026.""]"
travel_04,rolling_summary,3,20,When does the traveler plan to fly to London for the training program?,F2,I don't know.,"[""London on November 3, 2026"", ""The traveler plans to fly to London on November 3, 2026"", ""The traveler plans to fly to London on November 3, 2026 for a training program.""]"
travel_04,rolling_summary,3,25,By when must the traveler receive the visa decision?,F4,"By October, to allow processing after biometrics completed by August.","[""Before October 1, 2026"", ""The visa decision must arrive before October 1, 2026"", ""The traveler must receive the visa decision before October 1, 2026.""]"
travel_04,rolling_summary,4,5,When does the traveler's current passport expire?,F1,I don't know,"[""2028"", ""It expires on January 9, 2028"", ""The traveler\u2019s current passport expires on January 9, 2028.""]"
travel_04,rolling_summary,4,10,During which week can the traveler not travel to Islamabad for biometric appointments?,F3,Traveler cannot travel to Islamabad for biometric appointments after early July due to UK visa processing timelines.,"[""The first week of July"", ""The traveler cannot travel to Islamabad during the first week of July"", ""The traveler cannot travel to Islamabad for biometric appointments during the first week of July.""]"
travel_04,rolling_summary,4,15,On which date did the traveler update employment verification documents?,F7,This week,"[""April 28, 2026"", ""The employment verification documents were updated on April 28, 2026"", ""The traveler updated employment verification documents on April 28, 2026.""]"
travel_04,rolling_summary,4,20,When does the traveler plan to fly to London for the training program?,F2,I don't know,"[""London on November 3, 2026"", ""The traveler plans to fly to London on November 3, 2026"", ""The traveler plans to fly to London on November 3, 2026 for a training program.""]"
travel_04,rolling_summary,4,25,By when must the traveler receive the visa decision?,F4,Before October to allow sufficient time for travel and visa processing.,"[""Before October 1, 2026"", ""The visa decision must arrive before October 1, 2026"", ""The traveler must receive the visa decision before October 1, 2026.""]"
travel_04,hierarchical,0,5,When does the traveler's current passport expire?,F1,I don't know,"[""2028"", ""It expires on January 9, 2028"", ""The traveler\u2019s current passport expires on January 9, 2028.""]"
travel_04,hierarchical,0,10,During which week can the traveler not travel to Islamabad for biometric appointments?,F3,"The traveler cannot travel during weeks without early July biometric slots in Islamabad, exact unavailable weeks unspecified.","[""The first week of July"", ""The traveler cannot travel to Islamabad during the first week of July"", ""The traveler cannot travel to Islamabad for biometric appointments during the first week of July.""]"
travel_04,hierarchical,0,15,On which date did the traveler update employment verification documents?,F7,The traveler is updating employment documents this week (current week unspecified).,"[""April 28, 2026"", ""The employment verification documents were updated on April 28, 2026"", ""The traveler updated employment verification documents on April 28, 2026.""]"
travel_04,hierarchical,0,20,When does the traveler plan to fly to London for the training program?,F2,"The traveler's flight plans aim for biometric appointment in mid-July, implying London travel likely after mid-July.","[""London on November 3, 2026"", ""The traveler plans to fly to London on November 3, 2026"", ""The traveler plans to fly to London on November 3, 2026 for a training program.""]"
travel_04,hierarchical,0,25,By when must the traveler receive the visa decision?,F4,"Before November 3, 2026, the planned travel date to London.","[""Before October 1, 2026"", ""The visa decision must arrive before October 1, 2026"", ""The traveler must receive the visa decision before October 1, 2026.""]"
travel_04,hierarchical,1,5,When does the traveler's current passport expire?,F1,I don't know,"[""2028"", ""It expires on January 9, 2028"", ""The traveler\u2019s current passport expires on January 9, 2028.""]"
travel_04,hierarchical,1,10,During which week can the traveler not travel to Islamabad for biometric appointments?,F3,I don't know,"[""The first week of July"", ""The traveler cannot travel to Islamabad during the first week of July"", ""The traveler cannot travel to Islamabad for biometric appointments during the first week of July.""]"
travel_04,hierarchical,1,15,On which date did the traveler update employment verification documents?,F7,This week (relative to the conversation timeline).,"[""April 28, 2026"", ""The employment verification documents were updated on April 28, 2026"", ""The traveler updated employment verification documents on April 28, 2026.""]"
travel_04,hierarchical,1,20,When does the traveler plan to fly to London for the training program?,F2,"The traveler plans to complete biometrics by August for UK visa processing before October, implying travel by October.","[""London on November 3, 2026"", ""The traveler plans to fly to London on November 3, 2026"", ""The traveler plans to fly to London on November 3, 2026 for a training program.""]"
travel_04,hierarchical,1,25,By when must the traveler receive the visa decision?,F4,Before October 2026.,"[""Before October 1, 2026"", ""The visa decision must arrive before October 1, 2026"", ""The traveler must receive the visa decision before October 1, 2026.""]"
travel_04,hierarchical,2,5,When does the traveler's current passport expire?,F1,I don't know,"[""2028"", ""It expires on January 9, 2028"", ""The traveler\u2019s current passport expires on January 9, 2028.""]"
travel_04,hierarchical,2,10,During which week can the traveler not travel to Islamabad for biometric appointments?,F3,I don't know,"[""The first week of July"", ""The traveler cannot travel to Islamabad during the first week of July"", ""The traveler cannot travel to Islamabad for biometric appointments during the first week of July.""]"
travel_04,hierarchical,2,15,On which date did the traveler update employment verification documents?,F7,This week (date unspecified) is when the traveler is gathering updated employment records.,"[""April 28, 2026"", ""The employment verification documents were updated on April 28, 2026"", ""The traveler updated employment verification documents on April 28, 2026.""]"
travel_04,hierarchical,2,20,When does the traveler plan to fly to London for the training program?,F2,The traveler plans to complete biometrics by August and aims for processing before the October training.,"[""London on November 3, 2026"", ""The traveler plans to fly to London on November 3, 2026"", ""The traveler plans to fly to London on November 3, 2026 for a training program.""]"
travel_04,hierarchical,2,25,By when must the traveler receive the visa decision?,F4,"Before October, to attend the October training program in London.","[""Before October 1, 2026"", ""The visa decision must arrive before October 1, 2026"", ""The traveler must receive the visa decision before October 1, 2026.""]"
travel_04,hierarchical,3,5,When does the traveler's current passport expire?,F1,I don't know,"[""2028"", ""It expires on January 9, 2028"", ""The traveler\u2019s current passport expires on January 9, 2028.""]"
travel_04,hierarchical,3,10,During which week can the traveler not travel to Islamabad for biometric appointments?,F3,The traveler cannot travel during any week after August for biometric appointments.,"[""The first week of July"", ""The traveler cannot travel to Islamabad during the first week of July"", ""The traveler cannot travel to Islamabad for biometric appointments during the first week of July.""]"
travel_04,hierarchical,3,15,On which date did the traveler update employment verification documents?,F7,This week (the current week mentioned) and this month are indicated for updating employment verification documents.,"[""April 28, 2026"", ""The employment verification documents were updated on April 28, 2026"", ""The traveler updated employment verification documents on April 28, 2026.""]"
travel_04,hierarchical,3,20,When does the traveler plan to fly to London for the training program?,F2,"Before October, as biometrics must be done by August and processing completed before October deadline.","[""London on November 3, 2026"", ""The traveler plans to fly to London on November 3, 2026"", ""The traveler plans to fly to London on November 3, 2026 for a training program.""]"
travel_04,hierarchical,3,25,By when must the traveler receive the visa decision?,F4,"Before October 2026 to allow travel for the training program starting November 3, 2026.","[""Before October 1, 2026"", ""The visa decision must arrive before October 1, 2026"", ""The traveler must receive the visa decision before October 1, 2026.""]"
travel_04,hierarchical,4,5,When does the traveler's current passport expire?,F1,I don't know,"[""2028"", ""It expires on January 9, 2028"", ""The traveler\u2019s current passport expires on January 9, 2028.""]"
travel_04,hierarchical,4,10,During which week can the traveler not travel to Islamabad for biometric appointments?,F3,I don't know,"[""The first week of July"", ""The traveler cannot travel to Islamabad during the first week of July"", ""The traveler cannot travel to Islamabad for biometric appointments during the first week of July.""]"
travel_04,hierarchical,4,15,On which date did the traveler update employment verification documents?,F7,"This month, during the week of the current conversation.","[""April 28, 2026"", ""The employment verification documents were updated on April 28, 2026"", ""The traveler updated employment verification documents on April 28, 2026.""]"
travel_04,hierarchical,4,20,When does the traveler plan to fly to London for the training program?,F2,"The traveler plans to fly to London before October, aligning with an October training program deadline.","[""London on November 3, 2026"", ""The traveler plans to fly to London on November 3, 2026"", ""The traveler plans to fly to London on November 3, 2026 for a training program.""]"
travel_04,hierarchical,4,25,By when must the traveler receive the visa decision?,F4,"By October, to meet the training program deadline and allow travel before November 3, 2026.","[""Before October 1, 2026"", ""The visa decision must arrive before October 1, 2026"", ""The traveler must receive the visa decision before October 1, 2026.""]"
travel_04,rag,0,5,When does the traveler's current passport expire?,F1,I don't know,"[""2028"", ""It expires on January 9, 2028"", ""The traveler\u2019s current passport expires on January 9, 2028.""]"
travel_04,rag,0,10,During which week can the traveler not travel to Islamabad for biometric appointments?,F3,"The traveler cannot travel during any week without available biometric slots; none specified, so I don't know.","[""The first week of July"", ""The traveler cannot travel to Islamabad during the first week of July"", ""The traveler cannot travel to Islamabad for biometric appointments during the first week of July.""]"
travel_04,rag,0,15,On which date did the traveler update employment verification documents?,F7,This week (current week of the conversation) is when the traveler updates employment verification documents.,"[""April 28, 2026"", ""The employment verification documents were updated on April 28, 2026"", ""The traveler updated employment verification documents on April 28, 2026.""]"
travel_04,rag,0,20,When does the traveler plan to fly to London for the training program?,F2,Mid-July is the planned travel time to London for the training program.,"[""London on November 3, 2026"", ""The traveler plans to fly to London on November 3, 2026"", ""The traveler plans to fly to London on November 3, 2026 for a training program.""]"
travel_04,rag,0,25,By when must the traveler receive the visa decision?,F4,"Before November 3, 2026, the planned travel date to London.","[""Before October 1, 2026"", ""The visa decision must arrive before October 1, 2026"", ""The traveler must receive the visa decision before October 1, 2026.""]"
travel_04,rag,1,5,When does the traveler's current passport expire?,F1,I don't know,"[""2028"", ""It expires on January 9, 2028"", ""The traveler\u2019s current passport expires on January 9, 2028.""]"
travel_04,rag,1,10,During which week can the traveler not travel to Islamabad for biometric appointments?,F3,The traveler cannot travel during weeks without biometric slots before early July in Islamabad.,"[""The first week of July"", ""The traveler cannot travel to Islamabad during the first week of July"", ""The traveler cannot travel to Islamabad for biometric appointments during the first week of July.""]"
travel_04,rag,1,15,On which date did the traveler update employment verification documents?,F7,"This week, during the current month.","[""April 28, 2026"", ""The employment verification documents were updated on April 28, 2026"", ""The traveler updated employment verification documents on April 28, 2026.""]"
travel_04,rag,1,20,When does the traveler plan to fly to London for the training program?,F2,"The traveler plans to fly to London during the current month, this week.","[""London on November 3, 2026"", ""The traveler plans to fly to London on November 3, 2026"", ""The traveler plans to fly to London on November 3, 2026 for a training program.""]"
travel_04,rag,1,25,By when must the traveler receive the visa decision?,F4,"The traveler must receive the visa decision well before the planned trip on November 3, 2026.","[""Before October 1, 2026"", ""The visa decision must arrive before October 1, 2026"", ""The traveler must receive the visa decision before October 1, 2026.""]"
travel_04,rag,2,5,When does the traveler's current passport expire?,F1,I don't know,"[""2028"", ""It expires on January 9, 2028"", ""The traveler\u2019s current passport expires on January 9, 2028.""]"
travel_04,rag,2,10,During which week can the traveler not travel to Islamabad for biometric appointments?,F3,The traveler cannot travel during any week after August for biometrics if early July slots are chosen.,"[""The first week of July"", ""The traveler cannot travel to Islamabad during the first week of July"", ""The traveler cannot travel to Islamabad for biometric appointments during the first week of July.""]"
travel_04,rag,2,15,On which date did the traveler update employment verification documents?,F7,The traveler is gathering updated employment records this week; no specific date given.,"[""April 28, 2026"", ""The employment verification documents were updated on April 28, 2026"", ""The traveler updated employment verification documents on April 28, 2026.""]"
travel_04,rag,2,20,When does the traveler plan to fly to London for the training program?,F2,The traveler plans to fly to London for training in early July.,"[""London on November 3, 2026"", ""The traveler plans to fly to London on November 3, 2026"", ""The traveler plans to fly to London on November 3, 2026 for a training program.""]"
travel_04,rag,2,25,By when must the traveler receive the visa decision?,F4,"By early November 2026, before the planned November 3, 2026, trip to London.","[""Before October 1, 2026"", ""The visa decision must arrive before October 1, 2026"", ""The traveler must receive the visa decision before October 1, 2026.""]"
travel_04,rag,3,5,When does the traveler's current passport expire?,F1,I don't know,"[""2028"", ""It expires on January 9, 2028"", ""The traveler\u2019s current passport expires on January 9, 2028.""]"
travel_04,rag,3,10,During which week can the traveler not travel to Islamabad for biometric appointments?,F3,The traveler cannot travel during weeks before early July for biometric appointments in Islamabad.,"[""The first week of July"", ""The traveler cannot travel to Islamabad during the first week of July"", ""The traveler cannot travel to Islamabad for biometric appointments during the first week of July.""]"
travel_04,rag,3,15,On which date did the traveler update employment verification documents?,F7,The traveler is gathering updated employment records from HR this week.,"[""April 28, 2026"", ""The employment verification documents were updated on April 28, 2026"", ""The traveler updated employment verification documents on April 28, 2026.""]"
travel_04,rag,3,20,When does the traveler plan to fly to London for the training program?,F2,The conversation history does not specify the traveler's exact planned flight date to London for training.,"[""London on November 3, 2026"", ""The traveler plans to fly to London on November 3, 2026"", ""The traveler plans to fly to London on November 3, 2026 for a training program.""]"
travel_04,rag,3,25,By when must the traveler receive the visa decision?,F4,"The visa decision must be received well before November 3, 2026, the planned travel date.","[""Before October 1, 2026"", ""The visa decision must arrive before October 1, 2026"", ""The traveler must receive the visa decision before October 1, 2026.""]"
travel_04,rag,4,5,When does the traveler's current passport expire?,F1,I don't know,"[""2028"", ""It expires on January 9, 2028"", ""The traveler\u2019s current passport expires on January 9, 2028.""]"
travel_04,rag,4,10,During which week can the traveler not travel to Islamabad for biometric appointments?,F3,The traveler cannot travel to Islamabad during any week without biometric slots before early July.,"[""The first week of July"", ""The traveler cannot travel to Islamabad during the first week of July"", ""The traveler cannot travel to Islamabad for biometric appointments during the first week of July.""]"
travel_04,rag,4,15,On which date did the traveler update employment verification documents?,F7,"This week (relative to the conversation), no specific date provided.","[""April 28, 2026"", ""The employment verification documents were updated on April 28, 2026"", ""The traveler updated employment verification documents on April 28, 2026.""]"
travel_04,rag,4,20,When does the traveler plan to fly to London for the training program?,F2,"In early July, avoiding the first week, likely mid-July for biometric appointments and travel to London.","[""London on November 3, 2026"", ""The traveler plans to fly to London on November 3, 2026"", ""The traveler plans to fly to London on November 3, 2026 for a training program.""]"
travel_04,rag,4,25,By when must the traveler receive the visa decision?,F4,"The visa decision must be received before November 3, 2026, the planned travel date to London.","[""Before October 1, 2026"", ""The visa decision must arrive before October 1, 2026"", ""The traveler must receive the visa decision before October 1, 2026.""]"
travel_05,baseline,0,5,Under what name did the traveler book through Booking.com?,F1,I don't know,"[""Omar Siddiqui"", ""The booking was under Omar Siddiqui."", ""The traveler booked through Booking.com under the name Omar Siddiqui.""]"
travel_05,baseline,0,10,What status does the traveler hold in the StayPlus loyalty program?,F6,Gold status,"[""Gold status"", ""StayPlus Gold status"", ""The traveler holds Gold status in the StayPlus loyalty program.""]"
travel_05,baseline,0,15,Near which station is the traveler attending a conference?,F5,Near Roma Termini station.,"[""Roma Termini station"", ""Near Roma Termini"", ""The traveler is attending a conference near Roma Termini station.""]"
travel_05,baseline,0,20,What star rating does the traveler refuse accommodations below?,F3,I don't know,"[""Four stars or higher"", ""No accommodations below four stars"", ""The traveler refuses accommodations rated below four stars.""]"
travel_05,baseline,0,25,What was the alternate hotel offered later?,F8,Grand Verdi Suites,"[""Grand Verdi Suites"", ""They later offered Grand Verdi Suites."", ""The alternate hotel offered later was Grand Verdi Suites.""]"
travel_05,baseline,1,5,Under what name did the traveler book through Booking.com?,F1,I don't know,"[""Omar Siddiqui"", ""The booking was under Omar Siddiqui."", ""The traveler booked through Booking.com under the name Omar Siddiqui.""]"
travel_05,baseline,1,10,What status does the traveler hold in the StayPlus loyalty program?,F6,Gold loyalty status,"[""Gold status"", ""StayPlus Gold status"", ""The traveler holds Gold status in the StayPlus loyalty program.""]"
travel_05,baseline,1,15,Near which station is the traveler attending a conference?,F5,The traveler is attending a conference near Roma Termini station.,"[""Roma Termini station"", ""Near Roma Termini"", ""The traveler is attending a conference near Roma Termini station.""]"
travel_05,baseline,1,20,What star rating does the traveler refuse accommodations below?,F3,I don't know,"[""Four stars or higher"", ""No accommodations below four stars"", ""The traveler refuses accommodations rated below four stars.""]"
travel_05,baseline,1,25,What was the alternate hotel offered later?,F8,Grand Verdi Suites,"[""Grand Verdi Suites"", ""They later offered Grand Verdi Suites."", ""The alternate hotel offered later was Grand Verdi Suites.""]"
travel_05,baseline,2,5,Under what name did the traveler book through Booking.com?,F1,I don't know,"[""Omar Siddiqui"", ""The booking was under Omar Siddiqui."", ""The traveler booked through Booking.com under the name Omar Siddiqui.""]"
travel_05,baseline,2,10,What status does the traveler hold in the StayPlus loyalty program?,F6,Gold,"[""Gold status"", ""StayPlus Gold status"", ""The traveler holds Gold status in the StayPlus loyalty program.""]"
travel_05,baseline,2,15,Near which station is the traveler attending a conference?,F5,Near Roma Termini station.,"[""Roma Termini station"", ""Near Roma Termini"", ""The traveler is attending a conference near Roma Termini station.""]"
travel_05,baseline,2,20,What star rating does the traveler refuse accommodations below?,F3,I don't know,"[""Four stars or higher"", ""No accommodations below four stars"", ""The traveler refuses accommodations rated below four stars.""]"
travel_05,baseline,2,25,What was the alternate hotel offered later?,F8,Grand Verdi Suites,"[""Grand Verdi Suites"", ""They later offered Grand Verdi Suites."", ""The alternate hotel offered later was Grand Verdi Suites.""]"
travel_05,baseline,3,5,Under what name did the traveler book through Booking.com?,F1,I don't know,"[""Omar Siddiqui"", ""The booking was under Omar Siddiqui."", ""The traveler booked through Booking.com under the name Omar Siddiqui.""]"
travel_05,baseline,3,10,What status does the traveler hold in the StayPlus loyalty program?,F6,Gold loyalty status,"[""Gold status"", ""StayPlus Gold status"", ""The traveler holds Gold status in the StayPlus loyalty program.""]"
travel_05,baseline,3,15,Near which station is the traveler attending a conference?,F5,Near Roma Termini station.,"[""Roma Termini station"", ""Near Roma Termini"", ""The traveler is attending a conference near Roma Termini station.""]"
travel_05,baseline,3,20,What star rating does the traveler refuse accommodations below?,F3,I don't know,"[""Four stars or higher"", ""No accommodations below four stars"", ""The traveler refuses accommodations rated below four stars.""]"
travel_05,baseline,3,25,What was the alternate hotel offered later?,F8,Grand Verdi Suites,"[""Grand Verdi Suites"", ""They later offered Grand Verdi Suites."", ""The alternate hotel offered later was Grand Verdi Suites.""]"
travel_05,baseline,4,5,Under what name did the traveler book through Booking.com?,F1,I don't know,"[""Omar Siddiqui"", ""The booking was under Omar Siddiqui."", ""The traveler booked through Booking.com under the name Omar Siddiqui.""]"
travel_05,baseline,4,10,What status does the traveler hold in the StayPlus loyalty program?,F6,Gold loyalty status,"[""Gold status"", ""StayPlus Gold status"", ""The traveler holds Gold status in the StayPlus loyalty program.""]"
travel_05,baseline,4,15,Near which station is the traveler attending a conference?,F5,Near Roma Termini station.,"[""Roma Termini station"", ""Near Roma Termini"", ""The traveler is attending a conference near Roma Termini station.""]"
travel_05,baseline,4,20,What star rating does the traveler refuse accommodations below?,F3,I don't know,"[""Four stars or higher"", ""No accommodations below four stars"", ""The traveler refuses accommodations rated below four stars.""]"
travel_05,baseline,4,25,What was the alternate hotel offered later?,F8,Grand Verdi Suites,"[""Grand Verdi Suites"", ""They later offered Grand Verdi Suites."", ""The alternate hotel offered later was Grand Verdi Suites.""]"
travel_05,rolling_summary,0,5,Under what name did the traveler book through Booking.com?,F1,I don't know,"[""Omar Siddiqui"", ""The booking was under Omar Siddiqui."", ""The traveler booked through Booking.com under the name Omar Siddiqui.""]"
travel_05,rolling_summary,0,10,What status does the traveler hold in the StayPlus loyalty program?,F6,Gold loyalty status,"[""Gold status"", ""StayPlus Gold status"", ""The traveler holds Gold status in the StayPlus loyalty program.""]"
travel_05,rolling_summary,0,15,Near which station is the traveler attending a conference?,F5,The traveler is attending a conference near Roma Termini station.,"[""Roma Termini station"", ""Near Roma Termini"", ""The traveler is attending a conference near Roma Termini station.""]"
travel_05,rolling_summary,0,20,What star rating does the traveler refuse accommodations below?,F3,I don't know,"[""Four stars or higher"", ""No accommodations below four stars"", ""The traveler refuses accommodations rated below four stars.""]"
travel_05,rolling_summary,0,25,What was the alternate hotel offered later?,F8,Grand Verdi Suites,"[""Grand Verdi Suites"", ""They later offered Grand Verdi Suites."", ""The alternate hotel offered later was Grand Verdi Suites.""]"
travel_05,rolling_summary,1,5,Under what name did the traveler book through Booking.com?,F1,I don't know,"[""Omar Siddiqui"", ""The booking was under Omar Siddiqui."", ""The traveler booked through Booking.com under the name Omar Siddiqui.""]"
travel_05,rolling_summary,1,10,What status does the traveler hold in the StayPlus loyalty program?,F6,Gold loyalty status,"[""Gold status"", ""StayPlus Gold status"", ""The traveler holds Gold status in the StayPlus loyalty program.""]"
travel_05,rolling_summary,1,15,Near which station is the traveler attending a conference?,F5,I don't know,"[""Roma Termini station"", ""Near Roma Termini"", ""The traveler is attending a conference near Roma Termini station.""]"
travel_05,rolling_summary,1,20,What star rating does the traveler refuse accommodations below?,F3,I don't know,"[""Four stars or higher"", ""No accommodations below four stars"", ""The traveler refuses accommodations rated below four stars.""]"
travel_05,rolling_summary,1,25,What was the alternate hotel offered later?,F8,Grand Verdi Suites,"[""Grand Verdi Suites"", ""They later offered Grand Verdi Suites."", ""The alternate hotel offered later was Grand Verdi Suites.""]"
travel_05,rolling_summary,2,5,Under what name did the traveler book through Booking.com?,F1,I don't know,"[""Omar Siddiqui"", ""The booking was under Omar Siddiqui."", ""The traveler booked through Booking.com under the name Omar Siddiqui.""]"
travel_05,rolling_summary,2,10,What status does the traveler hold in the StayPlus loyalty program?,F6,Gold loyalty status.,"[""Gold status"", ""StayPlus Gold status"", ""The traveler holds Gold status in the StayPlus loyalty program.""]"
travel_05,rolling_summary,2,15,Near which station is the traveler attending a conference?,F5,Near Roma Termini station.,"[""Roma Termini station"", ""Near Roma Termini"", ""The traveler is attending a conference near Roma Termini station.""]"
travel_05,rolling_summary,2,20,What star rating does the traveler refuse accommodations below?,F3,I don't know,"[""Four stars or higher"", ""No accommodations below four stars"", ""The traveler refuses accommodations rated below four stars.""]"
travel_05,rolling_summary,2,25,What was the alternate hotel offered later?,F8,Grand Verdi Suites,"[""Grand Verdi Suites"", ""They later offered Grand Verdi Suites."", ""The alternate hotel offered later was Grand Verdi Suites.""]"
travel_05,rolling_summary,3,5,Under what name did the traveler book through Booking.com?,F1,I don't know,"[""Omar Siddiqui"", ""The booking was under Omar Siddiqui."", ""The traveler booked through Booking.com under the name Omar Siddiqui.""]"
travel_05,rolling_summary,3,10,What status does the traveler hold in the StayPlus loyalty program?,F6,Gold loyalty status,"[""Gold status"", ""StayPlus Gold status"", ""The traveler holds Gold status in the StayPlus loyalty program.""]"
travel_05,rolling_summary,3,15,Near which station is the traveler attending a conference?,F5,Roma Termini station,"[""Roma Termini station"", ""Near Roma Termini"", ""The traveler is attending a conference near Roma Termini station.""]"
travel_05,rolling_summary,3,20,What star rating does the traveler refuse accommodations below?,F3,I don't know,"[""Four stars or higher"", ""No accommodations below four stars"", ""The traveler refuses accommodations rated below four stars.""]"
travel_05,rolling_summary,3,25,What was the alternate hotel offered later?,F8,Grand Verdi Suites was the alternate hotel offered later.,"[""Grand Verdi Suites"", ""They later offered Grand Verdi Suites."", ""The alternate hotel offered later was Grand Verdi Suites.""]"
travel_05,rolling_summary,4,5,Under what name did the traveler book through Booking.com?,F1,I don't know,"[""Omar Siddiqui"", ""The booking was under Omar Siddiqui."", ""The traveler booked through Booking.com under the name Omar Siddiqui.""]"
travel_05,rolling_summary,4,10,What status does the traveler hold in the StayPlus loyalty program?,F6,Gold,"[""Gold status"", ""StayPlus Gold status"", ""The traveler holds Gold status in the StayPlus loyalty program.""]"
travel_05,rolling_summary,4,15,Near which station is the traveler attending a conference?,F5,Near Roma Termini station.,"[""Roma Termini station"", ""Near Roma Termini"", ""The traveler is attending a conference near Roma Termini station.""]"
travel_05,rolling_summary,4,20,What star rating does the traveler refuse accommodations below?,F3,I don't know,"[""Four stars or higher"", ""No accommodations below four stars"", ""The traveler refuses accommodations rated below four stars.""]"
travel_05,rolling_summary,4,25,What was the alternate hotel offered later?,F8,Grand Verdi Suites,"[""Grand Verdi Suites"", ""They later offered Grand Verdi Suites."", ""The alternate hotel offered later was Grand Verdi Suites.""]"
travel_05,hierarchical,0,5,Under what name did the traveler book through Booking.com?,F1,I don't know,"[""Omar Siddiqui"", ""The booking was under Omar Siddiqui."", ""The traveler booked through Booking.com under the name Omar Siddiqui.""]"
travel_05,hierarchical,0,10,What status does the traveler hold in the StayPlus loyalty program?,F6,Gold loyalty status,"[""Gold status"", ""StayPlus Gold status"", ""The traveler holds Gold status in the StayPlus loyalty program.""]"
travel_05,hierarchical,0,15,Near which station is the traveler attending a conference?,F5,Near Roma Termini station.,"[""Roma Termini station"", ""Near Roma Termini"", ""The traveler is attending a conference near Roma Termini station.""]"
travel_05,hierarchical,0,20,What star rating does the traveler refuse accommodations below?,F3,I don't know,"[""Four stars or higher"", ""No accommodations below four stars"", ""The traveler refuses accommodations rated below four stars.""]"
travel_05,hierarchical,0,25,What was the alternate hotel offered later?,F8,"Grand Verdi Suites, farther from Roma Termini with breakfast included but longer commute.","[""Grand Verdi Suites"", ""They later offered Grand Verdi Suites."", ""The alternate hotel offered later was Grand Verdi Suites.""]"
travel_05,hierarchical,1,5,Under what name did the traveler book through Booking.com?,F1,I don't know,"[""Omar Siddiqui"", ""The booking was under Omar Siddiqui."", ""The traveler booked through Booking.com under the name Omar Siddiqui.""]"
travel_05,hierarchical,1,10,What status does the traveler hold in the StayPlus loyalty program?,F6,Gold,"[""Gold status"", ""StayPlus Gold status"", ""The traveler holds Gold status in the StayPlus loyalty program.""]"
travel_05,hierarchical,1,15,Near which station is the traveler attending a conference?,F5,Near Roma Termini station.,"[""Roma Termini station"", ""Near Roma Termini"", ""The traveler is attending a conference near Roma Termini station.""]"
travel_05,hierarchical,1,20,What star rating does the traveler refuse accommodations below?,F3,I don't know,"[""Four stars or higher"", ""No accommodations below four stars"", ""The traveler refuses accommodations rated below four stars.""]"
travel_05,hierarchical,1,25,What was the alternate hotel offered later?,F8,"Grand Verdi Suites with breakfast, farther from Roma Termini, longer commute, offered as upgrade by hotel.","[""Grand Verdi Suites"", ""They later offered Grand Verdi Suites."", ""The alternate hotel offered later was Grand Verdi Suites.""]"
travel_05,hierarchical,2,5,Under what name did the traveler book through Booking.com?,F1,I don't know,"[""Omar Siddiqui"", ""The booking was under Omar Siddiqui."", ""The traveler booked through Booking.com under the name Omar Siddiqui.""]"
travel_05,hierarchical,2,10,What status does the traveler hold in the StayPlus loyalty program?,F6,Gold loyalty status,"[""Gold status"", ""StayPlus Gold status"", ""The traveler holds Gold status in the StayPlus loyalty program.""]"
travel_05,hierarchical,2,15,Near which station is the traveler attending a conference?,F5,Near Roma Termini station.,"[""Roma Termini station"", ""Near Roma Termini"", ""The traveler is attending a conference near Roma Termini station.""]"
travel_05,hierarchical,2,20,What star rating does the traveler refuse accommodations below?,F3,I don't know,"[""Four stars or higher"", ""No accommodations below four stars"", ""The traveler refuses accommodations rated below four stars.""]"
travel_05,hierarchical,2,25,What was the alternate hotel offered later?,F8,Grand Verdi Suites was the alternate hotel offered later.,"[""Grand Verdi Suites"", ""They later offered Grand Verdi Suites."", ""The alternate hotel offered later was Grand Verdi Suites.""]"
travel_05,hierarchical,3,5,Under what name did the traveler book through Booking.com?,F1,I don't know,"[""Omar Siddiqui"", ""The booking was under Omar Siddiqui."", ""The traveler booked through Booking.com under the name Omar Siddiqui.""]"
travel_05,hierarchical,3,10,What status does the traveler hold in the StayPlus loyalty program?,F6,Gold loyalty status,"[""Gold status"", ""StayPlus Gold status"", ""The traveler holds Gold status in the StayPlus loyalty program.""]"
travel_05,hierarchical,3,15,Near which station is the traveler attending a conference?,F5,Roma Termini station,"[""Roma Termini station"", ""Near Roma Termini"", ""The traveler is attending a conference near Roma Termini station.""]"
travel_05,hierarchical,3,20,What star rating does the traveler refuse accommodations below?,F3,I don't know,"[""Four stars or higher"", ""No accommodations below four stars"", ""The traveler refuses accommodations rated below four stars.""]"
travel_05,hierarchical,3,25,What was the alternate hotel offered later?,F8,Grand Verdi Suites was the alternate hotel offered later.,"[""Grand Verdi Suites"", ""They later offered Grand Verdi Suites."", ""The alternate hotel offered later was Grand Verdi Suites.""]"
travel_05,hierarchical,4,5,Under what name did the traveler book through Booking.com?,F1,I don't know,"[""Omar Siddiqui"", ""The booking was under Omar Siddiqui."", ""The traveler booked through Booking.com under the name Omar Siddiqui.""]"
travel_05,hierarchical,4,10,What status does the traveler hold in the StayPlus loyalty program?,F6,Gold loyalty status,"[""Gold status"", ""StayPlus Gold status"", ""The traveler holds Gold status in the StayPlus loyalty program.""]"
travel_05,hierarchical,4,15,Near which station is the traveler attending a conference?,F5,Near Roma Termini station.,"[""Roma Termini station"", ""Near Roma Termini"", ""The traveler is attending a conference near Roma Termini station.""]"
travel_05,hierarchical,4,20,What star rating does the traveler refuse accommodations below?,F3,I don't know,"[""Four stars or higher"", ""No accommodations below four stars"", ""The traveler refuses accommodations rated below four stars.""]"
travel_05,hierarchical,4,25,What was the alternate hotel offered later?,F8,Grand Verdi Suites was the alternate hotel offered later.,"[""Grand Verdi Suites"", ""They later offered Grand Verdi Suites."", ""The alternate hotel offered later was Grand Verdi Suites.""]"
travel_05,rag,0,5,Under what name did the traveler book through Booking.com?,F1,I don't know,"[""Omar Siddiqui"", ""The booking was under Omar Siddiqui."", ""The traveler booked through Booking.com under the name Omar Siddiqui.""]"
travel_05,rag,0,10,What status does the traveler hold in the StayPlus loyalty program?,F6,Gold loyalty status,"[""Gold status"", ""StayPlus Gold status"", ""The traveler holds Gold status in the StayPlus loyalty program.""]"
travel_05,rag,0,15,Near which station is the traveler attending a conference?,F5,I don't know,"[""Roma Termini station"", ""Near Roma Termini"", ""The traveler is attending a conference near Roma Termini station.""]"
travel_05,rag,0,20,What star rating does the traveler refuse accommodations below?,F3,The traveler refuses accommodations below a 4-star rating.,"[""Four stars or higher"", ""No accommodations below four stars"", ""The traveler refuses accommodations rated below four stars.""]"
travel_05,rag,0,25,What was the alternate hotel offered later?,F8,Grand Verdi Suites,"[""Grand Verdi Suites"", ""They later offered Grand Verdi Suites."", ""The alternate hotel offered later was Grand Verdi Suites.""]"
travel_05,rag,1,5,Under what name did the traveler book through Booking.com?,F1,I don't know,"[""Omar Siddiqui"", ""The booking was under Omar Siddiqui."", ""The traveler booked through Booking.com under the name Omar Siddiqui.""]"
travel_05,rag,1,10,What status does the traveler hold in the StayPlus loyalty program?,F6,Gold loyalty status,"[""Gold status"", ""StayPlus Gold status"", ""The traveler holds Gold status in the StayPlus loyalty program.""]"
travel_05,rag,1,15,Near which station is the traveler attending a conference?,F5,I don't know,"[""Roma Termini station"", ""Near Roma Termini"", ""The traveler is attending a conference near Roma Termini station.""]"
travel_05,rag,1,20,What star rating does the traveler refuse accommodations below?,F3,Four-star rating or higher accommodations.,"[""Four stars or higher"", ""No accommodations below four stars"", ""The traveler refuses accommodations rated below four stars.""]"
travel_05,rag,1,25,What was the alternate hotel offered later?,F8,Grand Verdi Suites,"[""Grand Verdi Suites"", ""They later offered Grand Verdi Suites."", ""The alternate hotel offered later was Grand Verdi Suites.""]"
travel_05,rag,2,5,Under what name did the traveler book through Booking.com?,F1,I don't know,"[""Omar Siddiqui"", ""The booking was under Omar Siddiqui."", ""The traveler booked through Booking.com under the name Omar Siddiqui.""]"
travel_05,rag,2,10,What status does the traveler hold in the StayPlus loyalty program?,F6,Gold,"[""Gold status"", ""StayPlus Gold status"", ""The traveler holds Gold status in the StayPlus loyalty program.""]"
travel_05,rag,2,15,Near which station is the traveler attending a conference?,F5,Near Roma Termini station.,"[""Roma Termini station"", ""Near Roma Termini"", ""The traveler is attending a conference near Roma Termini station.""]"
travel_05,rag,2,20,What star rating does the traveler refuse accommodations below?,F3,The traveler refuses accommodations below a 4-star rating.,"[""Four stars or higher"", ""No accommodations below four stars"", ""The traveler refuses accommodations rated below four stars.""]"
travel_05,rag,2,25,What was the alternate hotel offered later?,F8,"Grand Verdi Suites with breakfast included, but farther from the conference venue.","[""Grand Verdi Suites"", ""They later offered Grand Verdi Suites."", ""The alternate hotel offered later was Grand Verdi Suites.""]"
travel_05,rag,3,5,Under what name did the traveler book through Booking.com?,F1,I don't know,"[""Omar Siddiqui"", ""The booking was under Omar Siddiqui."", ""The traveler booked through Booking.com under the name Omar Siddiqui.""]"
travel_05,rag,3,10,What status does the traveler hold in the StayPlus loyalty program?,F6,Gold,"[""Gold status"", ""StayPlus Gold status"", ""The traveler holds Gold status in the StayPlus loyalty program.""]"
travel_05,rag,3,15,Near which station is the traveler attending a conference?,F5,I don't know,"[""Roma Termini station"", ""Near Roma Termini"", ""The traveler is attending a conference near Roma Termini station.""]"
travel_05,rag,3,20,What star rating does the traveler refuse accommodations below?,F3,"The traveler refuses accommodations below the originally booked star rating, implying no downgrade allowed.","[""Four stars or higher"", ""No accommodations below four stars"", ""The traveler refuses accommodations rated below four stars.""]"
travel_05,rag,3,25,What was the alternate hotel offered later?,F8,Grand Verdi Suites,"[""Grand Verdi Suites"", ""They later offered Grand Verdi Suites."", ""The alternate hotel offered later was Grand Verdi Suites.""]"
travel_05,rag,4,5,Under what name did the traveler book through Booking.com?,F1,I don't know,"[""Omar Siddiqui"", ""The booking was under Omar Siddiqui."", ""The traveler booked through Booking.com under the name Omar Siddiqui.""]"
travel_05,rag,4,10,What status does the traveler hold in the StayPlus loyalty program?,F6,Gold,"[""Gold status"", ""StayPlus Gold status"", ""The traveler holds Gold status in the StayPlus loyalty program.""]"
travel_05,rag,4,15,Near which station is the traveler attending a conference?,F5,I don't know,"[""Roma Termini station"", ""Near Roma Termini"", ""The traveler is attending a conference near Roma Termini station.""]"
travel_05,rag,4,20,What star rating does the traveler refuse accommodations below?,F3,The traveler refuses accommodations below 4-star rating.,"[""Four stars or higher"", ""No accommodations below four stars"", ""The traveler refuses accommodations rated below four stars.""]"
travel_05,rag,4,25,What was the alternate hotel offered later?,F8,Grand Verdi Suites,"[""Grand Verdi Suites"", ""They later offered Grand Verdi Suites."", ""The alternate hotel offered later was Grand Verdi Suites.""]"
travel_06,baseline,0,5,What name is the Hilton Honors account registered to?,F1,I don't know,"[""Priya Malhotra"", ""The Hilton Honors account was registered to Priya Malhotra."", ""The traveler booked using the Hilton Honors account registered to Priya Malhotra.""]"
travel_06,baseline,0,10,What elite status does the traveler have with Hilton Honors?,F6,I don't know,"[""Diamond elite status"", ""Hilton Honors Diamond elite"", ""The traveler has Diamond elite status with Hilton Honors.""]"
travel_06,baseline,0,15,What late check-in availability does the traveler require?,F3,The traveler requires that their arrival time cannot change; implies no late check-in availability.,"[""Late check-in after midnight"", ""Availability for check-in after midnight"", ""The traveler requires late check-in availability after midnight.""]"
travel_06,baseline,0,20,What did the hotel later admit?,F7,The hotel admitted the cancellation was due to inventory shortage.,"[""Inventory issues"", ""They later admitted inventory issues."", ""The hotel initially blamed a payment verification problem but later admitted inventory issues.""]"
travel_06,baseline,0,25,What replacement property was later proposed?,F8,Marina Edge Residences was later proposed as the replacement property.,"[""Marina Edge Residences"", ""The replacement property was Marina Edge Residences."", ""The replacement property later proposed was Marina Edge Residences.""]"
travel_06,baseline,1,5,What name is the Hilton Honors account registered to?,F1,I don't know,"[""Priya Malhotra"", ""The Hilton Honors account was registered to Priya Malhotra."", ""The traveler booked using the Hilton Honors account registered to Priya Malhotra.""]"
travel_06,baseline,1,10,What elite status does the traveler have with Hilton Honors?,F6,I don't know,"[""Diamond elite status"", ""Hilton Honors Diamond elite"", ""The traveler has Diamond elite status with Hilton Honors.""]"
travel_06,baseline,1,15,What late check-in availability does the traveler require?,F3,The traveler requires fixed arrival time without change; no specific late check-in time mentioned.,"[""Late check-in after midnight"", ""Availability for check-in after midnight"", ""The traveler requires late check-in availability after midnight.""]"
travel_06,baseline,1,20,What did the hotel later admit?,F7,The hotel admitted the cancellation reason changed from payment verification to inventory shortage.,"[""Inventory issues"", ""They later admitted inventory issues."", ""The hotel initially blamed a payment verification problem but later admitted inventory issues.""]"
travel_06,baseline,1,25,What replacement property was later proposed?,F8,Marina Edge Residences was later proposed as the replacement property.,"[""Marina Edge Residences"", ""The replacement property was Marina Edge Residences."", ""The replacement property later proposed was Marina Edge Residences.""]"
travel_06,baseline,2,5,What name is the Hilton Honors account registered to?,F1,I don't know,"[""Priya Malhotra"", ""The Hilton Honors account was registered to Priya Malhotra."", ""The traveler booked using the Hilton Honors account registered to Priya Malhotra.""]"
travel_06,baseline,2,10,What elite status does the traveler have with Hilton Honors?,F6,I don't know,"[""Diamond elite status"", ""Hilton Honors Diamond elite"", ""The traveler has Diamond elite status with Hilton Honors.""]"
travel_06,baseline,2,15,What late check-in availability does the traveler require?,F3,The traveler requires a late check-in that does not change their fixed arrival time.,"[""Late check-in after midnight"", ""Availability for check-in after midnight"", ""The traveler requires late check-in availability after midnight.""]"
travel_06,baseline,2,20,What did the hotel later admit?,F7,"The hotel admitted the real cancellation reason was inventory shortage, not just automated payment verification.","[""Inventory issues"", ""They later admitted inventory issues."", ""The hotel initially blamed a payment verification problem but later admitted inventory issues.""]"
travel_06,baseline,2,25,What replacement property was later proposed?,F8,Marina Edge Residences was the proposed replacement property.,"[""Marina Edge Residences"", ""The replacement property was Marina Edge Residences."", ""The replacement property later proposed was Marina Edge Residences.""]"
travel_06,baseline,3,5,What name is the Hilton Honors account registered to?,F1,I don't know,"[""Priya Malhotra"", ""The Hilton Honors account was registered to Priya Malhotra."", ""The traveler booked using the Hilton Honors account registered to Priya Malhotra.""]"
travel_06,baseline,3,10,What elite status does the traveler have with Hilton Honors?,F6,I don't know,"[""Diamond elite status"", ""Hilton Honors Diamond elite"", ""The traveler has Diamond elite status with Hilton Honors.""]"
travel_06,baseline,3,15,What late check-in availability does the traveler require?,F3,The traveler requires a fixed arrival time that cannot be changed.,"[""Late check-in after midnight"", ""Availability for check-in after midnight"", ""The traveler requires late check-in availability after midnight.""]"
travel_06,baseline,3,20,What did the hotel later admit?,F7,The hotel admitted the cancellation reason changed from payment verification to inventory shortage.,"[""Inventory issues"", ""They later admitted inventory issues."", ""The hotel initially blamed a payment verification problem but later admitted inventory issues.""]"
travel_06,baseline,3,25,What replacement property was later proposed?,F8,Marina Edge Residences,"[""Marina Edge Residences"", ""The replacement property was Marina Edge Residences."", ""The replacement property later proposed was Marina Edge Residences.""]"
travel_06,baseline,4,5,What name is the Hilton Honors account registered to?,F1,I don't know,"[""Priya Malhotra"", ""The Hilton Honors account was registered to Priya Malhotra."", ""The traveler booked using the Hilton Honors account registered to Priya Malhotra.""]"
travel_06,baseline,4,10,What elite status does the traveler have with Hilton Honors?,F6,I don't know,"[""Diamond elite status"", ""Hilton Honors Diamond elite"", ""The traveler has Diamond elite status with Hilton Honors.""]"
travel_06,baseline,4,15,What late check-in availability does the traveler require?,F3,I don't know,"[""Late check-in after midnight"", ""Availability for check-in after midnight"", ""The traveler requires late check-in availability after midnight.""]"
travel_06,baseline,4,20,What did the hotel later admit?,F7,The hotel admitted the cancellation was automated and unavoidable.,"[""Inventory issues"", ""They later admitted inventory issues."", ""The hotel initially blamed a payment verification problem but later admitted inventory issues.""]"
travel_06,baseline,4,25,What replacement property was later proposed?,F8,Marina Edge Residences was the replacement property later proposed.,"[""Marina Edge Residences"", ""The replacement property was Marina Edge Residences."", ""The replacement property later proposed was Marina Edge Residences.""]"
travel_06,rolling_summary,0,5,What name is the Hilton Honors account registered to?,F1,I don't know,"[""Priya Malhotra"", ""The Hilton Honors account was registered to Priya Malhotra."", ""The traveler booked using the Hilton Honors account registered to Priya Malhotra.""]"
travel_06,rolling_summary,0,10,What elite status does the traveler have with Hilton Honors?,F6,The traveler has a Hilton Honors account registered to Priya Malhotra; elite status not specified.,"[""Diamond elite status"", ""Hilton Honors Diamond elite"", ""The traveler has Diamond elite status with Hilton Honors.""]"
travel_06,rolling_summary,0,15,What late check-in availability does the traveler require?,F3,"The traveler requires fixed, unchangeable arrival time, implying guaranteed late check-in availability.","[""Late check-in after midnight"", ""Availability for check-in after midnight"", ""The traveler requires late check-in availability after midnight.""]"
travel_06,rolling_summary,0,20,What did the hotel later admit?,F7,The hotel later admitted inventory shortage was the true reason for the reservation cancellation.,"[""Inventory issues"", ""They later admitted inventory issues."", ""The hotel initially blamed a payment verification problem but later admitted inventory issues.""]"
travel_06,rolling_summary,0,25,What replacement property was later proposed?,F8,Marina Edge Residences was the replacement property proposed.,"[""Marina Edge Residences"", ""The replacement property was Marina Edge Residences."", ""The replacement property later proposed was Marina Edge Residences.""]"
travel_06,rolling_summary,1,5,What name is the Hilton Honors account registered to?,F1,I don't know,"[""Priya Malhotra"", ""The Hilton Honors account was registered to Priya Malhotra."", ""The traveler booked using the Hilton Honors account registered to Priya Malhotra.""]"
travel_06,rolling_summary,1,10,What elite status does the traveler have with Hilton Honors?,F6,I don't know,"[""Diamond elite status"", ""Hilton Honors Diamond elite"", ""The traveler has Diamond elite status with Hilton Honors.""]"
travel_06,rolling_summary,1,15,What late check-in availability does the traveler require?,F3,The traveler requires a fixed arrival time with no late check-in changes.,"[""Late check-in after midnight"", ""Availability for check-in after midnight"", ""The traveler requires late check-in availability after midnight.""]"
travel_06,rolling_summary,1,20,What did the hotel later admit?,F7,The hotel later admitted the cancellation was automated and unavoidable.,"[""Inventory issues"", ""They later admitted inventory issues."", ""The hotel initially blamed a payment verification problem but later admitted inventory issues.""]"
travel_06,rolling_summary,1,25,What replacement property was later proposed?,F8,Marina Edge Residences was the replacement property later proposed.,"[""Marina Edge Residences"", ""The replacement property was Marina Edge Residences."", ""The replacement property later proposed was Marina Edge Residences.""]"
travel_06,rolling_summary,2,5,What name is the Hilton Honors account registered to?,F1,I don't know,"[""Priya Malhotra"", ""The Hilton Honors account was registered to Priya Malhotra."", ""The traveler booked using the Hilton Honors account registered to Priya Malhotra.""]"
travel_06,rolling_summary,2,10,What elite status does the traveler have with Hilton Honors?,F6,I don't know,"[""Diamond elite status"", ""Hilton Honors Diamond elite"", ""The traveler has Diamond elite status with Hilton Honors.""]"
travel_06,rolling_summary,2,15,What late check-in availability does the traveler require?,F3,The traveler requires a fixed arrival time and cannot change their late check-in availability.,"[""Late check-in after midnight"", ""Availability for check-in after midnight"", ""The traveler requires late check-in availability after midnight.""]"
travel_06,rolling_summary,2,20,What did the hotel later admit?,F7,"The hotel later admitted the cancellation was due to inventory shortage, not payment verification.","[""Inventory issues"", ""They later admitted inventory issues."", ""The hotel initially blamed a payment verification problem but later admitted inventory issues.""]"
travel_06,rolling_summary,2,25,What replacement property was later proposed?,F8,Marina Edge Residences was later proposed as the replacement property.,"[""Marina Edge Residences"", ""The replacement property was Marina Edge Residences."", ""The replacement property later proposed was Marina Edge Residences.""]"
travel_06,rolling_summary,3,5,What name is the Hilton Honors account registered to?,F1,I don't know,"[""Priya Malhotra"", ""The Hilton Honors account was registered to Priya Malhotra."", ""The traveler booked using the Hilton Honors account registered to Priya Malhotra.""]"
travel_06,rolling_summary,3,10,What elite status does the traveler have with Hilton Honors?,F6,The conversation history does not specify the traveler's elite status with Hilton Honors.,"[""Diamond elite status"", ""Hilton Honors Diamond elite"", ""The traveler has Diamond elite status with Hilton Honors.""]"
travel_06,rolling_summary,3,15,What late check-in availability does the traveler require?,F3,Traveler requires fixed arrival time; late check-in is not possible due to scheduled business meetings.,"[""Late check-in after midnight"", ""Availability for check-in after midnight"", ""The traveler requires late check-in availability after midnight.""]"
travel_06,rolling_summary,3,20,What did the hotel later admit?,F7,"The hotel later admitted cancellation was due to inventory shortage, not payment verification.","[""Inventory issues"", ""They later admitted inventory issues."", ""The hotel initially blamed a payment verification problem but later admitted inventory issues.""]"
travel_06,rolling_summary,3,25,What replacement property was later proposed?,F8,Marina Edge Residences was the replacement property later proposed.,"[""Marina Edge Residences"", ""The replacement property was Marina Edge Residences."", ""The replacement property later proposed was Marina Edge Residences.""]"
travel_06,rolling_summary,4,5,What name is the Hilton Honors account registered to?,F1,I don't know,"[""Priya Malhotra"", ""The Hilton Honors account was registered to Priya Malhotra."", ""The traveler booked using the Hilton Honors account registered to Priya Malhotra.""]"
travel_06,rolling_summary,4,10,What elite status does the traveler have with Hilton Honors?,F6,I don't know,"[""Diamond elite status"", ""Hilton Honors Diamond elite"", ""The traveler has Diamond elite status with Hilton Honors.""]"
travel_06,rolling_summary,4,15,What late check-in availability does the traveler require?,F3,The traveler requires late check-in accommodating their fixed arrival time without changes due to business commitments.,"[""Late check-in after midnight"", ""Availability for check-in after midnight"", ""The traveler requires late check-in availability after midnight.""]"
travel_06,rolling_summary,4,20,What did the hotel later admit?,F7,"The hotel admitted the true cancellation reason was inventory shortage, not payment verification.","[""Inventory issues"", ""They later admitted inventory issues."", ""The hotel initially blamed a payment verification problem but later admitted inventory issues.""]"
travel_06,rolling_summary,4,25,What replacement property was later proposed?,F8,Marina Edge Residences was the replacement property later proposed.,"[""Marina Edge Residences"", ""The replacement property was Marina Edge Residences."", ""The replacement property later proposed was Marina Edge Residences.""]"
travel_06,hierarchical,0,5,What name is the Hilton Honors account registered to?,F1,I don't know,"[""Priya Malhotra"", ""The Hilton Honors account was registered to Priya Malhotra."", ""The traveler booked using the Hilton Honors account registered to Priya Malhotra.""]"
travel_06,hierarchical,0,10,What elite status does the traveler have with Hilton Honors?,F6,I don't know,"[""Diamond elite status"", ""Hilton Honors Diamond elite"", ""The traveler has Diamond elite status with Hilton Honors.""]"
travel_06,hierarchical,0,15,What late check-in availability does the traveler require?,F3,"The traveler requires guaranteed arrival time with no changes, implying late check-in must be accommodated accordingly.","[""Late check-in after midnight"", ""Availability for check-in after midnight"", ""The traveler requires late check-in availability after midnight.""]"
travel_06,hierarchical,0,20,What did the hotel later admit?,F7,"The hotel later admitted the genuine cancellation reason was inventory shortage, not payment verification.","[""Inventory issues"", ""They later admitted inventory issues."", ""The hotel initially blamed a payment verification problem but later admitted inventory issues.""]"
travel_06,hierarchical,0,25,What replacement property was later proposed?,F8,Marina Edge Residences was proposed as the replacement property.,"[""Marina Edge Residences"", ""The replacement property was Marina Edge Residences."", ""The replacement property later proposed was Marina Edge Residences.""]"
travel_06,hierarchical,1,5,What name is the Hilton Honors account registered to?,F1,I don't know,"[""Priya Malhotra"", ""The Hilton Honors account was registered to Priya Malhotra."", ""The traveler booked using the Hilton Honors account registered to Priya Malhotra.""]"
travel_06,hierarchical,1,10,What elite status does the traveler have with Hilton Honors?,F6,I don't know,"[""Diamond elite status"", ""Hilton Honors Diamond elite"", ""The traveler has Diamond elite status with Hilton Honors.""]"
travel_06,hierarchical,1,15,What late check-in availability does the traveler require?,F3,"The traveler requires a fixed arrival time, implying late check-in availability that does not alter original timing.","[""Late check-in after midnight"", ""Availability for check-in after midnight"", ""The traveler requires late check-in availability after midnight.""]"
travel_06,hierarchical,1,20,What did the hotel later admit?,F7,The hotel later admitted the cancellation was due to inventory shortage.,"[""Inventory issues"", ""They later admitted inventory issues."", ""The hotel initially blamed a payment verification problem but later admitted inventory issues.""]"
travel_06,hierarchical,1,25,What replacement property was later proposed?,F8,Marina Edge Residences was the replacement property proposed.,"[""Marina Edge Residences"", ""The replacement property was Marina Edge Residences."", ""The replacement property later proposed was Marina Edge Residences.""]"
travel_06,hierarchical,2,5,What name is the Hilton Honors account registered to?,F1,I don't know,"[""Priya Malhotra"", ""The Hilton Honors account was registered to Priya Malhotra."", ""The traveler booked using the Hilton Honors account registered to Priya Malhotra.""]"
travel_06,hierarchical,2,10,What elite status does the traveler have with Hilton Honors?,F6,I don't know,"[""Diamond elite status"", ""Hilton Honors Diamond elite"", ""The traveler has Diamond elite status with Hilton Honors.""]"
travel_06,hierarchical,2,15,What late check-in availability does the traveler require?,F3,The traveler requires that their arrival time is fixed and cannot be changed.,"[""Late check-in after midnight"", ""Availability for check-in after midnight"", ""The traveler requires late check-in availability after midnight.""]"
travel_06,hierarchical,2,20,What did the hotel later admit?,F7,Inventory shortage.,"[""Inventory issues"", ""They later admitted inventory issues."", ""The hotel initially blamed a payment verification problem but later admitted inventory issues.""]"
travel_06,hierarchical,2,25,What replacement property was later proposed?,F8,Marina Edge Residences was later proposed as the replacement property.,"[""Marina Edge Residences"", ""The replacement property was Marina Edge Residences."", ""The replacement property later proposed was Marina Edge Residences.""]"
travel_06,hierarchical,3,5,What name is the Hilton Honors account registered to?,F1,I don't know,"[""Priya Malhotra"", ""The Hilton Honors account was registered to Priya Malhotra."", ""The traveler booked using the Hilton Honors account registered to Priya Malhotra.""]"
travel_06,hierarchical,3,10,What elite status does the traveler have with Hilton Honors?,F6,I don't know,"[""Diamond elite status"", ""Hilton Honors Diamond elite"", ""The traveler has Diamond elite status with Hilton Honors.""]"
travel_06,hierarchical,3,15,What late check-in availability does the traveler require?,F3,"The traveler requires fixed arrival time due to prior business meeting commitments, implying late check-in is not acceptable.","[""Late check-in after midnight"", ""Availability for check-in after midnight"", ""The traveler requires late check-in availability after midnight.""]"
travel_06,hierarchical,3,20,What did the hotel later admit?,F7,"The hotel later admitted the cancellation was due to inventory shortage, not payment verification.","[""Inventory issues"", ""They later admitted inventory issues."", ""The hotel initially blamed a payment verification problem but later admitted inventory issues.""]"
travel_06,hierarchical,3,25,What replacement property was later proposed?,F8,Marina Edge Residences was proposed as the replacement property.,"[""Marina Edge Residences"", ""The replacement property was Marina Edge Residences."", ""The replacement property later proposed was Marina Edge Residences.""]"
travel_06,hierarchical,4,5,What name is the Hilton Honors account registered to?,F1,I don't know,"[""Priya Malhotra"", ""The Hilton Honors account was registered to Priya Malhotra."", ""The traveler booked using the Hilton Honors account registered to Priya Malhotra.""]"
travel_06,hierarchical,4,10,What elite status does the traveler have with Hilton Honors?,F6,I don't know,"[""Diamond elite status"", ""Hilton Honors Diamond elite"", ""The traveler has Diamond elite status with Hilton Honors.""]"
travel_06,hierarchical,4,15,What late check-in availability does the traveler require?,F3,The traveler requires a fixed arrival time and no change in late check-in availability.,"[""Late check-in after midnight"", ""Availability for check-in after midnight"", ""The traveler requires late check-in availability after midnight.""]"
travel_06,hierarchical,4,20,What did the hotel later admit?,F7,"The hotel later admitted the cancellation was due to inventory shortage, not payment verification issues.","[""Inventory issues"", ""They later admitted inventory issues."", ""The hotel initially blamed a payment verification problem but later admitted inventory issues.""]"
travel_06,hierarchical,4,25,What replacement property was later proposed?,F8,Marina Edge Residences was the replacement property later proposed by the hotel chain.,"[""Marina Edge Residences"", ""The replacement property was Marina Edge Residences."", ""The replacement property later proposed was Marina Edge Residences.""]"
travel_06,rag,0,5,What name is the Hilton Honors account registered to?,F1,I don't know,"[""Priya Malhotra"", ""The Hilton Honors account was registered to Priya Malhotra."", ""The traveler booked using the Hilton Honors account registered to Priya Malhotra.""]"
travel_06,rag,0,10,What elite status does the traveler have with Hilton Honors?,F6,I don't know,"[""Diamond elite status"", ""Hilton Honors Diamond elite"", ""The traveler has Diamond elite status with Hilton Honors.""]"
travel_06,rag,0,15,What late check-in availability does the traveler require?,F3,"The traveler requires strict adherence to their original fixed arrival time, no late check-in allowed.","[""Late check-in after midnight"", ""Availability for check-in after midnight"", ""The traveler requires late check-in availability after midnight.""]"
travel_06,rag,0,20,What did the hotel later admit?,F7,I don't know,"[""Inventory issues"", ""They later admitted inventory issues."", ""The hotel initially blamed a payment verification problem but later admitted inventory issues.""]"
travel_06,rag,0,25,What replacement property was later proposed?,F8,Marina Edge Residences was later proposed as the replacement property.,"[""Marina Edge Residences"", ""The replacement property was Marina Edge Residences."", ""The replacement property later proposed was Marina Edge Residences.""]"
travel_06,rag,1,5,What name is the Hilton Honors account registered to?,F1,I don't know,"[""Priya Malhotra"", ""The Hilton Honors account was registered to Priya Malhotra."", ""The traveler booked using the Hilton Honors account registered to Priya Malhotra.""]"
travel_06,rag,1,10,What elite status does the traveler have with Hilton Honors?,F6,I don't know,"[""Diamond elite status"", ""Hilton Honors Diamond elite"", ""The traveler has Diamond elite status with Hilton Honors.""]"
travel_06,rag,1,15,What late check-in availability does the traveler require?,F3,"The traveler requires a fixed, unchangeable arrival time—late check-in is not negotiable.","[""Late check-in after midnight"", ""Availability for check-in after midnight"", ""The traveler requires late check-in availability after midnight.""]"
travel_06,rag,1,20,What did the hotel later admit?,F7,I don't know,"[""Inventory issues"", ""They later admitted inventory issues."", ""The hotel initially blamed a payment verification problem but later admitted inventory issues.""]"
travel_06,rag,1,25,What replacement property was later proposed?,F8,I don't know,"[""Marina Edge Residences"", ""The replacement property was Marina Edge Residences."", ""The replacement property later proposed was Marina Edge Residences.""]"
travel_06,rag,2,5,What name is the Hilton Honors account registered to?,F1,I don't know,"[""Priya Malhotra"", ""The Hilton Honors account was registered to Priya Malhotra."", ""The traveler booked using the Hilton Honors account registered to Priya Malhotra.""]"
travel_06,rag,2,10,What elite status does the traveler have with Hilton Honors?,F6,I don't know,"[""Diamond elite status"", ""Hilton Honors Diamond elite"", ""The traveler has Diamond elite status with Hilton Honors.""]"
travel_06,rag,2,15,What late check-in availability does the traveler require?,F3,The traveler requires a fixed arrival time with no changes allowed for late check-in.,"[""Late check-in after midnight"", ""Availability for check-in after midnight"", ""The traveler requires late check-in availability after midnight.""]"
travel_06,rag,2,20,What did the hotel later admit?,F7,I don't know,"[""Inventory issues"", ""They later admitted inventory issues."", ""The hotel initially blamed a payment verification problem but later admitted inventory issues.""]"
travel_06,rag,2,25,What replacement property was later proposed?,F8,The replacement property differs in location from the original but no specific name was mentioned.,"[""Marina Edge Residences"", ""The replacement property was Marina Edge Residences."", ""The replacement property later proposed was Marina Edge Residences.""]"
travel_06,rag,3,5,What name is the Hilton Honors account registered to?,F1,I don't know,"[""Priya Malhotra"", ""The Hilton Honors account was registered to Priya Malhotra."", ""The traveler booked using the Hilton Honors account registered to Priya Malhotra.""]"
travel_06,rag,3,10,What elite status does the traveler have with Hilton Honors?,F6,I don't know,"[""Diamond elite status"", ""Hilton Honors Diamond elite"", ""The traveler has Diamond elite status with Hilton Honors.""]"
travel_06,rag,3,15,What late check-in availability does the traveler require?,F3,The traveler requires that their arrival time cannot change under any circumstances.,"[""Late check-in after midnight"", ""Availability for check-in after midnight"", ""The traveler requires late check-in availability after midnight.""]"
travel_06,rag,3,20,What did the hotel later admit?,F7,The hotel later admitted the real reason for the cancellation but was inconsistent in explanations.,"[""Inventory issues"", ""They later admitted inventory issues."", ""The hotel initially blamed a payment verification problem but later admitted inventory issues.""]"
travel_06,rag,3,25,What replacement property was later proposed?,F8,I don't know,"[""Marina Edge Residences"", ""The replacement property was Marina Edge Residences."", ""The replacement property later proposed was Marina Edge Residences.""]"
travel_06,rag,4,5,What name is the Hilton Honors account registered to?,F1,I don't know,"[""Priya Malhotra"", ""The Hilton Honors account was registered to Priya Malhotra."", ""The traveler booked using the Hilton Honors account registered to Priya Malhotra.""]"
travel_06,rag,4,10,What elite status does the traveler have with Hilton Honors?,F6,I don't know,"[""Diamond elite status"", ""Hilton Honors Diamond elite"", ""The traveler has Diamond elite status with Hilton Honors.""]"
travel_06,rag,4,15,What late check-in availability does the traveler require?,F3,The traveler requires a fixed arrival time that cannot be changed.,"[""Late check-in after midnight"", ""Availability for check-in after midnight"", ""The traveler requires late check-in availability after midnight.""]"
travel_06,rag,4,20,What did the hotel later admit?,F7,I don't know,"[""Inventory issues"", ""They later admitted inventory issues."", ""The hotel initially blamed a payment verification problem but later admitted inventory issues.""]"
travel_06,rag,4,25,What replacement property was later proposed?,F8,I don't know,"[""Marina Edge Residences"", ""The replacement property was Marina Edge Residences."", ""The replacement property later proposed was Marina Edge Residences.""]"
travel_07,baseline,0,5,Under what name was the rental agreement booked?,F1,I don't know,"[""Daniel Mercer"", ""The rental agreement was booked under Daniel Mercer"", ""The rental agreement was booked under the name Daniel Mercer.""]"
travel_07,baseline,0,10,From which airport was the vehicle collected?,F2,I don't know,"[""Lisbon Airport"", ""The vehicle was collected from Lisbon Airport"", ""The vehicle was collected from Lisbon Airport on 12 April.""]"
travel_07,baseline,0,15,What type of communication does the user only want with the rental agency?,F3,Written communication only; the user wants to avoid phone calls due to inconsistent explanations.,"[""Email-based communication only"", ""The user only wants email communication with the rental agency"", ""The user only wants email-based communication with the rental agency.""]"
travel_07,baseline,0,20,What does the user not want to involve unless arbitration fails?,F4,The user does not want to involve phone calls unless arbitration fails.,"[""Hiring a lawyer"", ""The user does not want to involve a lawyer unless arbitration fails"", ""The user does not want to involve a lawyer unless arbitration fails.""]"
travel_07,baseline,0,25,How much did the rental company charge for alleged bumper and wheel damage?,F5,I don't know,"[""\u20ac1,850"", ""The rental company charged \u20ac1,850 for alleged bumper and wheel damage"", ""The rental company charged \u20ac1,850 for alleged bumper and wheel damage.""]"
travel_07,baseline,1,5,Under what name was the rental agreement booked?,F1,I don't know,"[""Daniel Mercer"", ""The rental agreement was booked under Daniel Mercer"", ""The rental agreement was booked under the name Daniel Mercer.""]"
travel_07,baseline,1,10,From which airport was the vehicle collected?,F2,I don't know,"[""Lisbon Airport"", ""The vehicle was collected from Lisbon Airport"", ""The vehicle was collected from Lisbon Airport on 12 April.""]"
travel_07,baseline,1,15,What type of communication does the user only want with the rental agency?,F3,Written communication only (email or certified mail) to ensure documented and consistent correspondence.,"[""Email-based communication only"", ""The user only wants email communication with the rental agency"", ""The user only wants email-based communication with the rental agency.""]"
travel_07,baseline,1,20,What does the user not want to involve unless arbitration fails?,F4,Phone calls; the user prefers only written communication unless arbitration fails.,"[""Hiring a lawyer"", ""The user does not want to involve a lawyer unless arbitration fails"", ""The user does not want to involve a lawyer unless arbitration fails.""]"
travel_07,baseline,1,25,How much did the rental company charge for alleged bumper and wheel damage?,F5,I don't know,"[""\u20ac1,850"", ""The rental company charged \u20ac1,850 for alleged bumper and wheel damage"", ""The rental company charged \u20ac1,850 for alleged bumper and wheel damage.""]"
travel_07,baseline,2,5,Under what name was the rental agreement booked?,F1,I don't know,"[""Daniel Mercer"", ""The rental agreement was booked under Daniel Mercer"", ""The rental agreement was booked under the name Daniel Mercer.""]"
travel_07,baseline,2,10,From which airport was the vehicle collected?,F2,I don't know,"[""Lisbon Airport"", ""The vehicle was collected from Lisbon Airport"", ""The vehicle was collected from Lisbon Airport on 12 April.""]"
travel_07,baseline,2,15,What type of communication does the user only want with the rental agency?,F3,"Written communication only, such as emails or certified mail, to ensure documented and consistent responses.","[""Email-based communication only"", ""The user only wants email communication with the rental agency"", ""The user only wants email-based communication with the rental agency.""]"
travel_07,baseline,2,20,What does the user not want to involve unless arbitration fails?,F4,Phone calls or verbal communication with rental agency unless arbitration fails.,"[""Hiring a lawyer"", ""The user does not want to involve a lawyer unless arbitration fails"", ""The user does not want to involve a lawyer unless arbitration fails.""]"
travel_07,baseline,2,25,How much did the rental company charge for alleged bumper and wheel damage?,F5,I don't know,"[""\u20ac1,850"", ""The rental company charged \u20ac1,850 for alleged bumper and wheel damage"", ""The rental company charged \u20ac1,850 for alleged bumper and wheel damage.""]"
travel_07,baseline,3,5,Under what name was the rental agreement booked?,F1,I don't know,"[""Daniel Mercer"", ""The rental agreement was booked under Daniel Mercer"", ""The rental agreement was booked under the name Daniel Mercer.""]"
travel_07,baseline,3,10,From which airport was the vehicle collected?,F2,I don't know,"[""Lisbon Airport"", ""The vehicle was collected from Lisbon Airport"", ""The vehicle was collected from Lisbon Airport on 12 April.""]"
travel_07,baseline,3,15,What type of communication does the user only want with the rental agency?,F3,"Written communication like emails to maintain clear, consistent records and avoid phone call disputes.","[""Email-based communication only"", ""The user only wants email communication with the rental agency"", ""The user only wants email-based communication with the rental agency.""]"
travel_07,baseline,3,20,What does the user not want to involve unless arbitration fails?,F4,"Phone calls, due to inconsistent explanations from support staff.","[""Hiring a lawyer"", ""The user does not want to involve a lawyer unless arbitration fails"", ""The user does not want to involve a lawyer unless arbitration fails.""]"
travel_07,baseline,3,25,How much did the rental company charge for alleged bumper and wheel damage?,F5,I don't know,"[""\u20ac1,850"", ""The rental company charged \u20ac1,850 for alleged bumper and wheel damage"", ""The rental company charged \u20ac1,850 for alleged bumper and wheel damage.""]"
travel_07,baseline,4,5,Under what name was the rental agreement booked?,F1,I don't know,"[""Daniel Mercer"", ""The rental agreement was booked under Daniel Mercer"", ""The rental agreement was booked under the name Daniel Mercer.""]"
travel_07,baseline,4,10,From which airport was the vehicle collected?,F2,I don't know,"[""Lisbon Airport"", ""The vehicle was collected from Lisbon Airport"", ""The vehicle was collected from Lisbon Airport on 12 April.""]"
travel_07,baseline,4,15,What type of communication does the user only want with the rental agency?,F3,"Written communication only, to avoid inconsistent explanations from different support staff.","[""Email-based communication only"", ""The user only wants email communication with the rental agency"", ""The user only wants email-based communication with the rental agency.""]"
travel_07,baseline,4,20,What does the user not want to involve unless arbitration fails?,F4,Phone calls or verbal communication with the rental agency unless arbitration fails.,"[""Hiring a lawyer"", ""The user does not want to involve a lawyer unless arbitration fails"", ""The user does not want to involve a lawyer unless arbitration fails.""]"
travel_07,baseline,4,25,How much did the rental company charge for alleged bumper and wheel damage?,F5,I don't know,"[""\u20ac1,850"", ""The rental company charged \u20ac1,850 for alleged bumper and wheel damage"", ""The rental company charged \u20ac1,850 for alleged bumper and wheel damage.""]"
travel_07,rolling_summary,0,5,Under what name was the rental agreement booked?,F1,I don't know,"[""Daniel Mercer"", ""The rental agreement was booked under Daniel Mercer"", ""The rental agreement was booked under the name Daniel Mercer.""]"
travel_07,rolling_summary,0,10,From which airport was the vehicle collected?,F2,I don't know,"[""Lisbon Airport"", ""The vehicle was collected from Lisbon Airport"", ""The vehicle was collected from Lisbon Airport on 12 April.""]"
travel_07,rolling_summary,0,15,What type of communication does the user only want with the rental agency?,F3,"Written communication (email or chat) only, to avoid phone calls and have clear records.","[""Email-based communication only"", ""The user only wants email communication with the rental agency"", ""The user only wants email-based communication with the rental agency.""]"
travel_07,rolling_summary,0,20,What does the user not want to involve unless arbitration fails?,F4,The user does not want to involve phone calls or verbal communication unless arbitration fails.,"[""Hiring a lawyer"", ""The user does not want to involve a lawyer unless arbitration fails"", ""The user does not want to involve a lawyer unless arbitration fails.""]"
travel_07,rolling_summary,0,25,How much did the rental company charge for alleged bumper and wheel damage?,F5,I don't know,"[""\u20ac1,850"", ""The rental company charged \u20ac1,850 for alleged bumper and wheel damage"", ""The rental company charged \u20ac1,850 for alleged bumper and wheel damage.""]"
travel_07,rolling_summary,1,5,Under what name was the rental agreement booked?,F1,I don't know,"[""Daniel Mercer"", ""The rental agreement was booked under Daniel Mercer"", ""The rental agreement was booked under the name Daniel Mercer.""]"
travel_07,rolling_summary,1,10,From which airport was the vehicle collected?,F2,I don't know,"[""Lisbon Airport"", ""The vehicle was collected from Lisbon Airport"", ""The vehicle was collected from Lisbon Airport on 12 April.""]"
travel_07,rolling_summary,1,15,What type of communication does the user only want with the rental agency?,F3,"Written communication only, such as email or chat, to avoid phone calls entirely.","[""Email-based communication only"", ""The user only wants email communication with the rental agency"", ""The user only wants email-based communication with the rental agency.""]"
travel_07,rolling_summary,1,20,What does the user not want to involve unless arbitration fails?,F4,The user does not want to involve phone calls unless arbitration fails.,"[""Hiring a lawyer"", ""The user does not want to involve a lawyer unless arbitration fails"", ""The user does not want to involve a lawyer unless arbitration fails.""]"
travel_07,rolling_summary,1,25,How much did the rental company charge for alleged bumper and wheel damage?,F5,I don't know,"[""\u20ac1,850"", ""The rental company charged \u20ac1,850 for alleged bumper and wheel damage"", ""The rental company charged \u20ac1,850 for alleged bumper and wheel damage.""]"
travel_07,rolling_summary,2,5,Under what name was the rental agreement booked?,F1,I don't know,"[""Daniel Mercer"", ""The rental agreement was booked under Daniel Mercer"", ""The rental agreement was booked under the name Daniel Mercer.""]"
travel_07,rolling_summary,2,10,From which airport was the vehicle collected?,F2,I don't know,"[""Lisbon Airport"", ""The vehicle was collected from Lisbon Airport"", ""The vehicle was collected from Lisbon Airport on 12 April.""]"
travel_07,rolling_summary,2,15,What type of communication does the user only want with the rental agency?,F3,"The user only wants detailed emails, avoiding phone calls for consistent, traceable written communication.","[""Email-based communication only"", ""The user only wants email communication with the rental agency"", ""The user only wants email-based communication with the rental agency.""]"
travel_07,rolling_summary,2,20,What does the user not want to involve unless arbitration fails?,F4,Phone calls; user wants to avoid them entirely unless arbitration fails.,"[""Hiring a lawyer"", ""The user does not want to involve a lawyer unless arbitration fails"", ""The user does not want to involve a lawyer unless arbitration fails.""]"
travel_07,rolling_summary,2,25,How much did the rental company charge for alleged bumper and wheel damage?,F5,I don't know,"[""\u20ac1,850"", ""The rental company charged \u20ac1,850 for alleged bumper and wheel damage"", ""The rental company charged \u20ac1,850 for alleged bumper and wheel damage.""]"
travel_07,rolling_summary,3,5,Under what name was the rental agreement booked?,F1,I don't know,"[""Daniel Mercer"", ""The rental agreement was booked under Daniel Mercer"", ""The rental agreement was booked under the name Daniel Mercer.""]"
travel_07,rolling_summary,3,10,From which airport was the vehicle collected?,F2,I don't know,"[""Lisbon Airport"", ""The vehicle was collected from Lisbon Airport"", ""The vehicle was collected from Lisbon Airport on 12 April.""]"
travel_07,rolling_summary,3,15,What type of communication does the user only want with the rental agency?,F3,The user only wants email communication to maintain clear written records and avoid phone calls.,"[""Email-based communication only"", ""The user only wants email communication with the rental agency"", ""The user only wants email-based communication with the rental agency.""]"
travel_07,rolling_summary,3,20,What does the user not want to involve unless arbitration fails?,F4,The user does not want to involve phone calls unless arbitration fails.,"[""Hiring a lawyer"", ""The user does not want to involve a lawyer unless arbitration fails"", ""The user does not want to involve a lawyer unless arbitration fails.""]"
travel_07,rolling_summary,3,25,How much did the rental company charge for alleged bumper and wheel damage?,F5,I don't know,"[""\u20ac1,850"", ""The rental company charged \u20ac1,850 for alleged bumper and wheel damage"", ""The rental company charged \u20ac1,850 for alleged bumper and wheel damage.""]"
travel_07,rolling_summary,4,5,Under what name was the rental agreement booked?,F1,I don't know,"[""Daniel Mercer"", ""The rental agreement was booked under Daniel Mercer"", ""The rental agreement was booked under the name Daniel Mercer.""]"
travel_07,rolling_summary,4,10,From which airport was the vehicle collected?,F2,I don't know,"[""Lisbon Airport"", ""The vehicle was collected from Lisbon Airport"", ""The vehicle was collected from Lisbon Airport on 12 April.""]"
travel_07,rolling_summary,4,15,What type of communication does the user only want with the rental agency?,F3,"Dispute communication via clear, concise written letters and emails supported by documented evidence.","[""Email-based communication only"", ""The user only wants email communication with the rental agency"", ""The user only wants email-based communication with the rental agency.""]"
travel_07,rolling_summary,4,20,What does the user not want to involve unless arbitration fails?,F4,Small claims court unless arbitration or other dispute resolution attempts fail.,"[""Hiring a lawyer"", ""The user does not want to involve a lawyer unless arbitration fails"", ""The user does not want to involve a lawyer unless arbitration fails.""]"
travel_07,rolling_summary,4,25,How much did the rental company charge for alleged bumper and wheel damage?,F5,I don't know,"[""\u20ac1,850"", ""The rental company charged \u20ac1,850 for alleged bumper and wheel damage"", ""The rental company charged \u20ac1,850 for alleged bumper and wheel damage.""]"
travel_07,hierarchical,0,5,Under what name was the rental agreement booked?,F1,I don't know,"[""Daniel Mercer"", ""The rental agreement was booked under Daniel Mercer"", ""The rental agreement was booked under the name Daniel Mercer.""]"
travel_07,hierarchical,0,10,From which airport was the vehicle collected?,F2,I don't know,"[""Lisbon Airport"", ""The vehicle was collected from Lisbon Airport"", ""The vehicle was collected from Lisbon Airport on 12 April.""]"
travel_07,hierarchical,0,15,What type of communication does the user only want with the rental agency?,F3,Email only; user prefers to avoid phone calls due to inconsistent support explanations.,"[""Email-based communication only"", ""The user only wants email communication with the rental agency"", ""The user only wants email-based communication with the rental agency.""]"
travel_07,hierarchical,0,20,What does the user not want to involve unless arbitration fails?,F4,The user does not want to involve phone calls unless arbitration fails.,"[""Hiring a lawyer"", ""The user does not want to involve a lawyer unless arbitration fails"", ""The user does not want to involve a lawyer unless arbitration fails.""]"
travel_07,hierarchical,0,25,How much did the rental company charge for alleged bumper and wheel damage?,F5,I don't know,"[""\u20ac1,850"", ""The rental company charged \u20ac1,850 for alleged bumper and wheel damage"", ""The rental company charged \u20ac1,850 for alleged bumper and wheel damage.""]"
travel_07,hierarchical,1,5,Under what name was the rental agreement booked?,F1,I don't know,"[""Daniel Mercer"", ""The rental agreement was booked under Daniel Mercer"", ""The rental agreement was booked under the name Daniel Mercer.""]"
travel_07,hierarchical,1,10,From which airport was the vehicle collected?,F2,I don't know,"[""Lisbon Airport"", ""The vehicle was collected from Lisbon Airport"", ""The vehicle was collected from Lisbon Airport on 12 April.""]"
travel_07,hierarchical,1,15,What type of communication does the user only want with the rental agency?,F3,Detailed emails and documented written correspondence only; avoid phone calls entirely.,"[""Email-based communication only"", ""The user only wants email communication with the rental agency"", ""The user only wants email-based communication with the rental agency.""]"
travel_07,hierarchical,1,20,What does the user not want to involve unless arbitration fails?,F4,The user does not want to involve phone calls unless arbitration fails.,"[""Hiring a lawyer"", ""The user does not want to involve a lawyer unless arbitration fails"", ""The user does not want to involve a lawyer unless arbitration fails.""]"
travel_07,hierarchical,1,25,How much did the rental company charge for alleged bumper and wheel damage?,F5,I don't know,"[""\u20ac1,850"", ""The rental company charged \u20ac1,850 for alleged bumper and wheel damage"", ""The rental company charged \u20ac1,850 for alleged bumper and wheel damage.""]"
travel_07,hierarchical,2,5,Under what name was the rental agreement booked?,F1,I don't know,"[""Daniel Mercer"", ""The rental agreement was booked under Daniel Mercer"", ""The rental agreement was booked under the name Daniel Mercer.""]"
travel_07,hierarchical,2,10,From which airport was the vehicle collected?,F2,I don't know,"[""Lisbon Airport"", ""The vehicle was collected from Lisbon Airport"", ""The vehicle was collected from Lisbon Airport on 12 April.""]"
travel_07,hierarchical,2,15,What type of communication does the user only want with the rental agency?,F3,"The user only wants written communication via certified mail or official email, avoiding phone calls.","[""Email-based communication only"", ""The user only wants email communication with the rental agency"", ""The user only wants email-based communication with the rental agency.""]"
travel_07,hierarchical,2,20,What does the user not want to involve unless arbitration fails?,F4,"Phone calls, due to inconsistent explanations from support staff, unless arbitration fails.","[""Hiring a lawyer"", ""The user does not want to involve a lawyer unless arbitration fails"", ""The user does not want to involve a lawyer unless arbitration fails.""]"
travel_07,hierarchical,2,25,How much did the rental company charge for alleged bumper and wheel damage?,F5,I don't know,"[""\u20ac1,850"", ""The rental company charged \u20ac1,850 for alleged bumper and wheel damage"", ""The rental company charged \u20ac1,850 for alleged bumper and wheel damage.""]"
travel_07,hierarchical,3,5,Under what name was the rental agreement booked?,F1,I don't know,"[""Daniel Mercer"", ""The rental agreement was booked under Daniel Mercer"", ""The rental agreement was booked under the name Daniel Mercer.""]"
travel_07,hierarchical,3,10,From which airport was the vehicle collected?,F2,I don't know,"[""Lisbon Airport"", ""The vehicle was collected from Lisbon Airport"", ""The vehicle was collected from Lisbon Airport on 12 April.""]"
travel_07,hierarchical,3,15,What type of communication does the user only want with the rental agency?,F3,Certified mail or email with read receipts to ensure traceable and consistent dispute correspondence.,"[""Email-based communication only"", ""The user only wants email communication with the rental agency"", ""The user only wants email-based communication with the rental agency.""]"
travel_07,hierarchical,3,20,What does the user not want to involve unless arbitration fails?,F4,"Phone calls, due to inconsistent explanations from support staff.","[""Hiring a lawyer"", ""The user does not want to involve a lawyer unless arbitration fails"", ""The user does not want to involve a lawyer unless arbitration fails.""]"
travel_07,hierarchical,3,25,How much did the rental company charge for alleged bumper and wheel damage?,F5,I don't know,"[""\u20ac1,850"", ""The rental company charged \u20ac1,850 for alleged bumper and wheel damage"", ""The rental company charged \u20ac1,850 for alleged bumper and wheel damage.""]"
travel_07,hierarchical,4,5,Under what name was the rental agreement booked?,F1,I don't know,"[""Daniel Mercer"", ""The rental agreement was booked under Daniel Mercer"", ""The rental agreement was booked under the name Daniel Mercer.""]"
travel_07,hierarchical,4,10,From which airport was the vehicle collected?,F2,I don't know,"[""Lisbon Airport"", ""The vehicle was collected from Lisbon Airport"", ""The vehicle was collected from Lisbon Airport on 12 April.""]"
travel_07,hierarchical,4,15,What type of communication does the user only want with the rental agency?,F3,"Written correspondence only, avoiding phone calls due to inconsistent staff explanations.","[""Email-based communication only"", ""The user only wants email communication with the rental agency"", ""The user only wants email-based communication with the rental agency.""]"
travel_07,hierarchical,4,20,What does the user not want to involve unless arbitration fails?,F4,The user does not want to involve phone calls unless arbitration fails.,"[""Hiring a lawyer"", ""The user does not want to involve a lawyer unless arbitration fails"", ""The user does not want to involve a lawyer unless arbitration fails.""]"
travel_07,hierarchical,4,25,How much did the rental company charge for alleged bumper and wheel damage?,F5,I don't know,"[""\u20ac1,850"", ""The rental company charged \u20ac1,850 for alleged bumper and wheel damage"", ""The rental company charged \u20ac1,850 for alleged bumper and wheel damage.""]"
travel_07,rag,0,5,Under what name was the rental agreement booked?,F1,I don't know,"[""Daniel Mercer"", ""The rental agreement was booked under Daniel Mercer"", ""The rental agreement was booked under the name Daniel Mercer.""]"
travel_07,rag,0,10,From which airport was the vehicle collected?,F2,I don't know,"[""Lisbon Airport"", ""The vehicle was collected from Lisbon Airport"", ""The vehicle was collected from Lisbon Airport on 12 April.""]"
travel_07,rag,0,15,What type of communication does the user only want with the rental agency?,F3,"Written communication only, such as email, to avoid inconsistent explanations from support staff.","[""Email-based communication only"", ""The user only wants email communication with the rental agency"", ""The user only wants email-based communication with the rental agency.""]"
travel_07,rag,0,20,What does the user not want to involve unless arbitration fails?,F4,The user does not want to involve the Portuguese consumer arbitration center unless arbitration fails.,"[""Hiring a lawyer"", ""The user does not want to involve a lawyer unless arbitration fails"", ""The user does not want to involve a lawyer unless arbitration fails.""]"
travel_07,rag,0,25,How much did the rental company charge for alleged bumper and wheel damage?,F5,I don't know,"[""\u20ac1,850"", ""The rental company charged \u20ac1,850 for alleged bumper and wheel damage"", ""The rental company charged \u20ac1,850 for alleged bumper and wheel damage.""]"
travel_07,rag,1,5,Under what name was the rental agreement booked?,F1,I don't know,"[""Daniel Mercer"", ""The rental agreement was booked under Daniel Mercer"", ""The rental agreement was booked under the name Daniel Mercer.""]"
travel_07,rag,1,10,From which airport was the vehicle collected?,F2,I don't know,"[""Lisbon Airport"", ""The vehicle was collected from Lisbon Airport"", ""The vehicle was collected from Lisbon Airport on 12 April.""]"
travel_07,rag,1,15,What type of communication does the user only want with the rental agency?,F3,"Written correspondence only, such as emails or messages, to avoid phone calls and ensure records.","[""Email-based communication only"", ""The user only wants email communication with the rental agency"", ""The user only wants email-based communication with the rental agency.""]"
travel_07,rag,1,20,What does the user not want to involve unless arbitration fails?,F4,The user does not want to involve phone calls unless arbitration fails.,"[""Hiring a lawyer"", ""The user does not want to involve a lawyer unless arbitration fails"", ""The user does not want to involve a lawyer unless arbitration fails.""]"
travel_07,rag,1,25,How much did the rental company charge for alleged bumper and wheel damage?,F5,I don't know,"[""\u20ac1,850"", ""The rental company charged \u20ac1,850 for alleged bumper and wheel damage"", ""The rental company charged \u20ac1,850 for alleged bumper and wheel damage.""]"
travel_07,rag,2,5,Under what name was the rental agreement booked?,F1,I don't know,"[""Daniel Mercer"", ""The rental agreement was booked under Daniel Mercer"", ""The rental agreement was booked under the name Daniel Mercer.""]"
travel_07,rag,2,10,From which airport was the vehicle collected?,F2,I don't know,"[""Lisbon Airport"", ""The vehicle was collected from Lisbon Airport"", ""The vehicle was collected from Lisbon Airport on 12 April.""]"
travel_07,rag,2,15,What type of communication does the user only want with the rental agency?,F3,"Written communication only, specifically via email, to avoid phone calls and inconsistent explanations.","[""Email-based communication only"", ""The user only wants email communication with the rental agency"", ""The user only wants email-based communication with the rental agency.""]"
travel_07,rag,2,20,What does the user not want to involve unless arbitration fails?,F4,The user does not want to involve phone calls unless arbitration fails.,"[""Hiring a lawyer"", ""The user does not want to involve a lawyer unless arbitration fails"", ""The user does not want to involve a lawyer unless arbitration fails.""]"
travel_07,rag,2,25,How much did the rental company charge for alleged bumper and wheel damage?,F5,I don't know,"[""\u20ac1,850"", ""The rental company charged \u20ac1,850 for alleged bumper and wheel damage"", ""The rental company charged \u20ac1,850 for alleged bumper and wheel damage.""]"
travel_07,rag,3,5,Under what name was the rental agreement booked?,F1,I don't know,"[""Daniel Mercer"", ""The rental agreement was booked under Daniel Mercer"", ""The rental agreement was booked under the name Daniel Mercer.""]"
travel_07,rag,3,10,From which airport was the vehicle collected?,F2,I don't know,"[""Lisbon Airport"", ""The vehicle was collected from Lisbon Airport"", ""The vehicle was collected from Lisbon Airport on 12 April.""]"
travel_07,rag,3,15,What type of communication does the user only want with the rental agency?,F3,"Written communication only, such as email or messages, to avoid inconsistent phone call explanations.","[""Email-based communication only"", ""The user only wants email communication with the rental agency"", ""The user only wants email-based communication with the rental agency.""]"
travel_07,rag,3,20,What does the user not want to involve unless arbitration fails?,F4,The user does not want to involve arbitration unless evidence requests are refused.,"[""Hiring a lawyer"", ""The user does not want to involve a lawyer unless arbitration fails"", ""The user does not want to involve a lawyer unless arbitration fails.""]"
travel_07,rag,3,25,How much did the rental company charge for alleged bumper and wheel damage?,F5,I don't know,"[""\u20ac1,850"", ""The rental company charged \u20ac1,850 for alleged bumper and wheel damage"", ""The rental company charged \u20ac1,850 for alleged bumper and wheel damage.""]"
travel_07,rag,4,5,Under what name was the rental agreement booked?,F1,I don't know,"[""Daniel Mercer"", ""The rental agreement was booked under Daniel Mercer"", ""The rental agreement was booked under the name Daniel Mercer.""]"
travel_07,rag,4,10,From which airport was the vehicle collected?,F2,I don't know,"[""Lisbon Airport"", ""The vehicle was collected from Lisbon Airport"", ""The vehicle was collected from Lisbon Airport on 12 April.""]"
travel_07,rag,4,15,What type of communication does the user only want with the rental agency?,F3,"Written communication only, via email or portal, to avoid inconsistent phone explanations.","[""Email-based communication only"", ""The user only wants email communication with the rental agency"", ""The user only wants email-based communication with the rental agency.""]"
travel_07,rag,4,20,What does the user not want to involve unless arbitration fails?,F4,The user does not want to involve the Portuguese consumer arbitration center unless arbitration fails.,"[""Hiring a lawyer"", ""The user does not want to involve a lawyer unless arbitration fails"", ""The user does not want to involve a lawyer unless arbitration fails.""]"
travel_07,rag,4,25,How much did the rental company charge for alleged bumper and wheel damage?,F5,I don't know,"[""\u20ac1,850"", ""The rental company charged \u20ac1,850 for alleged bumper and wheel damage"", ""The rental company charged \u20ac1,850 for alleged bumper and wheel damage.""]"
travel_08,baseline,0,5,What does the rental contract number end with?,F1,I don't know,"[""Contract ending in 8842"", ""The rental contract number ends with 8842"", ""The rental contract number ends with 8842.""]"
travel_08,baseline,0,10,To which branch was the SUV returned?,F2,I don't know,"[""Vancouver Downtown Branch"", ""The SUV was returned to Vancouver Downtown Branch"", ""The SUV was returned to Vancouver Downtown Branch on 3 February.""]"
travel_08,baseline,0,15,Into which currency does the user want every reimbursement estimate converted?,F3,US currency,"[""Converted into US dollars"", ""The user wants every reimbursement estimate converted into US dollars"", ""The user wants every reimbursement estimate converted into US dollars.""]"
travel_08,baseline,0,20,What does the user refuse to authorize while the dispute is unresolved?,F4,Additional withdrawals through the stored payment method.,"[""Authorizing direct debit payments"", ""The user refuses to authorize direct debit payments while the dispute is unresolved"", ""The user refuses to authorize direct debit payments while the dispute is unresolved.""]"
travel_08,baseline,0,25,What parts does the rental company allege damage to?,F5,Windshield and front-end of the SUV.,"[""The windshield and front grille"", ""The rental company alleges damage to the windshield and front grille"", ""The rental company alleges damage to the windshield and front grille.""]"
travel_08,baseline,1,5,What does the rental contract number end with?,F1,I don't know,"[""Contract ending in 8842"", ""The rental contract number ends with 8842"", ""The rental contract number ends with 8842.""]"
travel_08,baseline,1,10,To which branch was the SUV returned?,F2,I don't know,"[""Vancouver Downtown Branch"", ""The SUV was returned to Vancouver Downtown Branch"", ""The SUV was returned to Vancouver Downtown Branch on 3 February.""]"
travel_08,baseline,1,15,Into which currency does the user want every reimbursement estimate converted?,F3,US currency,"[""Converted into US dollars"", ""The user wants every reimbursement estimate converted into US dollars"", ""The user wants every reimbursement estimate converted into US dollars.""]"
travel_08,baseline,1,20,What does the user refuse to authorize while the dispute is unresolved?,F4,Additional withdrawals from the stored payment method while the investigation continues.,"[""Authorizing direct debit payments"", ""The user refuses to authorize direct debit payments while the dispute is unresolved"", ""The user refuses to authorize direct debit payments while the dispute is unresolved.""]"
travel_08,baseline,1,25,What parts does the rental company allege damage to?,F5,I don't know,"[""The windshield and front grille"", ""The rental company alleges damage to the windshield and front grille"", ""The rental company alleges damage to the windshield and front grille.""]"
travel_08,baseline,2,5,What does the rental contract number end with?,F1,I don't know,"[""Contract ending in 8842"", ""The rental contract number ends with 8842"", ""The rental contract number ends with 8842.""]"
travel_08,baseline,2,10,To which branch was the SUV returned?,F2,I don't know,"[""Vancouver Downtown Branch"", ""The SUV was returned to Vancouver Downtown Branch"", ""The SUV was returned to Vancouver Downtown Branch on 3 February.""]"
travel_08,baseline,2,15,Into which currency does the user want every reimbursement estimate converted?,F3,US currency,"[""Converted into US dollars"", ""The user wants every reimbursement estimate converted into US dollars"", ""The user wants every reimbursement estimate converted into US dollars.""]"
travel_08,baseline,2,20,What does the user refuse to authorize while the dispute is unresolved?,F4,Additional withdrawals through the stored payment method.,"[""Authorizing direct debit payments"", ""The user refuses to authorize direct debit payments while the dispute is unresolved"", ""The user refuses to authorize direct debit payments while the dispute is unresolved.""]"
travel_08,baseline,2,25,What parts does the rental company allege damage to?,F5,The rental company alleges damage to the SUV's windshield and front-end.,"[""The windshield and front grille"", ""The rental company alleges damage to the windshield and front grille"", ""The rental company alleges damage to the windshield and front grille.""]"
travel_08,baseline,3,5,What does the rental contract number end with?,F1,I don't know,"[""Contract ending in 8842"", ""The rental contract number ends with 8842"", ""The rental contract number ends with 8842.""]"
travel_08,baseline,3,10,To which branch was the SUV returned?,F2,I don't know,"[""Vancouver Downtown Branch"", ""The SUV was returned to Vancouver Downtown Branch"", ""The SUV was returned to Vancouver Downtown Branch on 3 February.""]"
travel_08,baseline,3,15,Into which currency does the user want every reimbursement estimate converted?,F3,US currency,"[""Converted into US dollars"", ""The user wants every reimbursement estimate converted into US dollars"", ""The user wants every reimbursement estimate converted into US dollars.""]"
travel_08,baseline,3,20,What does the user refuse to authorize while the dispute is unresolved?,F4,Additional withdrawals from the stored payment method.,"[""Authorizing direct debit payments"", ""The user refuses to authorize direct debit payments while the dispute is unresolved"", ""The user refuses to authorize direct debit payments while the dispute is unresolved.""]"
travel_08,baseline,3,25,What parts does the rental company allege damage to?,F5,Windshield and front-end of the SUV.,"[""The windshield and front grille"", ""The rental company alleges damage to the windshield and front grille"", ""The rental company alleges damage to the windshield and front grille.""]"
travel_08,baseline,4,5,What does the rental contract number end with?,F1,I don't know,"[""Contract ending in 8842"", ""The rental contract number ends with 8842"", ""The rental contract number ends with 8842.""]"
travel_08,baseline,4,10,To which branch was the SUV returned?,F2,I don't know,"[""Vancouver Downtown Branch"", ""The SUV was returned to Vancouver Downtown Branch"", ""The SUV was returned to Vancouver Downtown Branch on 3 February.""]"
travel_08,baseline,4,15,Into which currency does the user want every reimbursement estimate converted?,F3,US currency,"[""Converted into US dollars"", ""The user wants every reimbursement estimate converted into US dollars"", ""The user wants every reimbursement estimate converted into US dollars.""]"
travel_08,baseline,4,20,What does the user refuse to authorize while the dispute is unresolved?,F4,Additional withdrawals through the stored payment method.,"[""Authorizing direct debit payments"", ""The user refuses to authorize direct debit payments while the dispute is unresolved"", ""The user refuses to authorize direct debit payments while the dispute is unresolved.""]"
travel_08,baseline,4,25,What parts does the rental company allege damage to?,F5,Windshield (crack shown in claim photos).,"[""The windshield and front grille"", ""The rental company alleges damage to the windshield and front grille"", ""The rental company alleges damage to the windshield and front grille.""]"
travel_08,rolling_summary,0,5,What does the rental contract number end with?,F1,I don't know,"[""Contract ending in 8842"", ""The rental contract number ends with 8842"", ""The rental contract number ends with 8842.""]"
travel_08,rolling_summary,0,10,To which branch was the SUV returned?,F2,I don't know,"[""Vancouver Downtown Branch"", ""The SUV was returned to Vancouver Downtown Branch"", ""The SUV was returned to Vancouver Downtown Branch on 3 February.""]"
travel_08,rolling_summary,0,15,Into which currency does the user want every reimbursement estimate converted?,F3,I don't know,"[""Converted into US dollars"", ""The user wants every reimbursement estimate converted into US dollars"", ""The user wants every reimbursement estimate converted into US dollars.""]"
travel_08,rolling_summary,0,20,What does the user refuse to authorize while the dispute is unresolved?,F4,The user refuses to authorize payment of the damage assessment while the dispute is unresolved.,"[""Authorizing direct debit payments"", ""The user refuses to authorize direct debit payments while the dispute is unresolved"", ""The user refuses to authorize direct debit payments while the dispute is unresolved.""]"
travel_08,rolling_summary,0,25,What parts does the rental company allege damage to?,F5,I don't know,"[""The windshield and front grille"", ""The rental company alleges damage to the windshield and front grille"", ""The rental company alleges damage to the windshield and front grille.""]"
travel_08,rolling_summary,1,5,What does the rental contract number end with?,F1,I don't know,"[""Contract ending in 8842"", ""The rental contract number ends with 8842"", ""The rental contract number ends with 8842.""]"
travel_08,rolling_summary,1,10,To which branch was the SUV returned?,F2,I don't know,"[""Vancouver Downtown Branch"", ""The SUV was returned to Vancouver Downtown Branch"", ""The SUV was returned to Vancouver Downtown Branch on 3 February.""]"
travel_08,rolling_summary,1,15,Into which currency does the user want every reimbursement estimate converted?,F3,I don't know,"[""Converted into US dollars"", ""The user wants every reimbursement estimate converted into US dollars"", ""The user wants every reimbursement estimate converted into US dollars.""]"
travel_08,rolling_summary,1,20,What does the user refuse to authorize while the dispute is unresolved?,F4,The user refuses to authorize any repair work while the dispute is unresolved.,"[""Authorizing direct debit payments"", ""The user refuses to authorize direct debit payments while the dispute is unresolved"", ""The user refuses to authorize direct debit payments while the dispute is unresolved.""]"
travel_08,rolling_summary,1,25,What parts does the rental company allege damage to?,F5,I don't know,"[""The windshield and front grille"", ""The rental company alleges damage to the windshield and front grille"", ""The rental company alleges damage to the windshield and front grille.""]"
travel_08,rolling_summary,2,5,What does the rental contract number end with?,F1,I don't know,"[""Contract ending in 8842"", ""The rental contract number ends with 8842"", ""The rental contract number ends with 8842.""]"
travel_08,rolling_summary,2,10,To which branch was the SUV returned?,F2,I don't know,"[""Vancouver Downtown Branch"", ""The SUV was returned to Vancouver Downtown Branch"", ""The SUV was returned to Vancouver Downtown Branch on 3 February.""]"
travel_08,rolling_summary,2,15,Into which currency does the user want every reimbursement estimate converted?,F3,The user wants every reimbursement estimate converted into Canadian dollars.,"[""Converted into US dollars"", ""The user wants every reimbursement estimate converted into US dollars"", ""The user wants every reimbursement estimate converted into US dollars.""]"
travel_08,rolling_summary,2,20,What does the user refuse to authorize while the dispute is unresolved?,F4,Additional withdrawals from the stored payment method while the investigation continues.,"[""Authorizing direct debit payments"", ""The user refuses to authorize direct debit payments while the dispute is unresolved"", ""The user refuses to authorize direct debit payments while the dispute is unresolved.""]"
travel_08,rolling_summary,2,25,What parts does the rental company allege damage to?,F5,I don't know,"[""The windshield and front grille"", ""The rental company alleges damage to the windshield and front grille"", ""The rental company alleges damage to the windshield and front grille.""]"
travel_08,rolling_summary,3,5,What does the rental contract number end with?,F1,I don't know,"[""Contract ending in 8842"", ""The rental contract number ends with 8842"", ""The rental contract number ends with 8842.""]"
travel_08,rolling_summary,3,10,To which branch was the SUV returned?,F2,I don't know,"[""Vancouver Downtown Branch"", ""The SUV was returned to Vancouver Downtown Branch"", ""The SUV was returned to Vancouver Downtown Branch on 3 February.""]"
travel_08,rolling_summary,3,15,Into which currency does the user want every reimbursement estimate converted?,F3,I don't know,"[""Converted into US dollars"", ""The user wants every reimbursement estimate converted into US dollars"", ""The user wants every reimbursement estimate converted into US dollars.""]"
travel_08,rolling_summary,3,20,What does the user refuse to authorize while the dispute is unresolved?,F4,The user refuses to authorize payment for the outstanding damage charge while the dispute is unresolved.,"[""Authorizing direct debit payments"", ""The user refuses to authorize direct debit payments while the dispute is unresolved"", ""The user refuses to authorize direct debit payments while the dispute is unresolved.""]"
travel_08,rolling_summary,3,25,What parts does the rental company allege damage to?,F5,The conversation history does not specify which parts the rental company alleges are damaged.,"[""The windshield and front grille"", ""The rental company alleges damage to the windshield and front grille"", ""The rental company alleges damage to the windshield and front grille.""]"
travel_08,rolling_summary,4,5,What does the rental contract number end with?,F1,I don't know,"[""Contract ending in 8842"", ""The rental contract number ends with 8842"", ""The rental contract number ends with 8842.""]"
travel_08,rolling_summary,4,10,To which branch was the SUV returned?,F2,I don't know,"[""Vancouver Downtown Branch"", ""The SUV was returned to Vancouver Downtown Branch"", ""The SUV was returned to Vancouver Downtown Branch on 3 February.""]"
travel_08,rolling_summary,4,15,Into which currency does the user want every reimbursement estimate converted?,F3,United States dollars (USD),"[""Converted into US dollars"", ""The user wants every reimbursement estimate converted into US dollars"", ""The user wants every reimbursement estimate converted into US dollars.""]"
travel_08,rolling_summary,4,20,What does the user refuse to authorize while the dispute is unresolved?,F4,The user refuses to authorize additional withdrawals from the stored payment method while the dispute is unresolved.,"[""Authorizing direct debit payments"", ""The user refuses to authorize direct debit payments while the dispute is unresolved"", ""The user refuses to authorize direct debit payments while the dispute is unresolved.""]"
travel_08,rolling_summary,4,25,What parts does the rental company allege damage to?,F5,I don't know,"[""The windshield and front grille"", ""The rental company alleges damage to the windshield and front grille"", ""The rental company alleges damage to the windshield and front grille.""]"
travel_08,hierarchical,0,5,What does the rental contract number end with?,F1,I don't know,"[""Contract ending in 8842"", ""The rental contract number ends with 8842"", ""The rental contract number ends with 8842.""]"
travel_08,hierarchical,0,10,To which branch was the SUV returned?,F2,I don't know,"[""Vancouver Downtown Branch"", ""The SUV was returned to Vancouver Downtown Branch"", ""The SUV was returned to Vancouver Downtown Branch on 3 February.""]"
travel_08,hierarchical,0,15,Into which currency does the user want every reimbursement estimate converted?,F3,US currency,"[""Converted into US dollars"", ""The user wants every reimbursement estimate converted into US dollars"", ""The user wants every reimbursement estimate converted into US dollars.""]"
travel_08,hierarchical,0,20,What does the user refuse to authorize while the dispute is unresolved?,F4,Additional withdrawals from the stored payment method.,"[""Authorizing direct debit payments"", ""The user refuses to authorize direct debit payments while the dispute is unresolved"", ""The user refuses to authorize direct debit payments while the dispute is unresolved.""]"
travel_08,hierarchical,0,25,What parts does the rental company allege damage to?,F5,Windshield crack and front-end damage alleged by the rental company.,"[""The windshield and front grille"", ""The rental company alleges damage to the windshield and front grille"", ""The rental company alleges damage to the windshield and front grille.""]"
travel_08,hierarchical,1,5,What does the rental contract number end with?,F1,I don't know,"[""Contract ending in 8842"", ""The rental contract number ends with 8842"", ""The rental contract number ends with 8842.""]"
travel_08,hierarchical,1,10,To which branch was the SUV returned?,F2,I don't know,"[""Vancouver Downtown Branch"", ""The SUV was returned to Vancouver Downtown Branch"", ""The SUV was returned to Vancouver Downtown Branch on 3 February.""]"
travel_08,hierarchical,1,15,Into which currency does the user want every reimbursement estimate converted?,F3,US currency,"[""Converted into US dollars"", ""The user wants every reimbursement estimate converted into US dollars"", ""The user wants every reimbursement estimate converted into US dollars.""]"
travel_08,hierarchical,1,20,What does the user refuse to authorize while the dispute is unresolved?,F4,Additional withdrawals or automatic payment processing through the stored payment method.,"[""Authorizing direct debit payments"", ""The user refuses to authorize direct debit payments while the dispute is unresolved"", ""The user refuses to authorize direct debit payments while the dispute is unresolved.""]"
travel_08,hierarchical,1,25,What parts does the rental company allege damage to?,F5,"Windshield (crack), front end, and possibly other areas implied but windshield crack is explicitly mentioned.","[""The windshield and front grille"", ""The rental company alleges damage to the windshield and front grille"", ""The rental company alleges damage to the windshield and front grille.""]"
travel_08,hierarchical,2,5,What does the rental contract number end with?,F1,I don't know,"[""Contract ending in 8842"", ""The rental contract number ends with 8842"", ""The rental contract number ends with 8842.""]"
travel_08,hierarchical,2,10,To which branch was the SUV returned?,F2,I don't know,"[""Vancouver Downtown Branch"", ""The SUV was returned to Vancouver Downtown Branch"", ""The SUV was returned to Vancouver Downtown Branch on 3 February.""]"
travel_08,hierarchical,2,15,Into which currency does the user want every reimbursement estimate converted?,F3,US currency,"[""Converted into US dollars"", ""The user wants every reimbursement estimate converted into US dollars"", ""The user wants every reimbursement estimate converted into US dollars.""]"
travel_08,hierarchical,2,20,What does the user refuse to authorize while the dispute is unresolved?,F4,Additional withdrawals from the stored payment method.,"[""Authorizing direct debit payments"", ""The user refuses to authorize direct debit payments while the dispute is unresolved"", ""The user refuses to authorize direct debit payments while the dispute is unresolved.""]"
travel_08,hierarchical,2,25,What parts does the rental company allege damage to?,F5,I don't know,"[""The windshield and front grille"", ""The rental company alleges damage to the windshield and front grille"", ""The rental company alleges damage to the windshield and front grille.""]"
travel_08,hierarchical,3,5,What does the rental contract number end with?,F1,I don't know,"[""Contract ending in 8842"", ""The rental contract number ends with 8842"", ""The rental contract number ends with 8842.""]"
travel_08,hierarchical,3,10,To which branch was the SUV returned?,F2,I don't know,"[""Vancouver Downtown Branch"", ""The SUV was returned to Vancouver Downtown Branch"", ""The SUV was returned to Vancouver Downtown Branch on 3 February.""]"
travel_08,hierarchical,3,15,Into which currency does the user want every reimbursement estimate converted?,F3,US currency,"[""Converted into US dollars"", ""The user wants every reimbursement estimate converted into US dollars"", ""The user wants every reimbursement estimate converted into US dollars.""]"
travel_08,hierarchical,3,20,What does the user refuse to authorize while the dispute is unresolved?,F4,The user refuses to authorize additional withdrawals or automatic payment processing while the dispute is unresolved.,"[""Authorizing direct debit payments"", ""The user refuses to authorize direct debit payments while the dispute is unresolved"", ""The user refuses to authorize direct debit payments while the dispute is unresolved.""]"
travel_08,hierarchical,3,25,What parts does the rental company allege damage to?,F5,The rental company alleges damage to the SUV's front-end and windshield.,"[""The windshield and front grille"", ""The rental company alleges damage to the windshield and front grille"", ""The rental company alleges damage to the windshield and front grille.""]"
travel_08,hierarchical,4,5,What does the rental contract number end with?,F1,I don't know,"[""Contract ending in 8842"", ""The rental contract number ends with 8842"", ""The rental contract number ends with 8842.""]"
travel_08,hierarchical,4,10,To which branch was the SUV returned?,F2,I don't know,"[""Vancouver Downtown Branch"", ""The SUV was returned to Vancouver Downtown Branch"", ""The SUV was returned to Vancouver Downtown Branch on 3 February.""]"
travel_08,hierarchical,4,15,Into which currency does the user want every reimbursement estimate converted?,F3,US dollars,"[""Converted into US dollars"", ""The user wants every reimbursement estimate converted into US dollars"", ""The user wants every reimbursement estimate converted into US dollars.""]"
travel_08,hierarchical,4,20,What does the user refuse to authorize while the dispute is unresolved?,F4,The user refuses to authorize additional withdrawals through the stored payment method while the dispute continues.,"[""Authorizing direct debit payments"", ""The user refuses to authorize direct debit payments while the dispute is unresolved"", ""The user refuses to authorize direct debit payments while the dispute is unresolved.""]"
travel_08,hierarchical,4,25,What parts does the rental company allege damage to?,F5,Front-end damage and a windshield crack.,"[""The windshield and front grille"", ""The rental company alleges damage to the windshield and front grille"", ""The rental company alleges damage to the windshield and front grille.""]"
travel_08,rag,0,5,What does the rental contract number end with?,F1,I don't know,"[""Contract ending in 8842"", ""The rental contract number ends with 8842"", ""The rental contract number ends with 8842.""]"
travel_08,rag,0,10,To which branch was the SUV returned?,F2,I don't know,"[""Vancouver Downtown Branch"", ""The SUV was returned to Vancouver Downtown Branch"", ""The SUV was returned to Vancouver Downtown Branch on 3 February.""]"
travel_08,rag,0,15,Into which currency does the user want every reimbursement estimate converted?,F3,US currency,"[""Converted into US dollars"", ""The user wants every reimbursement estimate converted into US dollars"", ""The user wants every reimbursement estimate converted into US dollars.""]"
travel_08,rag,0,20,What does the user refuse to authorize while the dispute is unresolved?,F4,Additional automatic withdrawals through the stored payment method.,"[""Authorizing direct debit payments"", ""The user refuses to authorize direct debit payments while the dispute is unresolved"", ""The user refuses to authorize direct debit payments while the dispute is unresolved.""]"
travel_08,rag,0,25,What parts does the rental company allege damage to?,F5,Windshield and front-end damage to the SUV.,"[""The windshield and front grille"", ""The rental company alleges damage to the windshield and front grille"", ""The rental company alleges damage to the windshield and front grille.""]"
travel_08,rag,1,5,What does the rental contract number end with?,F1,I don't know,"[""Contract ending in 8842"", ""The rental contract number ends with 8842"", ""The rental contract number ends with 8842.""]"
travel_08,rag,1,10,To which branch was the SUV returned?,F2,I don't know,"[""Vancouver Downtown Branch"", ""The SUV was returned to Vancouver Downtown Branch"", ""The SUV was returned to Vancouver Downtown Branch on 3 February.""]"
travel_08,rag,1,15,Into which currency does the user want every reimbursement estimate converted?,F3,US dollars,"[""Converted into US dollars"", ""The user wants every reimbursement estimate converted into US dollars"", ""The user wants every reimbursement estimate converted into US dollars.""]"
travel_08,rag,1,20,What does the user refuse to authorize while the dispute is unresolved?,F4,Additional withdrawals from the stored payment method.,"[""Authorizing direct debit payments"", ""The user refuses to authorize direct debit payments while the dispute is unresolved"", ""The user refuses to authorize direct debit payments while the dispute is unresolved.""]"
travel_08,rag,1,25,What parts does the rental company allege damage to?,F5,"Front-end damage to the SUV, specifically noting a crack compared to dashcam footage showing no visible damage.","[""The windshield and front grille"", ""The rental company alleges damage to the windshield and front grille"", ""The rental company alleges damage to the windshield and front grille.""]"
travel_08,rag,2,5,What does the rental contract number end with?,F1,I don't know,"[""Contract ending in 8842"", ""The rental contract number ends with 8842"", ""The rental contract number ends with 8842.""]"
travel_08,rag,2,10,To which branch was the SUV returned?,F2,I don't know,"[""Vancouver Downtown Branch"", ""The SUV was returned to Vancouver Downtown Branch"", ""The SUV was returned to Vancouver Downtown Branch on 3 February.""]"
travel_08,rag,2,15,Into which currency does the user want every reimbursement estimate converted?,F3,US dollars,"[""Converted into US dollars"", ""The user wants every reimbursement estimate converted into US dollars"", ""The user wants every reimbursement estimate converted into US dollars.""]"
travel_08,rag,2,20,What does the user refuse to authorize while the dispute is unresolved?,F4,Additional withdrawals from the stored payment method.,"[""Authorizing direct debit payments"", ""The user refuses to authorize direct debit payments while the dispute is unresolved"", ""The user refuses to authorize direct debit payments while the dispute is unresolved.""]"
travel_08,rag,2,25,What parts does the rental company allege damage to?,F5,"Front-end parts of the SUV, as indicated by the dashcam footage contesting front-end damage claims.","[""The windshield and front grille"", ""The rental company alleges damage to the windshield and front grille"", ""The rental company alleges damage to the windshield and front grille.""]"
travel_08,rag,3,5,What does the rental contract number end with?,F1,I don't know,"[""Contract ending in 8842"", ""The rental contract number ends with 8842"", ""The rental contract number ends with 8842.""]"
travel_08,rag,3,10,To which branch was the SUV returned?,F2,I don't know,"[""Vancouver Downtown Branch"", ""The SUV was returned to Vancouver Downtown Branch"", ""The SUV was returned to Vancouver Downtown Branch on 3 February.""]"
travel_08,rag,3,15,Into which currency does the user want every reimbursement estimate converted?,F3,US dollars,"[""Converted into US dollars"", ""The user wants every reimbursement estimate converted into US dollars"", ""The user wants every reimbursement estimate converted into US dollars.""]"
travel_08,rag,3,20,What does the user refuse to authorize while the dispute is unresolved?,F4,Additional withdrawals of the disputed amount through the stored payment method.,"[""Authorizing direct debit payments"", ""The user refuses to authorize direct debit payments while the dispute is unresolved"", ""The user refuses to authorize direct debit payments while the dispute is unresolved.""]"
travel_08,rag,3,25,What parts does the rental company allege damage to?,F5,The conversation does not specify which parts the rental company alleges are damaged.,"[""The windshield and front grille"", ""The rental company alleges damage to the windshield and front grille"", ""The rental company alleges damage to the windshield and front grille.""]"
travel_08,rag,4,5,What does the rental contract number end with?,F1,I don't know,"[""Contract ending in 8842"", ""The rental contract number ends with 8842"", ""The rental contract number ends with 8842.""]"
travel_08,rag,4,10,To which branch was the SUV returned?,F2,I don't know,"[""Vancouver Downtown Branch"", ""The SUV was returned to Vancouver Downtown Branch"", ""The SUV was returned to Vancouver Downtown Branch on 3 February.""]"
travel_08,rag,4,15,Into which currency does the user want every reimbursement estimate converted?,F3,US currency,"[""Converted into US dollars"", ""The user wants every reimbursement estimate converted into US dollars"", ""The user wants every reimbursement estimate converted into US dollars.""]"
travel_08,rag,4,20,What does the user refuse to authorize while the dispute is unresolved?,F4,Additional withdrawals through the stored payment method.,"[""Authorizing direct debit payments"", ""The user refuses to authorize direct debit payments while the dispute is unresolved"", ""The user refuses to authorize direct debit payments while the dispute is unresolved.""]"
travel_08,rag,4,25,What parts does the rental company allege damage to?,F5,Front-end damage to the SUV.,"[""The windshield and front grille"", ""The rental company alleges damage to the windshield and front grille"", ""The rental company alleges damage to the windshield and front grille.""]"
travel_09,baseline,0,5,Which city was the final destination on the itinerary?,F1,Spain,"[""Madrid"", ""The itinerary ended in Madrid."", ""The trip was booked on a single itinerary from Toronto to Madrid via Lisbon.""]"
travel_09,baseline,0,10,Within how many days must the traveler submit a baggage delay claim?,F3,I don't know,"[""The claim must be submitted within 21 days."", ""There is a 21-day filing window."", ""The traveler must submit any baggage delay claim within 21 days.""]"
travel_09,baseline,0,15,After how many hours was the suitcase delivered to the hotel?,F7,More than 48 hours after arrival.,"[""52 hours"", ""The bag was delivered after 52 hours."", ""The suitcase was eventually delivered to the hotel after 52 hours.""]"
travel_09,baseline,0,20,What report did the airline issue at the airport?,F6,Property Irregularity Report (PIR) with a reference number issued at the airport upon arrival.,"[""A Property Irregularity Report"", ""The airline issued a Property Irregularity Report."", ""The airline issued a Property Irregularity Report at the airport.""]"
travel_09,baseline,0,25,How much did the traveler spend on replacement clothing and toiletries?,F8,I don't know,"[""210 euros"", ""The traveler spent 210 euros."", ""The traveler spent 210 euros on replacement clothing and toiletries.""]"
travel_09,baseline,1,5,Which city was the final destination on the itinerary?,F1,Spain,"[""Madrid"", ""The itinerary ended in Madrid."", ""The trip was booked on a single itinerary from Toronto to Madrid via Lisbon.""]"
travel_09,baseline,1,10,Within how many days must the traveler submit a baggage delay claim?,F3,I don't know,"[""The claim must be submitted within 21 days."", ""There is a 21-day filing window."", ""The traveler must submit any baggage delay claim within 21 days.""]"
travel_09,baseline,1,15,After how many hours was the suitcase delivered to the hotel?,F7,The suitcase was delivered after more than 48 hours.,"[""52 hours"", ""The bag was delivered after 52 hours."", ""The suitcase was eventually delivered to the hotel after 52 hours.""]"
travel_09,baseline,1,20,What report did the airline issue at the airport?,F6,Property Irregularity Report (PIR) or a similar reference number was issued immediately after arrival.,"[""A Property Irregularity Report"", ""The airline issued a Property Irregularity Report."", ""The airline issued a Property Irregularity Report at the airport.""]"
travel_09,baseline,1,25,How much did the traveler spend on replacement clothing and toiletries?,F8,The exact amount spent on replacement clothing and toiletries was not mentioned.,"[""210 euros"", ""The traveler spent 210 euros."", ""The traveler spent 210 euros on replacement clothing and toiletries.""]"
travel_09,baseline,2,5,Which city was the final destination on the itinerary?,F1,Spain,"[""Madrid"", ""The itinerary ended in Madrid."", ""The trip was booked on a single itinerary from Toronto to Madrid via Lisbon.""]"
travel_09,baseline,2,10,Within how many days must the traveler submit a baggage delay claim?,F3,I don't know,"[""The claim must be submitted within 21 days."", ""There is a 21-day filing window."", ""The traveler must submit any baggage delay claim within 21 days.""]"
travel_09,baseline,2,15,After how many hours was the suitcase delivered to the hotel?,F7,More than 48 hours (over two days).,"[""52 hours"", ""The bag was delivered after 52 hours."", ""The suitcase was eventually delivered to the hotel after 52 hours.""]"
travel_09,baseline,2,20,What report did the airline issue at the airport?,F6,Property Irregularity Report (PIR) was issued at the airport for the delayed baggage.,"[""A Property Irregularity Report"", ""The airline issued a Property Irregularity Report."", ""The airline issued a Property Irregularity Report at the airport.""]"
travel_09,baseline,2,25,How much did the traveler spend on replacement clothing and toiletries?,F8,I don't know,"[""210 euros"", ""The traveler spent 210 euros."", ""The traveler spent 210 euros on replacement clothing and toiletries.""]"
travel_09,baseline,3,5,Which city was the final destination on the itinerary?,F1,Spain,"[""Madrid"", ""The itinerary ended in Madrid."", ""The trip was booked on a single itinerary from Toronto to Madrid via Lisbon.""]"
travel_09,baseline,3,10,Within how many days must the traveler submit a baggage delay claim?,F3,I don't know,"[""The claim must be submitted within 21 days."", ""There is a 21-day filing window."", ""The traveler must submit any baggage delay claim within 21 days.""]"
travel_09,baseline,3,15,After how many hours was the suitcase delivered to the hotel?,F7,More than 48 hours (over two days) after the Lisbon connection.,"[""52 hours"", ""The bag was delivered after 52 hours."", ""The suitcase was eventually delivered to the hotel after 52 hours.""]"
travel_09,baseline,3,20,What report did the airline issue at the airport?,F6,Property Irregularity Report (PIR) was issued at the airport upon arrival.,"[""A Property Irregularity Report"", ""The airline issued a Property Irregularity Report."", ""The airline issued a Property Irregularity Report at the airport.""]"
travel_09,baseline,3,25,How much did the traveler spend on replacement clothing and toiletries?,F8,I don't know,"[""210 euros"", ""The traveler spent 210 euros."", ""The traveler spent 210 euros on replacement clothing and toiletries.""]"
travel_09,baseline,4,5,Which city was the final destination on the itinerary?,F1,Spain,"[""Madrid"", ""The itinerary ended in Madrid."", ""The trip was booked on a single itinerary from Toronto to Madrid via Lisbon.""]"
travel_09,baseline,4,10,Within how many days must the traveler submit a baggage delay claim?,F3,I don't know,"[""The claim must be submitted within 21 days."", ""There is a 21-day filing window."", ""The traveler must submit any baggage delay claim within 21 days.""]"
travel_09,baseline,4,15,After how many hours was the suitcase delivered to the hotel?,F7,More than 48 hours after the flight connection.,"[""52 hours"", ""The bag was delivered after 52 hours."", ""The suitcase was eventually delivered to the hotel after 52 hours.""]"
travel_09,baseline,4,20,What report did the airline issue at the airport?,F6,Property Irregularity Report (PIR).,"[""A Property Irregularity Report"", ""The airline issued a Property Irregularity Report."", ""The airline issued a Property Irregularity Report at the airport.""]"
travel_09,baseline,4,25,How much did the traveler spend on replacement clothing and toiletries?,F8,I don't know,"[""210 euros"", ""The traveler spent 210 euros."", ""The traveler spent 210 euros on replacement clothing and toiletries.""]"
travel_09,rolling_summary,0,5,Which city was the final destination on the itinerary?,F1,Spain was the final destination on the itinerary via Lisbon connection.,"[""Madrid"", ""The itinerary ended in Madrid."", ""The trip was booked on a single itinerary from Toronto to Madrid via Lisbon.""]"
travel_09,rolling_summary,0,10,Within how many days must the traveler submit a baggage delay claim?,F3,I don't know,"[""The claim must be submitted within 21 days."", ""There is a 21-day filing window."", ""The traveler must submit any baggage delay claim within 21 days.""]"
travel_09,rolling_summary,0,15,After how many hours was the suitcase delivered to the hotel?,F7,I don't know,"[""52 hours"", ""The bag was delivered after 52 hours."", ""The suitcase was eventually delivered to the hotel after 52 hours.""]"
travel_09,rolling_summary,0,20,What report did the airline issue at the airport?,F6,Property Irregularity Report (PIR),"[""A Property Irregularity Report"", ""The airline issued a Property Irregularity Report."", ""The airline issued a Property Irregularity Report at the airport.""]"
travel_09,rolling_summary,0,25,How much did the traveler spend on replacement clothing and toiletries?,F8,I don't know,"[""210 euros"", ""The traveler spent 210 euros."", ""The traveler spent 210 euros on replacement clothing and toiletries.""]"
travel_09,rolling_summary,1,5,Which city was the final destination on the itinerary?,F1,Spain,"[""Madrid"", ""The itinerary ended in Madrid."", ""The trip was booked on a single itinerary from Toronto to Madrid via Lisbon.""]"
travel_09,rolling_summary,1,10,Within how many days must the traveler submit a baggage delay claim?,F3,I don't know,"[""The claim must be submitted within 21 days."", ""There is a 21-day filing window."", ""The traveler must submit any baggage delay claim within 21 days.""]"
travel_09,rolling_summary,1,15,After how many hours was the suitcase delivered to the hotel?,F7,I don't know,"[""52 hours"", ""The bag was delivered after 52 hours."", ""The suitcase was eventually delivered to the hotel after 52 hours.""]"
travel_09,rolling_summary,1,20,What report did the airline issue at the airport?,F6,Property Irregularity Report (PIR) or reference number.,"[""A Property Irregularity Report"", ""The airline issued a Property Irregularity Report."", ""The airline issued a Property Irregularity Report at the airport.""]"
travel_09,rolling_summary,1,25,How much did the traveler spend on replacement clothing and toiletries?,F8,I don't know,"[""210 euros"", ""The traveler spent 210 euros."", ""The traveler spent 210 euros on replacement clothing and toiletries.""]"
travel_09,rolling_summary,2,5,Which city was the final destination on the itinerary?,F1,Spain,"[""Madrid"", ""The itinerary ended in Madrid."", ""The trip was booked on a single itinerary from Toronto to Madrid via Lisbon.""]"
travel_09,rolling_summary,2,10,Within how many days must the traveler submit a baggage delay claim?,F3,I don't know,"[""The claim must be submitted within 21 days."", ""There is a 21-day filing window."", ""The traveler must submit any baggage delay claim within 21 days.""]"
travel_09,rolling_summary,2,15,After how many hours was the suitcase delivered to the hotel?,F7,I don't know,"[""52 hours"", ""The bag was delivered after 52 hours."", ""The suitcase was eventually delivered to the hotel after 52 hours.""]"
travel_09,rolling_summary,2,20,What report did the airline issue at the airport?,F6,A Property Irregularity Report (PIR) or reference number was issued immediately after arrival.,"[""A Property Irregularity Report"", ""The airline issued a Property Irregularity Report."", ""The airline issued a Property Irregularity Report at the airport.""]"
travel_09,rolling_summary,2,25,How much did the traveler spend on replacement clothing and toiletries?,F8,I don't know,"[""210 euros"", ""The traveler spent 210 euros."", ""The traveler spent 210 euros on replacement clothing and toiletries.""]"
travel_09,rolling_summary,3,5,Which city was the final destination on the itinerary?,F1,Spain,"[""Madrid"", ""The itinerary ended in Madrid."", ""The trip was booked on a single itinerary from Toronto to Madrid via Lisbon.""]"
travel_09,rolling_summary,3,10,Within how many days must the traveler submit a baggage delay claim?,F3,I don't know,"[""The claim must be submitted within 21 days."", ""There is a 21-day filing window."", ""The traveler must submit any baggage delay claim within 21 days.""]"
travel_09,rolling_summary,3,15,After how many hours was the suitcase delivered to the hotel?,F7,I don't know,"[""52 hours"", ""The bag was delivered after 52 hours."", ""The suitcase was eventually delivered to the hotel after 52 hours.""]"
travel_09,rolling_summary,3,20,What report did the airline issue at the airport?,F6,The airline issued a Property Irregularity Report at the airport.,"[""A Property Irregularity Report"", ""The airline issued a Property Irregularity Report."", ""The airline issued a Property Irregularity Report at the airport.""]"
travel_09,rolling_summary,3,25,How much did the traveler spend on replacement clothing and toiletries?,F8,I don't know,"[""210 euros"", ""The traveler spent 210 euros."", ""The traveler spent 210 euros on replacement clothing and toiletries.""]"
travel_09,rolling_summary,4,5,Which city was the final destination on the itinerary?,F1,Spain,"[""Madrid"", ""The itinerary ended in Madrid."", ""The trip was booked on a single itinerary from Toronto to Madrid via Lisbon.""]"
travel_09,rolling_summary,4,10,Within how many days must the traveler submit a baggage delay claim?,F3,I don't know,"[""The claim must be submitted within 21 days."", ""There is a 21-day filing window."", ""The traveler must submit any baggage delay claim within 21 days.""]"
travel_09,rolling_summary,4,15,After how many hours was the suitcase delivered to the hotel?,F7,I don't know,"[""52 hours"", ""The bag was delivered after 52 hours."", ""The suitcase was eventually delivered to the hotel after 52 hours.""]"
travel_09,rolling_summary,4,20,What report did the airline issue at the airport?,F6,A Property Irregularity Report (PIR) with a reference number.,"[""A Property Irregularity Report"", ""The airline issued a Property Irregularity Report."", ""The airline issued a Property Irregularity Report at the airport.""]"
travel_09,rolling_summary,4,25,How much did the traveler spend on replacement clothing and toiletries?,F8,I don't know,"[""210 euros"", ""The traveler spent 210 euros."", ""The traveler spent 210 euros on replacement clothing and toiletries.""]"
travel_09,hierarchical,0,5,Which city was the final destination on the itinerary?,F1,Spain was the final destination on the itinerary.,"[""Madrid"", ""The itinerary ended in Madrid."", ""The trip was booked on a single itinerary from Toronto to Madrid via Lisbon.""]"
travel_09,hierarchical,0,10,Within how many days must the traveler submit a baggage delay claim?,F3,Within 21 days from the date the baggage was made available to submit a delayed baggage claim.,"[""The claim must be submitted within 21 days."", ""There is a 21-day filing window."", ""The traveler must submit any baggage delay claim within 21 days.""]"
travel_09,hierarchical,0,15,After how many hours was the suitcase delivered to the hotel?,F7,The suitcase was delivered after more than 48 hours (over two days) from arrival.,"[""52 hours"", ""The bag was delivered after 52 hours."", ""The suitcase was eventually delivered to the hotel after 52 hours.""]"
travel_09,hierarchical,0,20,What report did the airline issue at the airport?,F6,Property Irregularity Report (PIR),"[""A Property Irregularity Report"", ""The airline issued a Property Irregularity Report."", ""The airline issued a Property Irregularity Report at the airport.""]"
travel_09,hierarchical,0,25,How much did the traveler spend on replacement clothing and toiletries?,F8,I don't know,"[""210 euros"", ""The traveler spent 210 euros."", ""The traveler spent 210 euros on replacement clothing and toiletries.""]"
travel_09,hierarchical,1,5,Which city was the final destination on the itinerary?,F1,The final destination on the itinerary was Spain.,"[""Madrid"", ""The itinerary ended in Madrid."", ""The trip was booked on a single itinerary from Toronto to Madrid via Lisbon.""]"
travel_09,hierarchical,1,10,Within how many days must the traveler submit a baggage delay claim?,F3,I don't know,"[""The claim must be submitted within 21 days."", ""There is a 21-day filing window."", ""The traveler must submit any baggage delay claim within 21 days.""]"
travel_09,hierarchical,1,15,After how many hours was the suitcase delivered to the hotel?,F7,I don't know,"[""52 hours"", ""The bag was delivered after 52 hours."", ""The suitcase was eventually delivered to the hotel after 52 hours.""]"
travel_09,hierarchical,1,20,What report did the airline issue at the airport?,F6,Property Irregularity Report (PIR),"[""A Property Irregularity Report"", ""The airline issued a Property Irregularity Report."", ""The airline issued a Property Irregularity Report at the airport.""]"
travel_09,hierarchical,1,25,How much did the traveler spend on replacement clothing and toiletries?,F8,I don't know,"[""210 euros"", ""The traveler spent 210 euros."", ""The traveler spent 210 euros on replacement clothing and toiletries.""]"
travel_09,hierarchical,2,5,Which city was the final destination on the itinerary?,F1,Spain,"[""Madrid"", ""The itinerary ended in Madrid."", ""The trip was booked on a single itinerary from Toronto to Madrid via Lisbon.""]"
travel_09,hierarchical,2,10,Within how many days must the traveler submit a baggage delay claim?,F3,I don't know,"[""The claim must be submitted within 21 days."", ""There is a 21-day filing window."", ""The traveler must submit any baggage delay claim within 21 days.""]"
travel_09,hierarchical,2,15,After how many hours was the suitcase delivered to the hotel?,F7,I don't know,"[""52 hours"", ""The bag was delivered after 52 hours."", ""The suitcase was eventually delivered to the hotel after 52 hours.""]"
travel_09,hierarchical,2,20,What report did the airline issue at the airport?,F6,Property Irregularity Report (reference number),"[""A Property Irregularity Report"", ""The airline issued a Property Irregularity Report."", ""The airline issued a Property Irregularity Report at the airport.""]"
travel_09,hierarchical,2,25,How much did the traveler spend on replacement clothing and toiletries?,F8,I don't know,"[""210 euros"", ""The traveler spent 210 euros."", ""The traveler spent 210 euros on replacement clothing and toiletries.""]"
travel_09,hierarchical,3,5,Which city was the final destination on the itinerary?,F1,Spain,"[""Madrid"", ""The itinerary ended in Madrid."", ""The trip was booked on a single itinerary from Toronto to Madrid via Lisbon.""]"
travel_09,hierarchical,3,10,Within how many days must the traveler submit a baggage delay claim?,F3,I don't know,"[""The claim must be submitted within 21 days."", ""There is a 21-day filing window."", ""The traveler must submit any baggage delay claim within 21 days.""]"
travel_09,hierarchical,3,15,After how many hours was the suitcase delivered to the hotel?,F7,"More than 48 hours after the flight, as the suitcase arrived two days late.","[""52 hours"", ""The bag was delivered after 52 hours."", ""The suitcase was eventually delivered to the hotel after 52 hours.""]"
travel_09,hierarchical,3,20,What report did the airline issue at the airport?,F6,Property Irregularity Report was issued by the airline at the airport.,"[""A Property Irregularity Report"", ""The airline issued a Property Irregularity Report."", ""The airline issued a Property Irregularity Report at the airport.""]"
travel_09,hierarchical,3,25,How much did the traveler spend on replacement clothing and toiletries?,F8,I don't know,"[""210 euros"", ""The traveler spent 210 euros."", ""The traveler spent 210 euros on replacement clothing and toiletries.""]"
travel_09,hierarchical,4,5,Which city was the final destination on the itinerary?,F1,Spain,"[""Madrid"", ""The itinerary ended in Madrid."", ""The trip was booked on a single itinerary from Toronto to Madrid via Lisbon.""]"
travel_09,hierarchical,4,10,Within how many days must the traveler submit a baggage delay claim?,F3,Within 21 days from the date the baggage was made available to the traveler.,"[""The claim must be submitted within 21 days."", ""There is a 21-day filing window."", ""The traveler must submit any baggage delay claim within 21 days.""]"
travel_09,hierarchical,4,15,After how many hours was the suitcase delivered to the hotel?,F7,The suitcase was delivered after more than 48 hours (over two days) delay.,"[""52 hours"", ""The bag was delivered after 52 hours."", ""The suitcase was eventually delivered to the hotel after 52 hours.""]"
travel_09,hierarchical,4,20,What report did the airline issue at the airport?,F6,Property Irregularity Report (PIR),"[""A Property Irregularity Report"", ""The airline issued a Property Irregularity Report."", ""The airline issued a Property Irregularity Report at the airport.""]"
travel_09,hierarchical,4,25,How much did the traveler spend on replacement clothing and toiletries?,F8,I don't know,"[""210 euros"", ""The traveler spent 210 euros."", ""The traveler spent 210 euros on replacement clothing and toiletries.""]"
travel_09,rag,0,5,Which city was the final destination on the itinerary?,F1,Spain,"[""Madrid"", ""The itinerary ended in Madrid."", ""The trip was booked on a single itinerary from Toronto to Madrid via Lisbon.""]"
travel_09,rag,0,10,Within how many days must the traveler submit a baggage delay claim?,F3,I don't know,"[""The claim must be submitted within 21 days."", ""There is a 21-day filing window."", ""The traveler must submit any baggage delay claim within 21 days.""]"
travel_09,rag,0,15,After how many hours was the suitcase delivered to the hotel?,F7,More than 48 hours after the suitcase was first lost.,"[""52 hours"", ""The bag was delivered after 52 hours."", ""The suitcase was eventually delivered to the hotel after 52 hours.""]"
travel_09,rag,0,20,What report did the airline issue at the airport?,F6,A written property irregularity report (PIR).,"[""A Property Irregularity Report"", ""The airline issued a Property Irregularity Report."", ""The airline issued a Property Irregularity Report at the airport.""]"
travel_09,rag,0,25,How much did the traveler spend on replacement clothing and toiletries?,F8,I don't know,"[""210 euros"", ""The traveler spent 210 euros."", ""The traveler spent 210 euros on replacement clothing and toiletries.""]"
travel_09,rag,1,5,Which city was the final destination on the itinerary?,F1,The final destination on the itinerary was Spain.,"[""Madrid"", ""The itinerary ended in Madrid."", ""The trip was booked on a single itinerary from Toronto to Madrid via Lisbon.""]"
travel_09,rag,1,10,Within how many days must the traveler submit a baggage delay claim?,F3,I don't know,"[""The claim must be submitted within 21 days."", ""There is a 21-day filing window."", ""The traveler must submit any baggage delay claim within 21 days.""]"
travel_09,rag,1,15,After how many hours was the suitcase delivered to the hotel?,F7,More than 48 hours after the suitcase was initially lost.,"[""52 hours"", ""The bag was delivered after 52 hours."", ""The suitcase was eventually delivered to the hotel after 52 hours.""]"
travel_09,rag,1,20,What report did the airline issue at the airport?,F6,The airline issued a reference number at the airport desk immediately after arrival.,"[""A Property Irregularity Report"", ""The airline issued a Property Irregularity Report."", ""The airline issued a Property Irregularity Report at the airport.""]"
travel_09,rag,1,25,How much did the traveler spend on replacement clothing and toiletries?,F8,I don't know,"[""210 euros"", ""The traveler spent 210 euros."", ""The traveler spent 210 euros on replacement clothing and toiletries.""]"
travel_09,rag,2,5,Which city was the final destination on the itinerary?,F1,Spain was the final destination on the itinerary.,"[""Madrid"", ""The itinerary ended in Madrid."", ""The trip was booked on a single itinerary from Toronto to Madrid via Lisbon.""]"
travel_09,rag,2,10,Within how many days must the traveler submit a baggage delay claim?,F3,Within 21 days from the date the baggage was made available to the traveler.,"[""The claim must be submitted within 21 days."", ""There is a 21-day filing window."", ""The traveler must submit any baggage delay claim within 21 days.""]"
travel_09,rag,2,15,After how many hours was the suitcase delivered to the hotel?,F7,More than 48 hours.,"[""52 hours"", ""The bag was delivered after 52 hours."", ""The suitcase was eventually delivered to the hotel after 52 hours.""]"
travel_09,rag,2,20,What report did the airline issue at the airport?,F6,The airline issued a reference number at the airport.,"[""A Property Irregularity Report"", ""The airline issued a Property Irregularity Report."", ""The airline issued a Property Irregularity Report at the airport.""]"
travel_09,rag,2,25,How much did the traveler spend on replacement clothing and toiletries?,F8,I don't know,"[""210 euros"", ""The traveler spent 210 euros."", ""The traveler spent 210 euros on replacement clothing and toiletries.""]"
travel_09,rag,3,5,Which city was the final destination on the itinerary?,F1,Spain,"[""Madrid"", ""The itinerary ended in Madrid."", ""The trip was booked on a single itinerary from Toronto to Madrid via Lisbon.""]"
travel_09,rag,3,10,Within how many days must the traveler submit a baggage delay claim?,F3,I don't know,"[""The claim must be submitted within 21 days."", ""There is a 21-day filing window."", ""The traveler must submit any baggage delay claim within 21 days.""]"
travel_09,rag,3,15,After how many hours was the suitcase delivered to the hotel?,F7,More than 48 hours (over two days).,"[""52 hours"", ""The bag was delivered after 52 hours."", ""The suitcase was eventually delivered to the hotel after 52 hours.""]"
travel_09,rag,3,20,What report did the airline issue at the airport?,F6,A reference number was issued immediately after arrival at the airport.,"[""A Property Irregularity Report"", ""The airline issued a Property Irregularity Report."", ""The airline issued a Property Irregularity Report at the airport.""]"
travel_09,rag,3,25,How much did the traveler spend on replacement clothing and toiletries?,F8,I don't know,"[""210 euros"", ""The traveler spent 210 euros."", ""The traveler spent 210 euros on replacement clothing and toiletries.""]"
travel_09,rag,4,5,Which city was the final destination on the itinerary?,F1,"The final destination city on the itinerary was Madrid, Spain.","[""Madrid"", ""The itinerary ended in Madrid."", ""The trip was booked on a single itinerary from Toronto to Madrid via Lisbon.""]"
travel_09,rag,4,10,Within how many days must the traveler submit a baggage delay claim?,F3,I don't know,"[""The claim must be submitted within 21 days."", ""There is a 21-day filing window."", ""The traveler must submit any baggage delay claim within 21 days.""]"
travel_09,rag,4,15,After how many hours was the suitcase delivered to the hotel?,F7,More than 48 hours (more than two days).,"[""52 hours"", ""The bag was delivered after 52 hours."", ""The suitcase was eventually delivered to the hotel after 52 hours.""]"
travel_09,rag,4,20,What report did the airline issue at the airport?,F6,A Property Irregularity Report (PIR).,"[""A Property Irregularity Report"", ""The airline issued a Property Irregularity Report."", ""The airline issued a Property Irregularity Report at the airport.""]"
travel_09,rag,4,25,How much did the traveler spend on replacement clothing and toiletries?,F8,I don't know,"[""210 euros"", ""The traveler spent 210 euros."", ""The traveler spent 210 euros on replacement clothing and toiletries.""]"
travel_10,baseline,0,5,Which city was the final destination on the ticket?,F1,I don't know,"[""Athens"", ""The itinerary ended in Athens."", ""The passenger flew from New York to Athens via Paris on one ticket.""]"
travel_10,baseline,0,10,What must the passenger use to submit claims?,F4,The passenger must submit a written claim (letter or email) to the airline’s baggage claim department.,"[""The web portal"", ""Claims must be submitted through the airline web portal."", ""The passenger cannot submit claims by phone and must use the web portal.""]"
travel_10,baseline,0,15,On which day was the missing suitcase located and returned?,F7,I don't know,"[""Eight days"", ""The suitcase was returned on the eighth day."", ""The missing suitcase was located and returned on the eighth day.""]"
travel_10,baseline,0,20,How long did airport staff advise waiting before treating the bag as potentially lost?,F6,"Several days, as advised by the baggage service desk before escalating the issue.","[""5 days"", ""Airport staff advised waiting 5 days."", ""Airport staff advised waiting 5 days before treating the bag as potentially lost.""]"
travel_10,baseline,0,25,How much did the passenger purchase of replacement items during the delay?,F8,I don't know,"[""340 dollars"", ""The passenger spent 340 dollars."", ""The passenger purchased 340 dollars of replacement items during the delay.""]"
travel_10,baseline,1,5,Which city was the final destination on the ticket?,F1,I don't know,"[""Athens"", ""The itinerary ended in Athens."", ""The passenger flew from New York to Athens via Paris on one ticket.""]"
travel_10,baseline,1,10,What must the passenger use to submit claims?,F4,A formal written claim to the airline's baggage claims department.,"[""The web portal"", ""Claims must be submitted through the airline web portal."", ""The passenger cannot submit claims by phone and must use the web portal.""]"
travel_10,baseline,1,15,On which day was the missing suitcase located and returned?,F7,I don't know,"[""Eight days"", ""The suitcase was returned on the eighth day."", ""The missing suitcase was located and returned on the eighth day.""]"
travel_10,baseline,1,20,How long did airport staff advise waiting before treating the bag as potentially lost?,F6,Several days before escalating the matter or treating the bag as potentially lost.,"[""5 days"", ""Airport staff advised waiting 5 days."", ""Airport staff advised waiting 5 days before treating the bag as potentially lost.""]"
travel_10,baseline,1,25,How much did the passenger purchase of replacement items during the delay?,F8,I don't know,"[""340 dollars"", ""The passenger spent 340 dollars."", ""The passenger purchased 340 dollars of replacement items during the delay.""]"
travel_10,baseline,2,5,Which city was the final destination on the ticket?,F1,I don't know,"[""Athens"", ""The itinerary ended in Athens."", ""The passenger flew from New York to Athens via Paris on one ticket.""]"
travel_10,baseline,2,10,What must the passenger use to submit claims?,F4,A formal claim letter or the airline’s online claim form must be used to submit claims.,"[""The web portal"", ""Claims must be submitted through the airline web portal."", ""The passenger cannot submit claims by phone and must use the web portal.""]"
travel_10,baseline,2,15,On which day was the missing suitcase located and returned?,F7,I don't know,"[""Eight days"", ""The suitcase was returned on the eighth day."", ""The missing suitcase was located and returned on the eighth day.""]"
travel_10,baseline,2,20,How long did airport staff advise waiting before treating the bag as potentially lost?,F6,Several days before escalating the matter further.,"[""5 days"", ""Airport staff advised waiting 5 days."", ""Airport staff advised waiting 5 days before treating the bag as potentially lost.""]"
travel_10,baseline,2,25,How much did the passenger purchase of replacement items during the delay?,F8,I don't know,"[""340 dollars"", ""The passenger spent 340 dollars."", ""The passenger purchased 340 dollars of replacement items during the delay.""]"
travel_10,baseline,3,5,Which city was the final destination on the ticket?,F1,I don't know,"[""Athens"", ""The itinerary ended in Athens."", ""The passenger flew from New York to Athens via Paris on one ticket.""]"
travel_10,baseline,3,10,What must the passenger use to submit claims?,F4,In writing; phone support cannot process reimbursement claims directly.,"[""The web portal"", ""Claims must be submitted through the airline web portal."", ""The passenger cannot submit claims by phone and must use the web portal.""]"
travel_10,baseline,3,15,On which day was the missing suitcase located and returned?,F7,I don't know,"[""Eight days"", ""The suitcase was returned on the eighth day."", ""The missing suitcase was located and returned on the eighth day.""]"
travel_10,baseline,3,20,How long did airport staff advise waiting before treating the bag as potentially lost?,F6,Several days before escalating the matter further.,"[""5 days"", ""Airport staff advised waiting 5 days."", ""Airport staff advised waiting 5 days before treating the bag as potentially lost.""]"
travel_10,baseline,3,25,How much did the passenger purchase of replacement items during the delay?,F8,I don't know,"[""340 dollars"", ""The passenger spent 340 dollars."", ""The passenger purchased 340 dollars of replacement items during the delay.""]"
travel_10,baseline,4,5,Which city was the final destination on the ticket?,F1,I don't know,"[""Athens"", ""The itinerary ended in Athens."", ""The passenger flew from New York to Athens via Paris on one ticket.""]"
travel_10,baseline,4,10,What must the passenger use to submit claims?,F4,The passenger must use the airline’s official online form or written claim process to submit claims.,"[""The web portal"", ""Claims must be submitted through the airline web portal."", ""The passenger cannot submit claims by phone and must use the web portal.""]"
travel_10,baseline,4,15,On which day was the missing suitcase located and returned?,F7,I don't know,"[""Eight days"", ""The suitcase was returned on the eighth day."", ""The missing suitcase was located and returned on the eighth day.""]"
travel_10,baseline,4,20,How long did airport staff advise waiting before treating the bag as potentially lost?,F6,They advised waiting several days before escalating the matter.,"[""5 days"", ""Airport staff advised waiting 5 days."", ""Airport staff advised waiting 5 days before treating the bag as potentially lost.""]"
travel_10,baseline,4,25,How much did the passenger purchase of replacement items during the delay?,F8,I don't know,"[""340 dollars"", ""The passenger spent 340 dollars."", ""The passenger purchased 340 dollars of replacement items during the delay.""]"
travel_10,rolling_summary,0,5,Which city was the final destination on the ticket?,F1,I don't know,"[""Athens"", ""The itinerary ended in Athens."", ""The passenger flew from New York to Athens via Paris on one ticket.""]"
travel_10,rolling_summary,0,10,What must the passenger use to submit claims?,F4,"Provide the Property Irregularity Report (PIR), purchase receipts, and a detailed list of luggage contents to submit claims.","[""The web portal"", ""Claims must be submitted through the airline web portal."", ""The passenger cannot submit claims by phone and must use the web portal.""]"
travel_10,rolling_summary,0,15,On which day was the missing suitcase located and returned?,F7,I don't know,"[""Eight days"", ""The suitcase was returned on the eighth day."", ""The missing suitcase was located and returned on the eighth day.""]"
travel_10,rolling_summary,0,20,How long did airport staff advise waiting before treating the bag as potentially lost?,F6,I don't know,"[""5 days"", ""Airport staff advised waiting 5 days."", ""Airport staff advised waiting 5 days before treating the bag as potentially lost.""]"
travel_10,rolling_summary,0,25,How much did the passenger purchase of replacement items during the delay?,F8,I don't know,"[""340 dollars"", ""The passenger spent 340 dollars."", ""The passenger purchased 340 dollars of replacement items during the delay.""]"
travel_10,rolling_summary,1,5,Which city was the final destination on the ticket?,F1,I don't know,"[""Athens"", ""The itinerary ended in Athens."", ""The passenger flew from New York to Athens via Paris on one ticket.""]"
travel_10,rolling_summary,1,10,What must the passenger use to submit claims?,F4,The passenger must use the airline’s claim form online or by mail with supporting documents.,"[""The web portal"", ""Claims must be submitted through the airline web portal."", ""The passenger cannot submit claims by phone and must use the web portal.""]"
travel_10,rolling_summary,1,15,On which day was the missing suitcase located and returned?,F7,I don't know,"[""Eight days"", ""The suitcase was returned on the eighth day."", ""The missing suitcase was located and returned on the eighth day.""]"
travel_10,rolling_summary,1,20,How long did airport staff advise waiting before treating the bag as potentially lost?,F6,I don't know,"[""5 days"", ""Airport staff advised waiting 5 days."", ""Airport staff advised waiting 5 days before treating the bag as potentially lost.""]"
travel_10,rolling_summary,1,25,How much did the passenger purchase of replacement items during the delay?,F8,I don't know,"[""340 dollars"", ""The passenger spent 340 dollars."", ""The passenger purchased 340 dollars of replacement items during the delay.""]"
travel_10,rolling_summary,2,5,Which city was the final destination on the ticket?,F1,I don't know,"[""Athens"", ""The itinerary ended in Athens."", ""The passenger flew from New York to Athens via Paris on one ticket.""]"
travel_10,rolling_summary,2,10,What must the passenger use to submit claims?,F4,Email or certified mail to the airline’s customer service or baggage claims department.,"[""The web portal"", ""Claims must be submitted through the airline web portal."", ""The passenger cannot submit claims by phone and must use the web portal.""]"
travel_10,rolling_summary,2,15,On which day was the missing suitcase located and returned?,F7,I don't know,"[""Eight days"", ""The suitcase was returned on the eighth day."", ""The missing suitcase was located and returned on the eighth day.""]"
travel_10,rolling_summary,2,20,How long did airport staff advise waiting before treating the bag as potentially lost?,F6,I don't know,"[""5 days"", ""Airport staff advised waiting 5 days."", ""Airport staff advised waiting 5 days before treating the bag as potentially lost.""]"
travel_10,rolling_summary,2,25,How much did the passenger purchase of replacement items during the delay?,F8,I don't know,"[""340 dollars"", ""The passenger spent 340 dollars."", ""The passenger purchased 340 dollars of replacement items during the delay.""]"
travel_10,rolling_summary,3,5,Which city was the final destination on the ticket?,F1,I don't know,"[""Athens"", ""The itinerary ended in Athens."", ""The passenger flew from New York to Athens via Paris on one ticket.""]"
travel_10,rolling_summary,3,10,What must the passenger use to submit claims?,F4,"Flight details, PIR number, description of items, approximate value, receipts, and a formal compensation request.","[""The web portal"", ""Claims must be submitted through the airline web portal."", ""The passenger cannot submit claims by phone and must use the web portal.""]"
travel_10,rolling_summary,3,15,On which day was the missing suitcase located and returned?,F7,I don't know,"[""Eight days"", ""The suitcase was returned on the eighth day."", ""The missing suitcase was located and returned on the eighth day.""]"
travel_10,rolling_summary,3,20,How long did airport staff advise waiting before treating the bag as potentially lost?,F6,I don't know,"[""5 days"", ""Airport staff advised waiting 5 days."", ""Airport staff advised waiting 5 days before treating the bag as potentially lost.""]"
travel_10,rolling_summary,3,25,How much did the passenger purchase of replacement items during the delay?,F8,I don't know,"[""340 dollars"", ""The passenger spent 340 dollars."", ""The passenger purchased 340 dollars of replacement items during the delay.""]"
travel_10,rolling_summary,4,5,Which city was the final destination on the ticket?,F1,I don't know,"[""Athens"", ""The itinerary ended in Athens."", ""The passenger flew from New York to Athens via Paris on one ticket.""]"
travel_10,rolling_summary,4,10,What must the passenger use to submit claims?,F4,Online or written customer service channels must be used to submit reimbursement claims.,"[""The web portal"", ""Claims must be submitted through the airline web portal."", ""The passenger cannot submit claims by phone and must use the web portal.""]"
travel_10,rolling_summary,4,15,On which day was the missing suitcase located and returned?,F7,I don't know,"[""Eight days"", ""The suitcase was returned on the eighth day."", ""The missing suitcase was located and returned on the eighth day.""]"
travel_10,rolling_summary,4,20,How long did airport staff advise waiting before treating the bag as potentially lost?,F6,I don't know,"[""5 days"", ""Airport staff advised waiting 5 days."", ""Airport staff advised waiting 5 days before treating the bag as potentially lost.""]"
travel_10,rolling_summary,4,25,How much did the passenger purchase of replacement items during the delay?,F8,I don't know,"[""340 dollars"", ""The passenger spent 340 dollars."", ""The passenger purchased 340 dollars of replacement items during the delay.""]"
travel_10,hierarchical,0,5,Which city was the final destination on the ticket?,F1,I don't know,"[""Athens"", ""The itinerary ended in Athens."", ""The passenger flew from New York to Athens via Paris on one ticket.""]"
travel_10,hierarchical,0,10,What must the passenger use to submit claims?,F4,The passenger must submit claims through the airline’s official customer service channels online or by mail.,"[""The web portal"", ""Claims must be submitted through the airline web portal."", ""The passenger cannot submit claims by phone and must use the web portal.""]"
travel_10,hierarchical,0,15,On which day was the missing suitcase located and returned?,F7,The exact day the missing suitcase was returned is not specified in the conversation history.,"[""Eight days"", ""The suitcase was returned on the eighth day."", ""The missing suitcase was located and returned on the eighth day.""]"
travel_10,hierarchical,0,20,How long did airport staff advise waiting before treating the bag as potentially lost?,F6,Several days were advised to wait before escalating or treating the bag as potentially lost.,"[""5 days"", ""Airport staff advised waiting 5 days."", ""Airport staff advised waiting 5 days before treating the bag as potentially lost.""]"
travel_10,hierarchical,0,25,How much did the passenger purchase of replacement items during the delay?,F8,I don't know the exact amount spent on replacement items during the luggage delay.,"[""340 dollars"", ""The passenger spent 340 dollars."", ""The passenger purchased 340 dollars of replacement items during the delay.""]"
travel_10,hierarchical,1,5,Which city was the final destination on the ticket?,F1,I don't know,"[""Athens"", ""The itinerary ended in Athens."", ""The passenger flew from New York to Athens via Paris on one ticket.""]"
travel_10,hierarchical,1,10,What must the passenger use to submit claims?,F4,"Passenger must submit claims through the airline's official written claims process, not by phone.","[""The web portal"", ""Claims must be submitted through the airline web portal."", ""The passenger cannot submit claims by phone and must use the web portal.""]"
travel_10,hierarchical,1,15,On which day was the missing suitcase located and returned?,F7,I don't know the exact day the missing suitcase was located and returned.,"[""Eight days"", ""The suitcase was returned on the eighth day."", ""The missing suitcase was located and returned on the eighth day.""]"
travel_10,hierarchical,1,20,How long did airport staff advise waiting before treating the bag as potentially lost?,F6,Several days before escalating the matter further.,"[""5 days"", ""Airport staff advised waiting 5 days."", ""Airport staff advised waiting 5 days before treating the bag as potentially lost.""]"
travel_10,hierarchical,1,25,How much did the passenger purchase of replacement items during the delay?,F8,I don't know,"[""340 dollars"", ""The passenger spent 340 dollars."", ""The passenger purchased 340 dollars of replacement items during the delay.""]"
travel_10,hierarchical,2,5,Which city was the final destination on the ticket?,F1,I don't know,"[""Athens"", ""The itinerary ended in Athens."", ""The passenger flew from New York to Athens via Paris on one ticket.""]"
travel_10,hierarchical,2,10,What must the passenger use to submit claims?,F4,"A written claim including PIR number, flight and luggage details, items list, and receipts must be submitted.","[""The web portal"", ""Claims must be submitted through the airline web portal."", ""The passenger cannot submit claims by phone and must use the web portal.""]"
travel_10,hierarchical,2,15,On which day was the missing suitcase located and returned?,F7,I don't know,"[""Eight days"", ""The suitcase was returned on the eighth day."", ""The missing suitcase was located and returned on the eighth day.""]"
travel_10,hierarchical,2,20,How long did airport staff advise waiting before treating the bag as potentially lost?,F6,Several days were advised by airport staff to wait before escalating the bag as potentially lost.,"[""5 days"", ""Airport staff advised waiting 5 days."", ""Airport staff advised waiting 5 days before treating the bag as potentially lost.""]"
travel_10,hierarchical,2,25,How much did the passenger purchase of replacement items during the delay?,F8,I don't know,"[""340 dollars"", ""The passenger spent 340 dollars."", ""The passenger purchased 340 dollars of replacement items during the delay.""]"
travel_10,hierarchical,3,5,Which city was the final destination on the ticket?,F1,I don't know,"[""Athens"", ""The itinerary ended in Athens."", ""The passenger flew from New York to Athens via Paris on one ticket.""]"
travel_10,hierarchical,3,10,What must the passenger use to submit claims?,F4,A formal written claim submitted to the airline’s customer service or baggage claims department.,"[""The web portal"", ""Claims must be submitted through the airline web portal."", ""The passenger cannot submit claims by phone and must use the web portal.""]"
travel_10,hierarchical,3,15,On which day was the missing suitcase located and returned?,F7,I don't know the exact day the suitcase was located and returned.,"[""Eight days"", ""The suitcase was returned on the eighth day."", ""The missing suitcase was located and returned on the eighth day.""]"
travel_10,hierarchical,3,20,How long did airport staff advise waiting before treating the bag as potentially lost?,F6,Several days before escalating the matter further or treating the bag as potentially lost.,"[""5 days"", ""Airport staff advised waiting 5 days."", ""Airport staff advised waiting 5 days before treating the bag as potentially lost.""]"
travel_10,hierarchical,3,25,How much did the passenger purchase of replacement items during the delay?,F8,I don't know,"[""340 dollars"", ""The passenger spent 340 dollars."", ""The passenger purchased 340 dollars of replacement items during the delay.""]"
travel_10,hierarchical,4,5,Which city was the final destination on the ticket?,F1,I don't know,"[""Athens"", ""The itinerary ended in Athens."", ""The passenger flew from New York to Athens via Paris on one ticket.""]"
travel_10,hierarchical,4,10,What must the passenger use to submit claims?,F4,The passenger must use the airline’s official claims portal or submit a written claim to request reimbursement.,"[""The web portal"", ""Claims must be submitted through the airline web portal."", ""The passenger cannot submit claims by phone and must use the web portal.""]"
travel_10,hierarchical,4,15,On which day was the missing suitcase located and returned?,F7,I don't know,"[""Eight days"", ""The suitcase was returned on the eighth day."", ""The missing suitcase was located and returned on the eighth day.""]"
travel_10,hierarchical,4,20,How long did airport staff advise waiting before treating the bag as potentially lost?,F6,Several days before escalating the matter further.,"[""5 days"", ""Airport staff advised waiting 5 days."", ""Airport staff advised waiting 5 days before treating the bag as potentially lost.""]"
travel_10,hierarchical,4,25,How much did the passenger purchase of replacement items during the delay?,F8,I don't know the exact amount spent on replacement items during the delay.,"[""340 dollars"", ""The passenger spent 340 dollars."", ""The passenger purchased 340 dollars of replacement items during the delay.""]"
travel_10,rag,0,5,Which city was the final destination on the ticket?,F1,Montreal was the final destination on the ticket.,"[""Athens"", ""The itinerary ended in Athens."", ""The passenger flew from New York to Athens via Paris on one ticket.""]"
travel_10,rag,0,10,What must the passenger use to submit claims?,F4,A detailed claim letter or the airline’s official claim form must be used to submit claims.,"[""The web portal"", ""Claims must be submitted through the airline web portal."", ""The passenger cannot submit claims by phone and must use the web portal.""]"
travel_10,rag,0,15,On which day was the missing suitcase located and returned?,F7,I don't know,"[""Eight days"", ""The suitcase was returned on the eighth day."", ""The missing suitcase was located and returned on the eighth day.""]"
travel_10,rag,0,20,How long did airport staff advise waiting before treating the bag as potentially lost?,F6,Several days were advised to wait before escalating the issue of the missing suitcase.,"[""5 days"", ""Airport staff advised waiting 5 days."", ""Airport staff advised waiting 5 days before treating the bag as potentially lost.""]"
travel_10,rag,0,25,How much did the passenger purchase of replacement items during the delay?,F8,I don't know,"[""340 dollars"", ""The passenger spent 340 dollars."", ""The passenger purchased 340 dollars of replacement items during the delay.""]"
travel_10,rag,1,5,Which city was the final destination on the ticket?,F1,Montreal was the final destination on the ticket.,"[""Athens"", ""The itinerary ended in Athens."", ""The passenger flew from New York to Athens via Paris on one ticket.""]"
travel_10,rag,1,10,What must the passenger use to submit claims?,F4,A formal written claim submitted to the airline’s baggage claims department.,"[""The web portal"", ""Claims must be submitted through the airline web portal."", ""The passenger cannot submit claims by phone and must use the web portal.""]"
travel_10,rag,1,15,On which day was the missing suitcase located and returned?,F7,I don't know,"[""Eight days"", ""The suitcase was returned on the eighth day."", ""The missing suitcase was located and returned on the eighth day.""]"
travel_10,rag,1,20,How long did airport staff advise waiting before treating the bag as potentially lost?,F6,"Several days before escalating the matter further, as bags are initially treated as delayed.","[""5 days"", ""Airport staff advised waiting 5 days."", ""Airport staff advised waiting 5 days before treating the bag as potentially lost.""]"
travel_10,rag,1,25,How much did the passenger purchase of replacement items during the delay?,F8,I don't know,"[""340 dollars"", ""The passenger spent 340 dollars."", ""The passenger purchased 340 dollars of replacement items during the delay.""]"
travel_10,rag,2,5,Which city was the final destination on the ticket?,F1,Montreal was the final destination on the ticket.,"[""Athens"", ""The itinerary ended in Athens."", ""The passenger flew from New York to Athens via Paris on one ticket.""]"
travel_10,rag,2,10,What must the passenger use to submit claims?,F4,A formal written claim letter or an online claim form must be used to submit reimbursement requests.,"[""The web portal"", ""Claims must be submitted through the airline web portal."", ""The passenger cannot submit claims by phone and must use the web portal.""]"
travel_10,rag,2,15,On which day was the missing suitcase located and returned?,F7,I don't know,"[""Eight days"", ""The suitcase was returned on the eighth day."", ""The missing suitcase was located and returned on the eighth day.""]"
travel_10,rag,2,20,How long did airport staff advise waiting before treating the bag as potentially lost?,F6,They asked to wait several days before escalating baggage as potentially lost.,"[""5 days"", ""Airport staff advised waiting 5 days."", ""Airport staff advised waiting 5 days before treating the bag as potentially lost.""]"
travel_10,rag,2,25,How much did the passenger purchase of replacement items during the delay?,F8,I don't know,"[""340 dollars"", ""The passenger spent 340 dollars."", ""The passenger purchased 340 dollars of replacement items during the delay.""]"
travel_10,rag,3,5,Which city was the final destination on the ticket?,F1,I don't know,"[""Athens"", ""The itinerary ended in Athens."", ""The passenger flew from New York to Athens via Paris on one ticket.""]"
travel_10,rag,3,10,What must the passenger use to submit claims?,F4,"The passenger must submit claims online or via the airline’s official claim form, not by phone.","[""The web portal"", ""Claims must be submitted through the airline web portal."", ""The passenger cannot submit claims by phone and must use the web portal.""]"
travel_10,rag,3,15,On which day was the missing suitcase located and returned?,F7,I don't know,"[""Eight days"", ""The suitcase was returned on the eighth day."", ""The missing suitcase was located and returned on the eighth day.""]"
travel_10,rag,3,20,How long did airport staff advise waiting before treating the bag as potentially lost?,F6,Several days.,"[""5 days"", ""Airport staff advised waiting 5 days."", ""Airport staff advised waiting 5 days before treating the bag as potentially lost.""]"
travel_10,rag,3,25,How much did the passenger purchase of replacement items during the delay?,F8,I don't know,"[""340 dollars"", ""The passenger spent 340 dollars."", ""The passenger purchased 340 dollars of replacement items during the delay.""]"
travel_10,rag,4,5,Which city was the final destination on the ticket?,F1,Montreal was the final destination on the ticket.,"[""Athens"", ""The itinerary ended in Athens."", ""The passenger flew from New York to Athens via Paris on one ticket.""]"
travel_10,rag,4,10,What must the passenger use to submit claims?,F4,"A clear, concise claim letter or the airline’s online claim form must be used to submit claims.","[""The web portal"", ""Claims must be submitted through the airline web portal."", ""The passenger cannot submit claims by phone and must use the web portal.""]"
travel_10,rag,4,15,On which day was the missing suitcase located and returned?,F7,I don't know,"[""Eight days"", ""The suitcase was returned on the eighth day."", ""The missing suitcase was located and returned on the eighth day.""]"
travel_10,rag,4,20,How long did airport staff advise waiting before treating the bag as potentially lost?,F6,Several days were advised before escalating the matter or treating the bag as potentially lost.,"[""5 days"", ""Airport staff advised waiting 5 days."", ""Airport staff advised waiting 5 days before treating the bag as potentially lost.""]"
travel_10,rag,4,25,How much did the passenger purchase of replacement items during the delay?,F8,I don't know,"[""340 dollars"", ""The passenger spent 340 dollars."", ""The passenger purchased 340 dollars of replacement items during the delay.""]"
